-- phpMyAdmin SQL Dump
-- version 5.1.2
-- https://www.phpmyadmin.net/
--
-- Host: localhost:8889
-- Generation Time: Aug 12, 2023 at 11:48 PM
-- Server version: 5.7.24
-- PHP Version: 8.0.1

SET SQL_MODE = "NO_AUTO_VALUE_ON_ZERO";
START TRANSACTION;
SET time_zone = "+00:00";


/*!40101 SET @OLD_CHARACTER_SET_CLIENT=@@CHARACTER_SET_CLIENT */;
/*!40101 SET @OLD_CHARACTER_SET_RESULTS=@@CHARACTER_SET_RESULTS */;
/*!40101 SET @OLD_COLLATION_CONNECTION=@@COLLATION_CONNECTION */;
/*!40101 SET NAMES utf8mb4 */;

--
-- Database: `g4last`
--

-- --------------------------------------------------------

--
-- Table structure for table `c_l_category`
--

DROP TABLE IF EXISTS `c_l_category`;
CREATE TABLE `c_l_category` (
  `sid` int(11) NOT NULL,
  `name` varchar(32) NOT NULL,
  `description` varchar(256) NOT NULL,
  `img` varchar(128) NOT NULL DEFAULT 'lesson-img.jpg',
  `img_base64` varchar(10000) DEFAULT NULL
) ENGINE=InnoDB DEFAULT CHARSET=utf8;

--
-- Dumping data for table `c_l_category`
--

INSERT INTO `c_l_category` (`sid`, `name`, `description`, `img`, `img_base64`) VALUES
(1, '瑜珈流動與冥想課程', '這個課程以流動的瑜伽動作和呼吸練習為基礎，融合了力量、靈活性和平衡。透過連貫的動作流，你將提升身體柔軟度、強化肌肉，同時培養身心的平靜和集中力。', 'yoga-meditation.jpg', 'data:image/jpg;base64,/9j/4AAQSkZJRgABAQEAeAB4AAD/4QAiRXhpZgAATU0AKgAAAAgAAQESAAMAAAABAAEAAAAAAAD/4gHYSUNDX1BST0ZJTEUAAQEAAAHIAAAAAAQwAABtbnRyUkdCIFhZWiAH4AABAAEAAAAAAABhY3NwAAAAAAAAAAAAAAAAAAAAAAAAAAAAAAAAAAAAAQAA9tYAAQAAAADTLQAAAAAAAAAAAAAAAAAAAAAAAAAAAAAAAAAAAAAAAAAAAAAAAAAAAAAAAAAAAAAAAAAAAAlkZXNjAAAA8AAAACRyWFlaAAABFAAAABRnWFlaAAABKAAAABRiWFlaAAABPAAAABR3dHB0AAABUAAAABRyVFJDAAABZAAAAChnVFJDAAABZAAAAChiVFJDAAABZAAAAChjcHJ0AAABjAAAADxtbHVjAAAAAAAAAAEAAAAMZW5VUwAAAAgAAAAcAHMAUgBHAEJYWVogAAAAAAAAb6IAADj1AAADkFhZWiAAAAAAAABimQAAt4UAABjaWFlaIAAAAAAAACSgAAAPhAAAts9YWVogAAAAAAAA9tYAAQAAAADTLXBhcmEAAAAAAAQAAAACZmYAAPKnAAANWQAAE9AAAApbAAAAAAAAAABtbHVjAAAAAAAAAAEAAAAMZW5VUwAAACAAAAAcAEcAbwBvAGcAbABlACAASQBuAGMALgAgADIAMAAxADb/2wBDAAIBAQIBAQICAgICAgICAwUDAwMDAwYEBAMFBwYHBwcGBwcICQsJCAgKCAcHCg0KCgsMDAwMBwkODw0MDgsMDAz/2wBDAQICAgMDAwYDAwYMCAcIDAwMDAwMDAwMDAwMDAwMDAwMDAwMDAwMDAwMDAwMDAwMDAwMDAwMDAwMDAwMDAwMDAz/wAARCAAGAAoDASIAAhEBAxEB/8QAHwAAAQUBAQEBAQEAAAAAAAAAAAECAwQFBgcICQoL/8QAtRAAAgEDAwIEAwUFBAQAAAF9AQIDAAQRBRIhMUEGE1FhByJxFDKBkaEII0KxwRVS0fAkM2JyggkKFhcYGRolJicoKSo0NTY3ODk6Q0RFRkdISUpTVFVWV1hZWmNkZWZnaGlqc3R1dnd4eXqDhIWGh4iJipKTlJWWl5iZmqKjpKWmp6ipqrKztLW2t7i5usLDxMXGx8jJytLT1NXW19jZ2uHi4+Tl5ufo6erx8vP09fb3+Pn6/8QAHwEAAwEBAQEBAQEBAQAAAAAAAAECAwQFBgcICQoL/8QAtREAAgECBAQDBAcFBAQAAQJ3AAECAxEEBSExBhJBUQdhcRMiMoEIFEKRobHBCSMzUvAVYnLRChYkNOEl8RcYGRomJygpKjU2Nzg5OkNERUZHSElKU1RVVldYWVpjZGVmZ2hpanN0dXZ3eHl6goOEhYaHiImKkpOUlZaXmJmaoqOkpaanqKmqsrO0tba3uLm6wsPExcbHyMnK0tPU1dbX2Nna4uPk5ebn6Onq8vP09fb3+Pn6/9oADAMBAAIRAxEAPwCv8Bv2o7r/AIKAahrmi6f4+8bR602rZC6jpX2G3kHnExW081pqAeSFBOxzDHbuxJGVTdG/68fD628efDbwDofh238caXcW+gafBpsUs3h2SaSRYY1jDM8l67sxC5LOzMTyWJySUUYWjTjG0V0TOjFVpzfvO9m18lY//9k='),
(2, '核心強化與腹肌鍛鍊課程', '這個課程專注於鍛煉和加強核心肌群，包括腹肌、腰部和背部肌肉。透過一系列的練習，你將提升核心穩定性、改善姿勢，同時增強身體的力量和平衡能力。', 'core-abdominal.jpg', 'data:image/jpg;base64,/9j/4AAQSkZJRgABAQEAeAB4AAD/4QAiRXhpZgAATU0AKgAAAAgAAQESAAMAAAABAAEAAAAAAAD/4gHYSUNDX1BST0ZJTEUAAQEAAAHIAAAAAAQwAABtbnRyUkdCIFhZWiAH4AABAAEAAAAAAABhY3NwAAAAAAAAAAAAAAAAAAAAAAAAAAAAAAAAAAAAAQAA9tYAAQAAAADTLQAAAAAAAAAAAAAAAAAAAAAAAAAAAAAAAAAAAAAAAAAAAAAAAAAAAAAAAAAAAAAAAAAAAAlkZXNjAAAA8AAAACRyWFlaAAABFAAAABRnWFlaAAABKAAAABRiWFlaAAABPAAAABR3dHB0AAABUAAAABRyVFJDAAABZAAAAChnVFJDAAABZAAAAChiVFJDAAABZAAAAChjcHJ0AAABjAAAADxtbHVjAAAAAAAAAAEAAAAMZW5VUwAAAAgAAAAcAHMAUgBHAEJYWVogAAAAAAAAb6IAADj1AAADkFhZWiAAAAAAAABimQAAt4UAABjaWFlaIAAAAAAAACSgAAAPhAAAts9YWVogAAAAAAAA9tYAAQAAAADTLXBhcmEAAAAAAAQAAAACZmYAAPKnAAANWQAAE9AAAApbAAAAAAAAAABtbHVjAAAAAAAAAAEAAAAMZW5VUwAAACAAAAAcAEcAbwBvAGcAbABlACAASQBuAGMALgAgADIAMAAxADb/2wBDAAIBAQIBAQICAgICAgICAwUDAwMDAwYEBAMFBwYHBwcGBwcICQsJCAgKCAcHCg0KCgsMDAwMBwkODw0MDgsMDAz/2wBDAQICAgMDAwYDAwYMCAcIDAwMDAwMDAwMDAwMDAwMDAwMDAwMDAwMDAwMDAwMDAwMDAwMDAwMDAwMDAwMDAwMDAz/wAARCAAGAAoDASIAAhEBAxEB/8QAHwAAAQUBAQEBAQEAAAAAAAAAAAECAwQFBgcICQoL/8QAtRAAAgEDAwIEAwUFBAQAAAF9AQIDAAQRBRIhMUEGE1FhByJxFDKBkaEII0KxwRVS0fAkM2JyggkKFhcYGRolJicoKSo0NTY3ODk6Q0RFRkdISUpTVFVWV1hZWmNkZWZnaGlqc3R1dnd4eXqDhIWGh4iJipKTlJWWl5iZmqKjpKWmp6ipqrKztLW2t7i5usLDxMXGx8jJytLT1NXW19jZ2uHi4+Tl5ufo6erx8vP09fb3+Pn6/8QAHwEAAwEBAQEBAQEBAQAAAAAAAAECAwQFBgcICQoL/8QAtREAAgECBAQDBAcFBAQAAQJ3AAECAxEEBSExBhJBUQdhcRMiMoEIFEKRobHBCSMzUvAVYnLRChYkNOEl8RcYGRomJygpKjU2Nzg5OkNERUZHSElKU1RVVldYWVpjZGVmZ2hpanN0dXZ3eHl6goOEhYaHiImKkpOUlZaXmJmaoqOkpaanqKmqsrO0tba3uLm6wsPExcbHyMnK0tPU1dbX2Nna4uPk5ebn6Onq8vP09fb3+Pn6/9oADAMBAAIRAxEAPwDzn9mv9uXXvBPiK7vNN03SVvdEaG9lV7SMrOJjKMu5DNIxZV3AeUMSnBzEhP2lrH/BYHWND1e6srrwtZtdWczwTGG7uBGXVirbf3o+XIOOBx2FFFZ4jLcNVqylUhd3637s9jL8wxEMPGMJWVl0XZeR/9k='),
(3, '皮拉提斯體態塑造', '本課程旨在提升身體的姿態和塑造曲線美。透過一系列的皮拉提斯運動和專注呼吸的指導，培養核心肌群的力量、改善身體的平衡和柔軟度。這個課程強調身體的對稱性和對體態的敏感度，幫助調整姿勢並鍛鍊深層肌肉。', 'pilates.jpg', 'data:image/jpg;base64,/9j/4AAQSkZJRgABAQEAeAB4AAD/4QAiRXhpZgAATU0AKgAAAAgAAQESAAMAAAABAAEAAAAAAAD/4gHYSUNDX1BST0ZJTEUAAQEAAAHIAAAAAAQwAABtbnRyUkdCIFhZWiAH4AABAAEAAAAAAABhY3NwAAAAAAAAAAAAAAAAAAAAAAAAAAAAAAAAAAAAAQAA9tYAAQAAAADTLQAAAAAAAAAAAAAAAAAAAAAAAAAAAAAAAAAAAAAAAAAAAAAAAAAAAAAAAAAAAAAAAAAAAAlkZXNjAAAA8AAAACRyWFlaAAABFAAAABRnWFlaAAABKAAAABRiWFlaAAABPAAAABR3dHB0AAABUAAAABRyVFJDAAABZAAAAChnVFJDAAABZAAAAChiVFJDAAABZAAAAChjcHJ0AAABjAAAADxtbHVjAAAAAAAAAAEAAAAMZW5VUwAAAAgAAAAcAHMAUgBHAEJYWVogAAAAAAAAb6IAADj1AAADkFhZWiAAAAAAAABimQAAt4UAABjaWFlaIAAAAAAAACSgAAAPhAAAts9YWVogAAAAAAAA9tYAAQAAAADTLXBhcmEAAAAAAAQAAAACZmYAAPKnAAANWQAAE9AAAApbAAAAAAAAAABtbHVjAAAAAAAAAAEAAAAMZW5VUwAAACAAAAAcAEcAbwBvAGcAbABlACAASQBuAGMALgAgADIAMAAxADb/2wBDAAIBAQIBAQICAgICAgICAwUDAwMDAwYEBAMFBwYHBwcGBwcICQsJCAgKCAcHCg0KCgsMDAwMBwkODw0MDgsMDAz/2wBDAQICAgMDAwYDAwYMCAcIDAwMDAwMDAwMDAwMDAwMDAwMDAwMDAwMDAwMDAwMDAwMDAwMDAwMDAwMDAwMDAwMDAz/wAARCAAGAAoDASIAAhEBAxEB/8QAHwAAAQUBAQEBAQEAAAAAAAAAAAECAwQFBgcICQoL/8QAtRAAAgEDAwIEAwUFBAQAAAF9AQIDAAQRBRIhMUEGE1FhByJxFDKBkaEII0KxwRVS0fAkM2JyggkKFhcYGRolJicoKSo0NTY3ODk6Q0RFRkdISUpTVFVWV1hZWmNkZWZnaGlqc3R1dnd4eXqDhIWGh4iJipKTlJWWl5iZmqKjpKWmp6ipqrKztLW2t7i5usLDxMXGx8jJytLT1NXW19jZ2uHi4+Tl5ufo6erx8vP09fb3+Pn6/8QAHwEAAwEBAQEBAQEBAQAAAAAAAAECAwQFBgcICQoL/8QAtREAAgECBAQDBAcFBAQAAQJ3AAECAxEEBSExBhJBUQdhcRMiMoEIFEKRobHBCSMzUvAVYnLRChYkNOEl8RcYGRomJygpKjU2Nzg5OkNERUZHSElKU1RVVldYWVpjZGVmZ2hpanN0dXZ3eHl6goOEhYaHiImKkpOUlZaXmJmaoqOkpaanqKmqsrO0tba3uLm6wsPExcbHyMnK0tPU1dbX2Nna4uPk5ebn6Onq8vP09fb3+Pn6/9oADAMBAAIRAxEAPwD7K/aD8Y+JvBPxGj8A+IfiB4uW98daw8nh668O21jpq6bawTWnE7iLezr9pjXaoKSxwKreWzSyzWJvgF8V7CZoNJ8eeD7fSoWMdnFceHbiaWKEcRq7m7y7BcAseSeaKK+fxFSSloz6CjTi1qf/2Q=='),
(4, '強化肌力與力量提升課程', '這個課程專注於增強全身肌肉力量與最大肌肉力量的提升，尤其幫助對於遇到力量停滯期與PR瓶頸的你提供個人化的課程規劃與課表安排。', 'muscle-strength.jpg', 'data:image/jpg;base64,/9j/4AAQSkZJRgABAQEAeAB4AAD/4QAiRXhpZgAATU0AKgAAAAgAAQESAAMAAAABAAEAAAAAAAD/4gHYSUNDX1BST0ZJTEUAAQEAAAHIAAAAAAQwAABtbnRyUkdCIFhZWiAH4AABAAEAAAAAAABhY3NwAAAAAAAAAAAAAAAAAAAAAAAAAAAAAAAAAAAAAQAA9tYAAQAAAADTLQAAAAAAAAAAAAAAAAAAAAAAAAAAAAAAAAAAAAAAAAAAAAAAAAAAAAAAAAAAAAAAAAAAAAlkZXNjAAAA8AAAACRyWFlaAAABFAAAABRnWFlaAAABKAAAABRiWFlaAAABPAAAABR3dHB0AAABUAAAABRyVFJDAAABZAAAAChnVFJDAAABZAAAAChiVFJDAAABZAAAAChjcHJ0AAABjAAAADxtbHVjAAAAAAAAAAEAAAAMZW5VUwAAAAgAAAAcAHMAUgBHAEJYWVogAAAAAAAAb6IAADj1AAADkFhZWiAAAAAAAABimQAAt4UAABjaWFlaIAAAAAAAACSgAAAPhAAAts9YWVogAAAAAAAA9tYAAQAAAADTLXBhcmEAAAAAAAQAAAACZmYAAPKnAAANWQAAE9AAAApbAAAAAAAAAABtbHVjAAAAAAAAAAEAAAAMZW5VUwAAACAAAAAcAEcAbwBvAGcAbABlACAASQBuAGMALgAgADIAMAAxADb/2wBDAAIBAQIBAQICAgICAgICAwUDAwMDAwYEBAMFBwYHBwcGBwcICQsJCAgKCAcHCg0KCgsMDAwMBwkODw0MDgsMDAz/2wBDAQICAgMDAwYDAwYMCAcIDAwMDAwMDAwMDAwMDAwMDAwMDAwMDAwMDAwMDAwMDAwMDAwMDAwMDAwMDAwMDAwMDAz/wAARCAAGAAoDASIAAhEBAxEB/8QAHwAAAQUBAQEBAQEAAAAAAAAAAAECAwQFBgcICQoL/8QAtRAAAgEDAwIEAwUFBAQAAAF9AQIDAAQRBRIhMUEGE1FhByJxFDKBkaEII0KxwRVS0fAkM2JyggkKFhcYGRolJicoKSo0NTY3ODk6Q0RFRkdISUpTVFVWV1hZWmNkZWZnaGlqc3R1dnd4eXqDhIWGh4iJipKTlJWWl5iZmqKjpKWmp6ipqrKztLW2t7i5usLDxMXGx8jJytLT1NXW19jZ2uHi4+Tl5ufo6erx8vP09fb3+Pn6/8QAHwEAAwEBAQEBAQEBAQAAAAAAAAECAwQFBgcICQoL/8QAtREAAgECBAQDBAcFBAQAAQJ3AAECAxEEBSExBhJBUQdhcRMiMoEIFEKRobHBCSMzUvAVYnLRChYkNOEl8RcYGRomJygpKjU2Nzg5OkNERUZHSElKU1RVVldYWVpjZGVmZ2hpanN0dXZ3eHl6goOEhYaHiImKkpOUlZaXmJmaoqOkpaanqKmqsrO0tba3uLm6wsPExcbHyMnK0tPU1dbX2Nna4uPk5ebn6Onq8vP09fb3+Pn6/9oADAMBAAIRAxEAPwDwX9iH4yeOPhF+xP8AETxlc+LNSj8J698QLhdZ06JIr7+2EaKWJ7CSKZFZIZEDlp0uA3yRoIuWkr3jSv8AgoP8YPAul22h6XqF1pum6PEtjaWdpr0P2e1hiARI4/M0532KqgDe7NgDLMcklFetTpQjFJLojzKtWcptt9T/2Q=='),
(5, '專業拳擊技巧訓練系列課程', '此系列課程提供全面的拳擊技巧指導，包括拳擊基礎、攻擊和防守、腳步和身體操控，以及戰略和戰術訓練。目標在提高學員的技術、反應速度和身體協調性。', 'boxing-techniques.jpg', 'data:image/jpg;base64,/9j/4AAQSkZJRgABAQEAeAB4AAD/4QAiRXhpZgAATU0AKgAAAAgAAQESAAMAAAABAAEAAAAAAAD/4gHYSUNDX1BST0ZJTEUAAQEAAAHIAAAAAAQwAABtbnRyUkdCIFhZWiAH4AABAAEAAAAAAABhY3NwAAAAAAAAAAAAAAAAAAAAAAAAAAAAAAAAAAAAAQAA9tYAAQAAAADTLQAAAAAAAAAAAAAAAAAAAAAAAAAAAAAAAAAAAAAAAAAAAAAAAAAAAAAAAAAAAAAAAAAAAAlkZXNjAAAA8AAAACRyWFlaAAABFAAAABRnWFlaAAABKAAAABRiWFlaAAABPAAAABR3dHB0AAABUAAAABRyVFJDAAABZAAAAChnVFJDAAABZAAAAChiVFJDAAABZAAAAChjcHJ0AAABjAAAADxtbHVjAAAAAAAAAAEAAAAMZW5VUwAAAAgAAAAcAHMAUgBHAEJYWVogAAAAAAAAb6IAADj1AAADkFhZWiAAAAAAAABimQAAt4UAABjaWFlaIAAAAAAAACSgAAAPhAAAts9YWVogAAAAAAAA9tYAAQAAAADTLXBhcmEAAAAAAAQAAAACZmYAAPKnAAANWQAAE9AAAApbAAAAAAAAAABtbHVjAAAAAAAAAAEAAAAMZW5VUwAAACAAAAAcAEcAbwBvAGcAbABlACAASQBuAGMALgAgADIAMAAxADb/2wBDAAIBAQIBAQICAgICAgICAwUDAwMDAwYEBAMFBwYHBwcGBwcICQsJCAgKCAcHCg0KCgsMDAwMBwkODw0MDgsMDAz/2wBDAQICAgMDAwYDAwYMCAcIDAwMDAwMDAwMDAwMDAwMDAwMDAwMDAwMDAwMDAwMDAwMDAwMDAwMDAwMDAwMDAwMDAz/wAARCAAGAAoDASIAAhEBAxEB/8QAHwAAAQUBAQEBAQEAAAAAAAAAAAECAwQFBgcICQoL/8QAtRAAAgEDAwIEAwUFBAQAAAF9AQIDAAQRBRIhMUEGE1FhByJxFDKBkaEII0KxwRVS0fAkM2JyggkKFhcYGRolJicoKSo0NTY3ODk6Q0RFRkdISUpTVFVWV1hZWmNkZWZnaGlqc3R1dnd4eXqDhIWGh4iJipKTlJWWl5iZmqKjpKWmp6ipqrKztLW2t7i5usLDxMXGx8jJytLT1NXW19jZ2uHi4+Tl5ufo6erx8vP09fb3+Pn6/8QAHwEAAwEBAQEBAQEBAQAAAAAAAAECAwQFBgcICQoL/8QAtREAAgECBAQDBAcFBAQAAQJ3AAECAxEEBSExBhJBUQdhcRMiMoEIFEKRobHBCSMzUvAVYnLRChYkNOEl8RcYGRomJygpKjU2Nzg5OkNERUZHSElKU1RVVldYWVpjZGVmZ2hpanN0dXZ3eHl6goOEhYaHiImKkpOUlZaXmJmaoqOkpaanqKmqsrO0tba3uLm6wsPExcbHyMnK0tPU1dbX2Nna4uPk5ebn6Onq8vP09fb3+Pn6/9oADAMBAAIRAxEAPwD8cfhF8Z7Xwvp+pWUljGkKwy3Npcw2sZu4LlohsbzCQSimNSFbcAS5AyxNSeKviX4Ft/E+pR6fo/iOGwS6lW2jnnglljiDnYGfYNzBcAnAyecCiivWjFKTaOWcnKMYvZf5n//Z'),
(6, '臥推專項訓練課程', '此系列課程由高專業度的教練帶領，注重臥推技巧的精進和細節的修正。透過個別指導和安全的訓練，你將學習到正確的臥推技巧與發力模式，改善動作流暢度，讓你的臥推能力更上一層樓。', 'bench-press.jpg', 'data:image/jpg;base64,/9j/4AAQSkZJRgABAQEAeAB4AAD/4QAiRXhpZgAATU0AKgAAAAgAAQESAAMAAAABAAEAAAAAAAD/4gHYSUNDX1BST0ZJTEUAAQEAAAHIAAAAAAQwAABtbnRyUkdCIFhZWiAH4AABAAEAAAAAAABhY3NwAAAAAAAAAAAAAAAAAAAAAAAAAAAAAAAAAAAAAQAA9tYAAQAAAADTLQAAAAAAAAAAAAAAAAAAAAAAAAAAAAAAAAAAAAAAAAAAAAAAAAAAAAAAAAAAAAAAAAAAAAlkZXNjAAAA8AAAACRyWFlaAAABFAAAABRnWFlaAAABKAAAABRiWFlaAAABPAAAABR3dHB0AAABUAAAABRyVFJDAAABZAAAAChnVFJDAAABZAAAAChiVFJDAAABZAAAAChjcHJ0AAABjAAAADxtbHVjAAAAAAAAAAEAAAAMZW5VUwAAAAgAAAAcAHMAUgBHAEJYWVogAAAAAAAAb6IAADj1AAADkFhZWiAAAAAAAABimQAAt4UAABjaWFlaIAAAAAAAACSgAAAPhAAAts9YWVogAAAAAAAA9tYAAQAAAADTLXBhcmEAAAAAAAQAAAACZmYAAPKnAAANWQAAE9AAAApbAAAAAAAAAABtbHVjAAAAAAAAAAEAAAAMZW5VUwAAACAAAAAcAEcAbwBvAGcAbABlACAASQBuAGMALgAgADIAMAAxADb/2wBDAAIBAQIBAQICAgICAgICAwUDAwMDAwYEBAMFBwYHBwcGBwcICQsJCAgKCAcHCg0KCgsMDAwMBwkODw0MDgsMDAz/2wBDAQICAgMDAwYDAwYMCAcIDAwMDAwMDAwMDAwMDAwMDAwMDAwMDAwMDAwMDAwMDAwMDAwMDAwMDAwMDAwMDAwMDAz/wAARCAAGAAoDASIAAhEBAxEB/8QAHwAAAQUBAQEBAQEAAAAAAAAAAAECAwQFBgcICQoL/8QAtRAAAgEDAwIEAwUFBAQAAAF9AQIDAAQRBRIhMUEGE1FhByJxFDKBkaEII0KxwRVS0fAkM2JyggkKFhcYGRolJicoKSo0NTY3ODk6Q0RFRkdISUpTVFVWV1hZWmNkZWZnaGlqc3R1dnd4eXqDhIWGh4iJipKTlJWWl5iZmqKjpKWmp6ipqrKztLW2t7i5usLDxMXGx8jJytLT1NXW19jZ2uHi4+Tl5ufo6erx8vP09fb3+Pn6/8QAHwEAAwEBAQEBAQEBAQAAAAAAAAECAwQFBgcICQoL/8QAtREAAgECBAQDBAcFBAQAAQJ3AAECAxEEBSExBhJBUQdhcRMiMoEIFEKRobHBCSMzUvAVYnLRChYkNOEl8RcYGRomJygpKjU2Nzg5OkNERUZHSElKU1RVVldYWVpjZGVmZ2hpanN0dXZ3eHl6goOEhYaHiImKkpOUlZaXmJmaoqOkpaanqKmqsrO0tba3uLm6wsPExcbHyMnK0tPU1dbX2Nna4uPk5ebn6Onq8vP09fb3+Pn6/9oADAMBAAIRAxEAPwDB+Hv/AAWK+KH7TfxjaHQPEWqWun69tt9UudWtLJpf7Mv4l3WcMCRFVVTYsNxkMm1xiRTkH7c+HPhD4keK/h9oOqf2voX/ABMtOt7r95NcBvnjVucLjPPaiiuWX9fcju5Vp/XVo//Z'),
(7, '肌肥大循環課表訓練課程', '這個課程以增加肌肉量為目標，根據個人的身體能力安排適宜的課程內容與訓練菜單，以求最高效率的增肌成效，讓你能塑造個人理想中完美的身材與體格。', 'muscle-hypertrophy.jpg', 'data:image/jpg;base64,/9j/4AAQSkZJRgABAQEAeAB4AAD/4QAiRXhpZgAATU0AKgAAAAgAAQESAAMAAAABAAEAAAAAAAD/4gHYSUNDX1BST0ZJTEUAAQEAAAHIAAAAAAQwAABtbnRyUkdCIFhZWiAH4AABAAEAAAAAAABhY3NwAAAAAAAAAAAAAAAAAAAAAAAAAAAAAAAAAAAAAQAA9tYAAQAAAADTLQAAAAAAAAAAAAAAAAAAAAAAAAAAAAAAAAAAAAAAAAAAAAAAAAAAAAAAAAAAAAAAAAAAAAlkZXNjAAAA8AAAACRyWFlaAAABFAAAABRnWFlaAAABKAAAABRiWFlaAAABPAAAABR3dHB0AAABUAAAABRyVFJDAAABZAAAAChnVFJDAAABZAAAAChiVFJDAAABZAAAAChjcHJ0AAABjAAAADxtbHVjAAAAAAAAAAEAAAAMZW5VUwAAAAgAAAAcAHMAUgBHAEJYWVogAAAAAAAAb6IAADj1AAADkFhZWiAAAAAAAABimQAAt4UAABjaWFlaIAAAAAAAACSgAAAPhAAAts9YWVogAAAAAAAA9tYAAQAAAADTLXBhcmEAAAAAAAQAAAACZmYAAPKnAAANWQAAE9AAAApbAAAAAAAAAABtbHVjAAAAAAAAAAEAAAAMZW5VUwAAACAAAAAcAEcAbwBvAGcAbABlACAASQBuAGMALgAgADIAMAAxADb/2wBDAAIBAQIBAQICAgICAgICAwUDAwMDAwYEBAMFBwYHBwcGBwcICQsJCAgKCAcHCg0KCgsMDAwMBwkODw0MDgsMDAz/2wBDAQICAgMDAwYDAwYMCAcIDAwMDAwMDAwMDAwMDAwMDAwMDAwMDAwMDAwMDAwMDAwMDAwMDAwMDAwMDAwMDAwMDAz/wAARCAAGAAoDASIAAhEBAxEB/8QAHwAAAQUBAQEBAQEAAAAAAAAAAAECAwQFBgcICQoL/8QAtRAAAgEDAwIEAwUFBAQAAAF9AQIDAAQRBRIhMUEGE1FhByJxFDKBkaEII0KxwRVS0fAkM2JyggkKFhcYGRolJicoKSo0NTY3ODk6Q0RFRkdISUpTVFVWV1hZWmNkZWZnaGlqc3R1dnd4eXqDhIWGh4iJipKTlJWWl5iZmqKjpKWmp6ipqrKztLW2t7i5usLDxMXGx8jJytLT1NXW19jZ2uHi4+Tl5ufo6erx8vP09fb3+Pn6/8QAHwEAAwEBAQEBAQEBAQAAAAAAAAECAwQFBgcICQoL/8QAtREAAgECBAQDBAcFBAQAAQJ3AAECAxEEBSExBhJBUQdhcRMiMoEIFEKRobHBCSMzUvAVYnLRChYkNOEl8RcYGRomJygpKjU2Nzg5OkNERUZHSElKU1RVVldYWVpjZGVmZ2hpanN0dXZ3eHl6goOEhYaHiImKkpOUlZaXmJmaoqOkpaanqKmqsrO0tba3uLm6wsPExcbHyMnK0tPU1dbX2Nna4uPk5ebn6Onq8vP09fb3+Pn6/9oADAMBAAIRAxEAPwD8qZvjd4gu/CGnzXUsNzpN14bXSrazm3SLHNDCLMtIuQro8tgJOQSqzOozk567wp/wXK+OnhTwvpul2fxA1CytNNtYrWG3tvDGiLDAiIFVEH2bhVAAA7ACiit8LFao0xsnKSlLey/JH//Z'),
(8, '長跑有氧耐力專門課程', '這個課程將專注於長距離跑的訓練和策略，以參加競賽為標準的訓練規格。在提高肌耐力和持久力的同時學習有效的跑步節奏控制與補給策略，以提高跑步效率和競賽表現。', 'long-distance-running.jpg', 'data:image/jpg;base64,/9j/4AAQSkZJRgABAQEAeAB4AAD/4QAiRXhpZgAATU0AKgAAAAgAAQESAAMAAAABAAEAAAAAAAD/4gHYSUNDX1BST0ZJTEUAAQEAAAHIAAAAAAQwAABtbnRyUkdCIFhZWiAH4AABAAEAAAAAAABhY3NwAAAAAAAAAAAAAAAAAAAAAAAAAAAAAAAAAAAAAQAA9tYAAQAAAADTLQAAAAAAAAAAAAAAAAAAAAAAAAAAAAAAAAAAAAAAAAAAAAAAAAAAAAAAAAAAAAAAAAAAAAlkZXNjAAAA8AAAACRyWFlaAAABFAAAABRnWFlaAAABKAAAABRiWFlaAAABPAAAABR3dHB0AAABUAAAABRyVFJDAAABZAAAAChnVFJDAAABZAAAAChiVFJDAAABZAAAAChjcHJ0AAABjAAAADxtbHVjAAAAAAAAAAEAAAAMZW5VUwAAAAgAAAAcAHMAUgBHAEJYWVogAAAAAAAAb6IAADj1AAADkFhZWiAAAAAAAABimQAAt4UAABjaWFlaIAAAAAAAACSgAAAPhAAAts9YWVogAAAAAAAA9tYAAQAAAADTLXBhcmEAAAAAAAQAAAACZmYAAPKnAAANWQAAE9AAAApbAAAAAAAAAABtbHVjAAAAAAAAAAEAAAAMZW5VUwAAACAAAAAcAEcAbwBvAGcAbABlACAASQBuAGMALgAgADIAMAAxADb/2wBDAAIBAQIBAQICAgICAgICAwUDAwMDAwYEBAMFBwYHBwcGBwcICQsJCAgKCAcHCg0KCgsMDAwMBwkODw0MDgsMDAz/2wBDAQICAgMDAwYDAwYMCAcIDAwMDAwMDAwMDAwMDAwMDAwMDAwMDAwMDAwMDAwMDAwMDAwMDAwMDAwMDAwMDAwMDAz/wAARCAAFAAoDASIAAhEBAxEB/8QAHwAAAQUBAQEBAQEAAAAAAAAAAAECAwQFBgcICQoL/8QAtRAAAgEDAwIEAwUFBAQAAAF9AQIDAAQRBRIhMUEGE1FhByJxFDKBkaEII0KxwRVS0fAkM2JyggkKFhcYGRolJicoKSo0NTY3ODk6Q0RFRkdISUpTVFVWV1hZWmNkZWZnaGlqc3R1dnd4eXqDhIWGh4iJipKTlJWWl5iZmqKjpKWmp6ipqrKztLW2t7i5usLDxMXGx8jJytLT1NXW19jZ2uHi4+Tl5ufo6erx8vP09fb3+Pn6/8QAHwEAAwEBAQEBAQEBAQAAAAAAAAECAwQFBgcICQoL/8QAtREAAgECBAQDBAcFBAQAAQJ3AAECAxEEBSExBhJBUQdhcRMiMoEIFEKRobHBCSMzUvAVYnLRChYkNOEl8RcYGRomJygpKjU2Nzg5OkNERUZHSElKU1RVVldYWVpjZGVmZ2hpanN0dXZ3eHl6goOEhYaHiImKkpOUlZaXmJmaoqOkpaanqKmqsrO0tba3uLm6wsPExcbHyMnK0tPU1dbX2Nna4uPk5ebn6Onq8vP09fb3+Pn6/9oADAMBAAIRAxEAPwD5l+M3/BVb4ifEuLTZNZur2afw/tnEsF6IGmY42kbY8KUlPnL1/ecnJxjzNf22ficyjHjTxAo9PPjbH4tGSfqSTRRWccLRpK1OKV9djqqYipXalWfM1pr8j//Z'),
(9, '硬拉專門訓練課程', '此系列課程由高專業度的教練帶領，專注硬拉技巧提升及動作細節調整。透過一對一的個別指導與訓練規劃學習正確的硬拉技巧，增強最大力量輸出，降低受傷機率，讓你從素人脫離，往職業運動員的方向邁進。', 'dead-lift.jpg', 'data:image/jpg;base64,/9j/4AAQSkZJRgABAQEAeAB4AAD/4QAiRXhpZgAATU0AKgAAAAgAAQESAAMAAAABAAEAAAAAAAD/4gHYSUNDX1BST0ZJTEUAAQEAAAHIAAAAAAQwAABtbnRyUkdCIFhZWiAH4AABAAEAAAAAAABhY3NwAAAAAAAAAAAAAAAAAAAAAAAAAAAAAAAAAAAAAQAA9tYAAQAAAADTLQAAAAAAAAAAAAAAAAAAAAAAAAAAAAAAAAAAAAAAAAAAAAAAAAAAAAAAAAAAAAAAAAAAAAlkZXNjAAAA8AAAACRyWFlaAAABFAAAABRnWFlaAAABKAAAABRiWFlaAAABPAAAABR3dHB0AAABUAAAABRyVFJDAAABZAAAAChnVFJDAAABZAAAAChiVFJDAAABZAAAAChjcHJ0AAABjAAAADxtbHVjAAAAAAAAAAEAAAAMZW5VUwAAAAgAAAAcAHMAUgBHAEJYWVogAAAAAAAAb6IAADj1AAADkFhZWiAAAAAAAABimQAAt4UAABjaWFlaIAAAAAAAACSgAAAPhAAAts9YWVogAAAAAAAA9tYAAQAAAADTLXBhcmEAAAAAAAQAAAACZmYAAPKnAAANWQAAE9AAAApbAAAAAAAAAABtbHVjAAAAAAAAAAEAAAAMZW5VUwAAACAAAAAcAEcAbwBvAGcAbABlACAASQBuAGMALgAgADIAMAAxADb/2wBDAAIBAQIBAQICAgICAgICAwUDAwMDAwYEBAMFBwYHBwcGBwcICQsJCAgKCAcHCg0KCgsMDAwMBwkODw0MDgsMDAz/2wBDAQICAgMDAwYDAwYMCAcIDAwMDAwMDAwMDAwMDAwMDAwMDAwMDAwMDAwMDAwMDAwMDAwMDAwMDAwMDAwMDAwMDAz/wAARCAAGAAoDASIAAhEBAxEB/8QAHwAAAQUBAQEBAQEAAAAAAAAAAAECAwQFBgcICQoL/8QAtRAAAgEDAwIEAwUFBAQAAAF9AQIDAAQRBRIhMUEGE1FhByJxFDKBkaEII0KxwRVS0fAkM2JyggkKFhcYGRolJicoKSo0NTY3ODk6Q0RFRkdISUpTVFVWV1hZWmNkZWZnaGlqc3R1dnd4eXqDhIWGh4iJipKTlJWWl5iZmqKjpKWmp6ipqrKztLW2t7i5usLDxMXGx8jJytLT1NXW19jZ2uHi4+Tl5ufo6erx8vP09fb3+Pn6/8QAHwEAAwEBAQEBAQEBAQAAAAAAAAECAwQFBgcICQoL/8QAtREAAgECBAQDBAcFBAQAAQJ3AAECAxEEBSExBhJBUQdhcRMiMoEIFEKRobHBCSMzUvAVYnLRChYkNOEl8RcYGRomJygpKjU2Nzg5OkNERUZHSElKU1RVVldYWVpjZGVmZ2hpanN0dXZ3eHl6goOEhYaHiImKkpOUlZaXmJmaoqOkpaanqKmqsrO0tba3uLm6wsPExcbHyMnK0tPU1dbX2Nna4uPk5ebn6Onq8vP09fb3+Pn6/9oADAMBAAIRAxEAPwD8u/2Hf2mF/ZSTQ7/VPD2k+M9ILxyappN7ANpsmMk2YZW3YnYeYuCgVByrZdiP1q+GXwS+Cf7Qvw28PePj+zD8NbE+ONMtvEBt18R3Srb/AGuJZ9gAtSBt8zGASBiiitaXuptHk4yKk02f/9k='),
(10, '飛輪心肺有氧耐力課程', '這個課程將模擬各類騎行的環境，你能體驗不同到的地形和阻力。透過調整坡度與阻力設定，學員將學習如何調整速度和強度，以增強心肺功能、腿部力量和肌耐力。', 'spinning.jpg', 'data:image/jpg;base64,/9j/4AAQSkZJRgABAQEAeAB4AAD/4QAiRXhpZgAATU0AKgAAAAgAAQESAAMAAAABAAEAAAAAAAD/4gHYSUNDX1BST0ZJTEUAAQEAAAHIAAAAAAQwAABtbnRyUkdCIFhZWiAH4AABAAEAAAAAAABhY3NwAAAAAAAAAAAAAAAAAAAAAAAAAAAAAAAAAAAAAQAA9tYAAQAAAADTLQAAAAAAAAAAAAAAAAAAAAAAAAAAAAAAAAAAAAAAAAAAAAAAAAAAAAAAAAAAAAAAAAAAAAlkZXNjAAAA8AAAACRyWFlaAAABFAAAABRnWFlaAAABKAAAABRiWFlaAAABPAAAABR3dHB0AAABUAAAABRyVFJDAAABZAAAAChnVFJDAAABZAAAAChiVFJDAAABZAAAAChjcHJ0AAABjAAAADxtbHVjAAAAAAAAAAEAAAAMZW5VUwAAAAgAAAAcAHMAUgBHAEJYWVogAAAAAAAAb6IAADj1AAADkFhZWiAAAAAAAABimQAAt4UAABjaWFlaIAAAAAAAACSgAAAPhAAAts9YWVogAAAAAAAA9tYAAQAAAADTLXBhcmEAAAAAAAQAAAACZmYAAPKnAAANWQAAE9AAAApbAAAAAAAAAABtbHVjAAAAAAAAAAEAAAAMZW5VUwAAACAAAAAcAEcAbwBvAGcAbABlACAASQBuAGMALgAgADIAMAAxADb/2wBDAAIBAQIBAQICAgICAgICAwUDAwMDAwYEBAMFBwYHBwcGBwcICQsJCAgKCAcHCg0KCgsMDAwMBwkODw0MDgsMDAz/2wBDAQICAgMDAwYDAwYMCAcIDAwMDAwMDAwMDAwMDAwMDAwMDAwMDAwMDAwMDAwMDAwMDAwMDAwMDAwMDAwMDAwMDAz/wAARCAAGAAoDASIAAhEBAxEB/8QAHwAAAQUBAQEBAQEAAAAAAAAAAAECAwQFBgcICQoL/8QAtRAAAgEDAwIEAwUFBAQAAAF9AQIDAAQRBRIhMUEGE1FhByJxFDKBkaEII0KxwRVS0fAkM2JyggkKFhcYGRolJicoKSo0NTY3ODk6Q0RFRkdISUpTVFVWV1hZWmNkZWZnaGlqc3R1dnd4eXqDhIWGh4iJipKTlJWWl5iZmqKjpKWmp6ipqrKztLW2t7i5usLDxMXGx8jJytLT1NXW19jZ2uHi4+Tl5ufo6erx8vP09fb3+Pn6/8QAHwEAAwEBAQEBAQEBAQAAAAAAAAECAwQFBgcICQoL/8QAtREAAgECBAQDBAcFBAQAAQJ3AAECAxEEBSExBhJBUQdhcRMiMoEIFEKRobHBCSMzUvAVYnLRChYkNOEl8RcYGRomJygpKjU2Nzg5OkNERUZHSElKU1RVVldYWVpjZGVmZ2hpanN0dXZ3eHl6goOEhYaHiImKkpOUlZaXmJmaoqOkpaanqKmqsrO0tba3uLm6wsPExcbHyMnK0tPU1dbX2Nna4uPk5ebn6Onq8vP09fb3+Pn6/9oADAMBAAIRAxEAPwD83/An7f8Ar2k2cNjZ6ZYst5aSwahIhe1TXIZoITG11EGfMybY8urhnEcalv3atXMate2uqapc3Ut1rkclxK0rpHdsyIWJJALMWIGe5J9aKKKsVF+6dsKkpL3mf//Z'),
(11, '靜態拉伸、肌肉放鬆與運動傷害預防課程', '本課程由具有運動傷害預防與物理治療相關背景的教練進行，提供專業的暖身與伸展相關知識，讓你學習如何以正確的方式從事各項活動，能夠熟悉並理解身體狀態，降低受傷風險。', 'stretching.jpg', 'data:image/jpg;base64,/9j/4AAQSkZJRgABAQEAeAB4AAD/4QAiRXhpZgAATU0AKgAAAAgAAQESAAMAAAABAAEAAAAAAAD/4gHYSUNDX1BST0ZJTEUAAQEAAAHIAAAAAAQwAABtbnRyUkdCIFhZWiAH4AABAAEAAAAAAABhY3NwAAAAAAAAAAAAAAAAAAAAAAAAAAAAAAAAAAAAAQAA9tYAAQAAAADTLQAAAAAAAAAAAAAAAAAAAAAAAAAAAAAAAAAAAAAAAAAAAAAAAAAAAAAAAAAAAAAAAAAAAAlkZXNjAAAA8AAAACRyWFlaAAABFAAAABRnWFlaAAABKAAAABRiWFlaAAABPAAAABR3dHB0AAABUAAAABRyVFJDAAABZAAAAChnVFJDAAABZAAAAChiVFJDAAABZAAAAChjcHJ0AAABjAAAADxtbHVjAAAAAAAAAAEAAAAMZW5VUwAAAAgAAAAcAHMAUgBHAEJYWVogAAAAAAAAb6IAADj1AAADkFhZWiAAAAAAAABimQAAt4UAABjaWFlaIAAAAAAAACSgAAAPhAAAts9YWVogAAAAAAAA9tYAAQAAAADTLXBhcmEAAAAAAAQAAAACZmYAAPKnAAANWQAAE9AAAApbAAAAAAAAAABtbHVjAAAAAAAAAAEAAAAMZW5VUwAAACAAAAAcAEcAbwBvAGcAbABlACAASQBuAGMALgAgADIAMAAxADb/2wBDAAIBAQIBAQICAgICAgICAwUDAwMDAwYEBAMFBwYHBwcGBwcICQsJCAgKCAcHCg0KCgsMDAwMBwkODw0MDgsMDAz/2wBDAQICAgMDAwYDAwYMCAcIDAwMDAwMDAwMDAwMDAwMDAwMDAwMDAwMDAwMDAwMDAwMDAwMDAwMDAwMDAwMDAwMDAz/wAARCAAGAAoDASIAAhEBAxEB/8QAHwAAAQUBAQEBAQEAAAAAAAAAAAECAwQFBgcICQoL/8QAtRAAAgEDAwIEAwUFBAQAAAF9AQIDAAQRBRIhMUEGE1FhByJxFDKBkaEII0KxwRVS0fAkM2JyggkKFhcYGRolJicoKSo0NTY3ODk6Q0RFRkdISUpTVFVWV1hZWmNkZWZnaGlqc3R1dnd4eXqDhIWGh4iJipKTlJWWl5iZmqKjpKWmp6ipqrKztLW2t7i5usLDxMXGx8jJytLT1NXW19jZ2uHi4+Tl5ufo6erx8vP09fb3+Pn6/8QAHwEAAwEBAQEBAQEBAQAAAAAAAAECAwQFBgcICQoL/8QAtREAAgECBAQDBAcFBAQAAQJ3AAECAxEEBSExBhJBUQdhcRMiMoEIFEKRobHBCSMzUvAVYnLRChYkNOEl8RcYGRomJygpKjU2Nzg5OkNERUZHSElKU1RVVldYWVpjZGVmZ2hpanN0dXZ3eHl6goOEhYaHiImKkpOUlZaXmJmaoqOkpaanqKmqsrO0tba3uLm6wsPExcbHyMnK0tPU1dbX2Nna4uPk5ebn6Onq8vP09fb3+Pn6/9oADAMBAAIRAxEAPwDpv+CZf/BQT4wW9pqmh6tLod6YraCXTI47q48lSkB8wSlwzs00l488kxLSvKEDMyRItO1//go1+1wuu3u3WvhTpK/aJNtjaac81vZjcf3UbyRb2RPuhm+YgAnnNFFcmHowaa7fL8jsxVWSafVrW6T6+Z//2Q=='),
(12, '瑜珈與身體活動度訓練課程', '本課程旨在增加學員身體的活動度與伸展範圍，專注於提升身體靈活度和促進整體健康。透過與瑜珈結合的訓練，改善身體姿勢和平衡，增加柔軟度和靈活性，讓您在愉悅的氛圍中享受身心平衡和增強體能的好處。', 'yoga-mobility.jpg', 'data:image/jpg;base64,/9j/4AAQSkZJRgABAQEAeAB4AAD/4QAiRXhpZgAATU0AKgAAAAgAAQESAAMAAAABAAEAAAAAAAD/4gHYSUNDX1BST0ZJTEUAAQEAAAHIAAAAAAQwAABtbnRyUkdCIFhZWiAH4AABAAEAAAAAAABhY3NwAAAAAAAAAAAAAAAAAAAAAAAAAAAAAAAAAAAAAQAA9tYAAQAAAADTLQAAAAAAAAAAAAAAAAAAAAAAAAAAAAAAAAAAAAAAAAAAAAAAAAAAAAAAAAAAAAAAAAAAAAlkZXNjAAAA8AAAACRyWFlaAAABFAAAABRnWFlaAAABKAAAABRiWFlaAAABPAAAABR3dHB0AAABUAAAABRyVFJDAAABZAAAAChnVFJDAAABZAAAAChiVFJDAAABZAAAAChjcHJ0AAABjAAAADxtbHVjAAAAAAAAAAEAAAAMZW5VUwAAAAgAAAAcAHMAUgBHAEJYWVogAAAAAAAAb6IAADj1AAADkFhZWiAAAAAAAABimQAAt4UAABjaWFlaIAAAAAAAACSgAAAPhAAAts9YWVogAAAAAAAA9tYAAQAAAADTLXBhcmEAAAAAAAQAAAACZmYAAPKnAAANWQAAE9AAAApbAAAAAAAAAABtbHVjAAAAAAAAAAEAAAAMZW5VUwAAACAAAAAcAEcAbwBvAGcAbABlACAASQBuAGMALgAgADIAMAAxADb/2wBDAAIBAQIBAQICAgICAgICAwUDAwMDAwYEBAMFBwYHBwcGBwcICQsJCAgKCAcHCg0KCgsMDAwMBwkODw0MDgsMDAz/2wBDAQICAgMDAwYDAwYMCAcIDAwMDAwMDAwMDAwMDAwMDAwMDAwMDAwMDAwMDAwMDAwMDAwMDAwMDAwMDAwMDAwMDAz/wAARCAAFAAoDASIAAhEBAxEB/8QAHwAAAQUBAQEBAQEAAAAAAAAAAAECAwQFBgcICQoL/8QAtRAAAgEDAwIEAwUFBAQAAAF9AQIDAAQRBRIhMUEGE1FhByJxFDKBkaEII0KxwRVS0fAkM2JyggkKFhcYGRolJicoKSo0NTY3ODk6Q0RFRkdISUpTVFVWV1hZWmNkZWZnaGlqc3R1dnd4eXqDhIWGh4iJipKTlJWWl5iZmqKjpKWmp6ipqrKztLW2t7i5usLDxMXGx8jJytLT1NXW19jZ2uHi4+Tl5ufo6erx8vP09fb3+Pn6/8QAHwEAAwEBAQEBAQEBAQAAAAAAAAECAwQFBgcICQoL/8QAtREAAgECBAQDBAcFBAQAAQJ3AAECAxEEBSExBhJBUQdhcRMiMoEIFEKRobHBCSMzUvAVYnLRChYkNOEl8RcYGRomJygpKjU2Nzg5OkNERUZHSElKU1RVVldYWVpjZGVmZ2hpanN0dXZ3eHl6goOEhYaHiImKkpOUlZaXmJmaoqOkpaanqKmqsrO0tba3uLm6wsPExcbHyMnK0tPU1dbX2Nna4uPk5ebn6Onq8vP09fb3+Pn6/9oADAMBAAIRAxEAPwD0P9qD45WcHxyt7K68M2OpLdbtM1A3cxuRfRKhQ7vNVyd/mzb1cupEhwqkszfS9lr+k+HrOHT10WG6WxQW4muvJnnmCDbukkaEs7nGSzEkkkkkmiiuaVCDqyuj9MzTAYegqUaUbJxv37d7/wBX7n//2Q=='),
(13, '壺鈴綜合訓練課程', '這是以壺鈴為主題設計的系列課程，學員將透過各項壺鈴的訓練動作，鍛煉身體不同部位的肌肉力量與整體協調能力。由只有壺鈴能夠提供的特殊訓練方式，給您不一樣的全新體驗。', 'kettlebell.jpg', 'data:image/jpg;base64,/9j/4AAQSkZJRgABAQEAeAB4AAD/4QAiRXhpZgAATU0AKgAAAAgAAQESAAMAAAABAAEAAAAAAAD/4gHYSUNDX1BST0ZJTEUAAQEAAAHIAAAAAAQwAABtbnRyUkdCIFhZWiAH4AABAAEAAAAAAABhY3NwAAAAAAAAAAAAAAAAAAAAAAAAAAAAAAAAAAAAAQAA9tYAAQAAAADTLQAAAAAAAAAAAAAAAAAAAAAAAAAAAAAAAAAAAAAAAAAAAAAAAAAAAAAAAAAAAAAAAAAAAAlkZXNjAAAA8AAAACRyWFlaAAABFAAAABRnWFlaAAABKAAAABRiWFlaAAABPAAAABR3dHB0AAABUAAAABRyVFJDAAABZAAAAChnVFJDAAABZAAAAChiVFJDAAABZAAAAChjcHJ0AAABjAAAADxtbHVjAAAAAAAAAAEAAAAMZW5VUwAAAAgAAAAcAHMAUgBHAEJYWVogAAAAAAAAb6IAADj1AAADkFhZWiAAAAAAAABimQAAt4UAABjaWFlaIAAAAAAAACSgAAAPhAAAts9YWVogAAAAAAAA9tYAAQAAAADTLXBhcmEAAAAAAAQAAAACZmYAAPKnAAANWQAAE9AAAApbAAAAAAAAAABtbHVjAAAAAAAAAAEAAAAMZW5VUwAAACAAAAAcAEcAbwBvAGcAbABlACAASQBuAGMALgAgADIAMAAxADb/2wBDAAIBAQIBAQICAgICAgICAwUDAwMDAwYEBAMFBwYHBwcGBwcICQsJCAgKCAcHCg0KCgsMDAwMBwkODw0MDgsMDAz/2wBDAQICAgMDAwYDAwYMCAcIDAwMDAwMDAwMDAwMDAwMDAwMDAwMDAwMDAwMDAwMDAwMDAwMDAwMDAwMDAwMDAwMDAz/wAARCAAGAAoDASIAAhEBAxEB/8QAHwAAAQUBAQEBAQEAAAAAAAAAAAECAwQFBgcICQoL/8QAtRAAAgEDAwIEAwUFBAQAAAF9AQIDAAQRBRIhMUEGE1FhByJxFDKBkaEII0KxwRVS0fAkM2JyggkKFhcYGRolJicoKSo0NTY3ODk6Q0RFRkdISUpTVFVWV1hZWmNkZWZnaGlqc3R1dnd4eXqDhIWGh4iJipKTlJWWl5iZmqKjpKWmp6ipqrKztLW2t7i5usLDxMXGx8jJytLT1NXW19jZ2uHi4+Tl5ufo6erx8vP09fb3+Pn6/8QAHwEAAwEBAQEBAQEBAQAAAAAAAAECAwQFBgcICQoL/8QAtREAAgECBAQDBAcFBAQAAQJ3AAECAxEEBSExBhJBUQdhcRMiMoEIFEKRobHBCSMzUvAVYnLRChYkNOEl8RcYGRomJygpKjU2Nzg5OkNERUZHSElKU1RVVldYWVpjZGVmZ2hpanN0dXZ3eHl6goOEhYaHiImKkpOUlZaXmJmaoqOkpaanqKmqsrO0tba3uLm6wsPExcbHyMnK0tPU1dbX2Nna4uPk5ebn6Onq8vP09fb3+Pn6/9oADAMBAAIRAxEAPwD4/wDjB8B/Gnw/+KfgHWJn8Jz2/h+XwtYHS7ZjbjVJ7Wzs9M82W4W3+USNamUhopdvmbW835y+B4t/Zf8AFHh7xVqeny+LrpZbG7lt3WC6k8oFHKkJlc7eOM84oor5SjWnOPNK1230X+XmdlHFVrRjzO1tvuP/2Q=='),
(14, '藥球綜合訓練課程', '這是以藥球為主題設計的系列課程，融合了力量、爆發力和核心訓練，透過動態的擲擊、揮舞和抓握動作，促進身體的力量發展和功能性運動能力。', 'medicine-ball.jpg', 'data:image/jpg;base64,/9j/4AAQSkZJRgABAQEAeAB4AAD/4QAiRXhpZgAATU0AKgAAAAgAAQESAAMAAAABAAEAAAAAAAD/4gHYSUNDX1BST0ZJTEUAAQEAAAHIAAAAAAQwAABtbnRyUkdCIFhZWiAH4AABAAEAAAAAAABhY3NwAAAAAAAAAAAAAAAAAAAAAAAAAAAAAAAAAAAAAQAA9tYAAQAAAADTLQAAAAAAAAAAAAAAAAAAAAAAAAAAAAAAAAAAAAAAAAAAAAAAAAAAAAAAAAAAAAAAAAAAAAlkZXNjAAAA8AAAACRyWFlaAAABFAAAABRnWFlaAAABKAAAABRiWFlaAAABPAAAABR3dHB0AAABUAAAABRyVFJDAAABZAAAAChnVFJDAAABZAAAAChiVFJDAAABZAAAAChjcHJ0AAABjAAAADxtbHVjAAAAAAAAAAEAAAAMZW5VUwAAAAgAAAAcAHMAUgBHAEJYWVogAAAAAAAAb6IAADj1AAADkFhZWiAAAAAAAABimQAAt4UAABjaWFlaIAAAAAAAACSgAAAPhAAAts9YWVogAAAAAAAA9tYAAQAAAADTLXBhcmEAAAAAAAQAAAACZmYAAPKnAAANWQAAE9AAAApbAAAAAAAAAABtbHVjAAAAAAAAAAEAAAAMZW5VUwAAACAAAAAcAEcAbwBvAGcAbABlACAASQBuAGMALgAgADIAMAAxADb/2wBDAAIBAQIBAQICAgICAgICAwUDAwMDAwYEBAMFBwYHBwcGBwcICQsJCAgKCAcHCg0KCgsMDAwMBwkODw0MDgsMDAz/2wBDAQICAgMDAwYDAwYMCAcIDAwMDAwMDAwMDAwMDAwMDAwMDAwMDAwMDAwMDAwMDAwMDAwMDAwMDAwMDAwMDAwMDAz/wAARCAAGAAoDASIAAhEBAxEB/8QAHwAAAQUBAQEBAQEAAAAAAAAAAAECAwQFBgcICQoL/8QAtRAAAgEDAwIEAwUFBAQAAAF9AQIDAAQRBRIhMUEGE1FhByJxFDKBkaEII0KxwRVS0fAkM2JyggkKFhcYGRolJicoKSo0NTY3ODk6Q0RFRkdISUpTVFVWV1hZWmNkZWZnaGlqc3R1dnd4eXqDhIWGh4iJipKTlJWWl5iZmqKjpKWmp6ipqrKztLW2t7i5usLDxMXGx8jJytLT1NXW19jZ2uHi4+Tl5ufo6erx8vP09fb3+Pn6/8QAHwEAAwEBAQEBAQEBAQAAAAAAAAECAwQFBgcICQoL/8QAtREAAgECBAQDBAcFBAQAAQJ3AAECAxEEBSExBhJBUQdhcRMiMoEIFEKRobHBCSMzUvAVYnLRChYkNOEl8RcYGRomJygpKjU2Nzg5OkNERUZHSElKU1RVVldYWVpjZGVmZ2hpanN0dXZ3eHl6goOEhYaHiImKkpOUlZaXmJmaoqOkpaanqKmqsrO0tba3uLm6wsPExcbHyMnK0tPU1dbX2Nna4uPk5ebn6Onq8vP09fb3+Pn6/9oADAMBAAIRAxEAPwD8o/hL+25rXg34PWNjqP27XNE0y0uoZtFSZbG2vZmY+VNcShXkm2XE0crL8hdWnUMjP5leMz/FK4up3laP5pGLH6nmiiiOmiLk72Z//9k='),
(15, '女性體態雕塑與健美健體專門訓練', '專為女性量身打造的訓練課程，旨在塑造女性優雅的體態和健美健體的身材，在提升肌肉力量的同時雕塑曲線與體態。針對腹部核心肌群、臀部等部位的專項訓練，讓您增強體力與提升自信，歡迎所有女性學員加入，共同享受鍛煉的樂趣和成就感。', 'female-body-sculpting.jpg', 'data:image/jpg;base64,/9j/4AAQSkZJRgABAQEAeAB4AAD/4QAiRXhpZgAATU0AKgAAAAgAAQESAAMAAAABAAEAAAAAAAD/4gHYSUNDX1BST0ZJTEUAAQEAAAHIAAAAAAQwAABtbnRyUkdCIFhZWiAH4AABAAEAAAAAAABhY3NwAAAAAAAAAAAAAAAAAAAAAAAAAAAAAAAAAAAAAQAA9tYAAQAAAADTLQAAAAAAAAAAAAAAAAAAAAAAAAAAAAAAAAAAAAAAAAAAAAAAAAAAAAAAAAAAAAAAAAAAAAlkZXNjAAAA8AAAACRyWFlaAAABFAAAABRnWFlaAAABKAAAABRiWFlaAAABPAAAABR3dHB0AAABUAAAABRyVFJDAAABZAAAAChnVFJDAAABZAAAAChiVFJDAAABZAAAAChjcHJ0AAABjAAAADxtbHVjAAAAAAAAAAEAAAAMZW5VUwAAAAgAAAAcAHMAUgBHAEJYWVogAAAAAAAAb6IAADj1AAADkFhZWiAAAAAAAABimQAAt4UAABjaWFlaIAAAAAAAACSgAAAPhAAAts9YWVogAAAAAAAA9tYAAQAAAADTLXBhcmEAAAAAAAQAAAACZmYAAPKnAAANWQAAE9AAAApbAAAAAAAAAABtbHVjAAAAAAAAAAEAAAAMZW5VUwAAACAAAAAcAEcAbwBvAGcAbABlACAASQBuAGMALgAgADIAMAAxADb/2wBDAAIBAQIBAQICAgICAgICAwUDAwMDAwYEBAMFBwYHBwcGBwcICQsJCAgKCAcHCg0KCgsMDAwMBwkODw0MDgsMDAz/2wBDAQICAgMDAwYDAwYMCAcIDAwMDAwMDAwMDAwMDAwMDAwMDAwMDAwMDAwMDAwMDAwMDAwMDAwMDAwMDAwMDAwMDAz/wAARCAAGAAoDASIAAhEBAxEB/8QAHwAAAQUBAQEBAQEAAAAAAAAAAAECAwQFBgcICQoL/8QAtRAAAgEDAwIEAwUFBAQAAAF9AQIDAAQRBRIhMUEGE1FhByJxFDKBkaEII0KxwRVS0fAkM2JyggkKFhcYGRolJicoKSo0NTY3ODk6Q0RFRkdISUpTVFVWV1hZWmNkZWZnaGlqc3R1dnd4eXqDhIWGh4iJipKTlJWWl5iZmqKjpKWmp6ipqrKztLW2t7i5usLDxMXGx8jJytLT1NXW19jZ2uHi4+Tl5ufo6erx8vP09fb3+Pn6/8QAHwEAAwEBAQEBAQEBAQAAAAAAAAECAwQFBgcICQoL/8QAtREAAgECBAQDBAcFBAQAAQJ3AAECAxEEBSExBhJBUQdhcRMiMoEIFEKRobHBCSMzUvAVYnLRChYkNOEl8RcYGRomJygpKjU2Nzg5OkNERUZHSElKU1RVVldYWVpjZGVmZ2hpanN0dXZ3eHl6goOEhYaHiImKkpOUlZaXmJmaoqOkpaanqKmqsrO0tba3uLm6wsPExcbHyMnK0tPU1dbX2Nna4uPk5ebn6Onq8vP09fb3+Pn6/9oADAMBAAIRAxEAPwD8nfgtY6Xq3gHWNbs4xor+GXsbIPHZQ3lxdXd3JIiFWmykMO1JjINjmQBY9oDs6fNOEP8ADj2oorljJuvU8mvyTOx00sJRa6qX/pTX5JH/2Q=='),
(16, '個人飲食及訓練專業諮詢規劃', '依照您的目標、需求和限制，設計一個適合您的個人化計劃。從飲食指導到訓練規劃，我們將提供專業建議和支持，無論您是追求減重、增肌還是提升整體健康，本課程將使您能夠實現最佳的飲食和訓練結果。', 'diet-training-consultation.jpg', 'data:image/jpg;base64,/9j/4AAQSkZJRgABAQEAeAB4AAD/4QAiRXhpZgAATU0AKgAAAAgAAQESAAMAAAABAAEAAAAAAAD/4gHYSUNDX1BST0ZJTEUAAQEAAAHIAAAAAAQwAABtbnRyUkdCIFhZWiAH4AABAAEAAAAAAABhY3NwAAAAAAAAAAAAAAAAAAAAAAAAAAAAAAAAAAAAAQAA9tYAAQAAAADTLQAAAAAAAAAAAAAAAAAAAAAAAAAAAAAAAAAAAAAAAAAAAAAAAAAAAAAAAAAAAAAAAAAAAAlkZXNjAAAA8AAAACRyWFlaAAABFAAAABRnWFlaAAABKAAAABRiWFlaAAABPAAAABR3dHB0AAABUAAAABRyVFJDAAABZAAAAChnVFJDAAABZAAAAChiVFJDAAABZAAAAChjcHJ0AAABjAAAADxtbHVjAAAAAAAAAAEAAAAMZW5VUwAAAAgAAAAcAHMAUgBHAEJYWVogAAAAAAAAb6IAADj1AAADkFhZWiAAAAAAAABimQAAt4UAABjaWFlaIAAAAAAAACSgAAAPhAAAts9YWVogAAAAAAAA9tYAAQAAAADTLXBhcmEAAAAAAAQAAAACZmYAAPKnAAANWQAAE9AAAApbAAAAAAAAAABtbHVjAAAAAAAAAAEAAAAMZW5VUwAAACAAAAAcAEcAbwBvAGcAbABlACAASQBuAGMALgAgADIAMAAxADb/2wBDAAIBAQIBAQICAgICAgICAwUDAwMDAwYEBAMFBwYHBwcGBwcICQsJCAgKCAcHCg0KCgsMDAwMBwkODw0MDgsMDAz/2wBDAQICAgMDAwYDAwYMCAcIDAwMDAwMDAwMDAwMDAwMDAwMDAwMDAwMDAwMDAwMDAwMDAwMDAwMDAwMDAwMDAwMDAz/wAARCAAGAAoDASIAAhEBAxEB/8QAHwAAAQUBAQEBAQEAAAAAAAAAAAECAwQFBgcICQoL/8QAtRAAAgEDAwIEAwUFBAQAAAF9AQIDAAQRBRIhMUEGE1FhByJxFDKBkaEII0KxwRVS0fAkM2JyggkKFhcYGRolJicoKSo0NTY3ODk6Q0RFRkdISUpTVFVWV1hZWmNkZWZnaGlqc3R1dnd4eXqDhIWGh4iJipKTlJWWl5iZmqKjpKWmp6ipqrKztLW2t7i5usLDxMXGx8jJytLT1NXW19jZ2uHi4+Tl5ufo6erx8vP09fb3+Pn6/8QAHwEAAwEBAQEBAQEBAQAAAAAAAAECAwQFBgcICQoL/8QAtREAAgECBAQDBAcFBAQAAQJ3AAECAxEEBSExBhJBUQdhcRMiMoEIFEKRobHBCSMzUvAVYnLRChYkNOEl8RcYGRomJygpKjU2Nzg5OkNERUZHSElKU1RVVldYWVpjZGVmZ2hpanN0dXZ3eHl6goOEhYaHiImKkpOUlZaXmJmaoqOkpaanqKmqsrO0tba3uLm6wsPExcbHyMnK0tPU1dbX2Nna4uPk5ebn6Onq8vP09fb3+Pn6/9oADAMBAAIRAxEAPwDifiV+0R4J+HX7PGofDO60fxQ2k61rtjptnqsF1DJqOlpe2148E6M65LQCDytqukjphvPWTDr+LvxYsbHSfin4mtdHja30m11W6isonBDRwLM4jU5ZzkKAOXY/7TdSUVGS04wowlHeUU35t3/ry6HsZ5JutNP7Mml5JJH/2Q=='),
(17, 'HIIT高強度間歇性鍛鍊課程', '透過快速的爆發性運動和短暫的休息間歇，學員將挑戰心肺功能極限，提高心肺耐力和快速恢復的能力，燃燒卡路里，並提升耐力和代謝率。', 'HIIT.jpg', 'data:image/jpg;base64,/9j/4AAQSkZJRgABAQEAeAB4AAD/4QAiRXhpZgAATU0AKgAAAAgAAQESAAMAAAABAAEAAAAAAAD/4gHYSUNDX1BST0ZJTEUAAQEAAAHIAAAAAAQwAABtbnRyUkdCIFhZWiAH4AABAAEAAAAAAABhY3NwAAAAAAAAAAAAAAAAAAAAAAAAAAAAAAAAAAAAAQAA9tYAAQAAAADTLQAAAAAAAAAAAAAAAAAAAAAAAAAAAAAAAAAAAAAAAAAAAAAAAAAAAAAAAAAAAAAAAAAAAAlkZXNjAAAA8AAAACRyWFlaAAABFAAAABRnWFlaAAABKAAAABRiWFlaAAABPAAAABR3dHB0AAABUAAAABRyVFJDAAABZAAAAChnVFJDAAABZAAAAChiVFJDAAABZAAAAChjcHJ0AAABjAAAADxtbHVjAAAAAAAAAAEAAAAMZW5VUwAAAAgAAAAcAHMAUgBHAEJYWVogAAAAAAAAb6IAADj1AAADkFhZWiAAAAAAAABimQAAt4UAABjaWFlaIAAAAAAAACSgAAAPhAAAts9YWVogAAAAAAAA9tYAAQAAAADTLXBhcmEAAAAAAAQAAAACZmYAAPKnAAANWQAAE9AAAApbAAAAAAAAAABtbHVjAAAAAAAAAAEAAAAMZW5VUwAAACAAAAAcAEcAbwBvAGcAbABlACAASQBuAGMALgAgADIAMAAxADb/2wBDAAIBAQIBAQICAgICAgICAwUDAwMDAwYEBAMFBwYHBwcGBwcICQsJCAgKCAcHCg0KCgsMDAwMBwkODw0MDgsMDAz/2wBDAQICAgMDAwYDAwYMCAcIDAwMDAwMDAwMDAwMDAwMDAwMDAwMDAwMDAwMDAwMDAwMDAwMDAwMDAwMDAwMDAwMDAz/wAARCAAGAAoDASIAAhEBAxEB/8QAHwAAAQUBAQEBAQEAAAAAAAAAAAECAwQFBgcICQoL/8QAtRAAAgEDAwIEAwUFBAQAAAF9AQIDAAQRBRIhMUEGE1FhByJxFDKBkaEII0KxwRVS0fAkM2JyggkKFhcYGRolJicoKSo0NTY3ODk6Q0RFRkdISUpTVFVWV1hZWmNkZWZnaGlqc3R1dnd4eXqDhIWGh4iJipKTlJWWl5iZmqKjpKWmp6ipqrKztLW2t7i5usLDxMXGx8jJytLT1NXW19jZ2uHi4+Tl5ufo6erx8vP09fb3+Pn6/8QAHwEAAwEBAQEBAQEBAQAAAAAAAAECAwQFBgcICQoL/8QAtREAAgECBAQDBAcFBAQAAQJ3AAECAxEEBSExBhJBUQdhcRMiMoEIFEKRobHBCSMzUvAVYnLRChYkNOEl8RcYGRomJygpKjU2Nzg5OkNERUZHSElKU1RVVldYWVpjZGVmZ2hpanN0dXZ3eHl6goOEhYaHiImKkpOUlZaXmJmaoqOkpaanqKmqsrO0tba3uLm6wsPExcbHyMnK0tPU1dbX2Nna4uPk5ebn6Onq8vP09fb3+Pn6/9oADAMBAAIRAxEAPwD4O+C/j/4keEPDd1qPhnxV/YN5YSNEl5bM8NwjKyP5w8vaGfdsxu6YJBHSvLvHNn448b+NtY1q11zSltdYvpr2EXdmJbgJJIzr5jsGLPhhlixJOTk9aKK+DoVJKrP19fzP07MpN4em9ummmivbb+tuyP/Z'),
(18, '划船機專項訓練課程', '這個課程將教授正確的划船機姿勢和技巧，並結合不同的訓練計畫，幫助學員提升心肺耐力、增強肌肉力量和改善身體的整體協調性。透過有氧和耐力訓練的結合，您將體驗到划船機所帶來的全身運動效果和身心挑戰。', 'rowing-machine.jpg', 'data:image/jpg;base64,/9j/4AAQSkZJRgABAQEAeAB4AAD/4QAiRXhpZgAATU0AKgAAAAgAAQESAAMAAAABAAEAAAAAAAD/4gHYSUNDX1BST0ZJTEUAAQEAAAHIAAAAAAQwAABtbnRyUkdCIFhZWiAH4AABAAEAAAAAAABhY3NwAAAAAAAAAAAAAAAAAAAAAAAAAAAAAAAAAAAAAQAA9tYAAQAAAADTLQAAAAAAAAAAAAAAAAAAAAAAAAAAAAAAAAAAAAAAAAAAAAAAAAAAAAAAAAAAAAAAAAAAAAlkZXNjAAAA8AAAACRyWFlaAAABFAAAABRnWFlaAAABKAAAABRiWFlaAAABPAAAABR3dHB0AAABUAAAABRyVFJDAAABZAAAAChnVFJDAAABZAAAAChiVFJDAAABZAAAAChjcHJ0AAABjAAAADxtbHVjAAAAAAAAAAEAAAAMZW5VUwAAAAgAAAAcAHMAUgBHAEJYWVogAAAAAAAAb6IAADj1AAADkFhZWiAAAAAAAABimQAAt4UAABjaWFlaIAAAAAAAACSgAAAPhAAAts9YWVogAAAAAAAA9tYAAQAAAADTLXBhcmEAAAAAAAQAAAACZmYAAPKnAAANWQAAE9AAAApbAAAAAAAAAABtbHVjAAAAAAAAAAEAAAAMZW5VUwAAACAAAAAcAEcAbwBvAGcAbABlACAASQBuAGMALgAgADIAMAAxADb/2wBDAAIBAQIBAQICAgICAgICAwUDAwMDAwYEBAMFBwYHBwcGBwcICQsJCAgKCAcHCg0KCgsMDAwMBwkODw0MDgsMDAz/2wBDAQICAgMDAwYDAwYMCAcIDAwMDAwMDAwMDAwMDAwMDAwMDAwMDAwMDAwMDAwMDAwMDAwMDAwMDAwMDAwMDAwMDAz/wAARCAAGAAoDASIAAhEBAxEB/8QAHwAAAQUBAQEBAQEAAAAAAAAAAAECAwQFBgcICQoL/8QAtRAAAgEDAwIEAwUFBAQAAAF9AQIDAAQRBRIhMUEGE1FhByJxFDKBkaEII0KxwRVS0fAkM2JyggkKFhcYGRolJicoKSo0NTY3ODk6Q0RFRkdISUpTVFVWV1hZWmNkZWZnaGlqc3R1dnd4eXqDhIWGh4iJipKTlJWWl5iZmqKjpKWmp6ipqrKztLW2t7i5usLDxMXGx8jJytLT1NXW19jZ2uHi4+Tl5ufo6erx8vP09fb3+Pn6/8QAHwEAAwEBAQEBAQEBAQAAAAAAAAECAwQFBgcICQoL/8QAtREAAgECBAQDBAcFBAQAAQJ3AAECAxEEBSExBhJBUQdhcRMiMoEIFEKRobHBCSMzUvAVYnLRChYkNOEl8RcYGRomJygpKjU2Nzg5OkNERUZHSElKU1RVVldYWVpjZGVmZ2hpanN0dXZ3eHl6goOEhYaHiImKkpOUlZaXmJmaoqOkpaanqKmqsrO0tba3uLm6wsPExcbHyMnK0tPU1dbX2Nna4uPk5ebn6Onq8vP09fb3+Pn6/9oADAMBAAIRAxEAPwD84f2bviTNoOl3Hi6/aa5sdDmt7nzwsb3mnhBmVIoyBFKcErHITEyhisnnRF4JPnP4h+JtavfH+uTXq2k15NqFw87yTG5d5DIxYtLIm+Qk5y7/ADN1PJNFFcNejBVnUtq0rv8Ar0OzDVp+yVO+ib/Q/9k=');

-- --------------------------------------------------------

--
-- Table structure for table `c_l_certification`
--

DROP TABLE IF EXISTS `c_l_certification`;
CREATE TABLE `c_l_certification` (
  `sid` int(11) NOT NULL,
  `name` varchar(256) NOT NULL
) ENGINE=InnoDB DEFAULT CHARSET=utf8;

--
-- Dumping data for table `c_l_certification`
--

INSERT INTO `c_l_certification` (`sid`, `name`) VALUES
(17, 'ACE-CPT 私人教練證照'),
(18, 'ACE-GFI 團課教練證照'),
(19, 'ACE-HC 健康教練證照'),
(20, 'ACE-MES 醫學運動專家'),
(4, 'ACSM-CEP 醫療運動生理師'),
(1, 'ACSM-CPT 私人教練證照'),
(3, 'ACSM-EPC 運動生理學家證照'),
(2, 'ACSM-GEI 團課教練證照'),
(5, 'ACSM-RCEP 註冊醫療運動生理師'),
(23, 'AFAA-FDI國際體適能有氧舞蹈指導員'),
(26, 'AFAA-KB拳擊體適能'),
(24, 'AFAA-MAT墊上核心訓練'),
(21, 'AFAA-PFT個人體適能顧問'),
(25, 'AFAA-STEP階梯有氧'),
(22, 'AFAA-WT重量訓練'),
(45, 'FTC功能訓練師'),
(48, 'GTC團體訓練師'),
(13, 'NASM-CES 矯正運動專家'),
(16, 'NASM-CNC 營養教練認證'),
(11, 'NASM-CPT 私人教練證照'),
(12, 'NASM-PES 表現提升專家'),
(15, 'NASM-SFS 銀髮族訓練專家'),
(14, 'NASM-YES 青少年體能訓練專家'),
(41, 'NCSF-CPT 私人教練認證'),
(42, 'NCSF-CSC 肌力教練証認'),
(43, 'NCSF-SNS 運動營養專家'),
(10, 'NSCA-CPSS 運動表現科學家'),
(6, 'NSCA-CPT 私人教練證照'),
(7, 'NSCA-CSCS 肌力與體能訓練專家'),
(8, 'NSCA-CSPS 特殊族群訓練專家'),
(9, 'NSCA-TSAC 戰術肌力與體能訓練師'),
(37, 'PTAG-CPT 私人教練認證'),
(39, 'PTAG-ESM Lv1 情緒與壓力管理Lv1'),
(36, 'PTAG-Foundation 基礎課程'),
(38, 'PTAG-Mentorship Lv1 引導力Lv1'),
(40, 'PTAG-Mentorship Lv2 引導力Lv2'),
(46, 'RTC彈力棍訓練師'),
(49, 'SMSTC運動醫學懸吊訓練師'),
(44, 'STC懸吊訓練師'),
(47, 'YOGA瑜珈'),
(30, 'Zumba-AQUA'),
(27, 'Zumba-Basic1&2'),
(28, 'Zumba-Gold'),
(34, 'Zumba-JamSession'),
(29, 'Zumba-Kids+Kids Jr.'),
(33, 'Zumba-Pro Skills'),
(31, 'Zumba-Step'),
(35, 'Zumba-Strong'),
(32, 'Zumba-TONING');

-- --------------------------------------------------------

--
-- Table structure for table `c_l_coachs`
--

DROP TABLE IF EXISTS `c_l_coachs`;
CREATE TABLE `c_l_coachs` (
  `sid` int(11) NOT NULL,
  `member_sid` int(11) NOT NULL,
  `nickname` varchar(32) DEFAULT NULL,
  `introduction` varchar(512) NOT NULL,
  `location_sid` int(8) NOT NULL,
  `img` varchar(32) NOT NULL DEFAULT './imgs/coach_imgs/coach.png',
  `created_at` timestamp NOT NULL DEFAULT CURRENT_TIMESTAMP,
  `img_base64` varchar(10000) NOT NULL
) ENGINE=InnoDB DEFAULT CHARSET=utf8;

--
-- Dumping data for table `c_l_coachs`
--

INSERT INTO `c_l_coachs` (`sid`, `member_sid`, `nickname`, `introduction`, `location_sid`, `img`, `created_at`, `img_base64`) VALUES
(1, 13, 'Lily', '嗨，大家好！我是Lily，一位充滿活力和熱情的健身教練。我擁有多年的運動經驗和專業培訓，致力於幫助女性實現健康和健美的目標。透過定制的運動計劃和營養指導，我希望每位學員都能發現自己的潛力，並在健身旅程中取得驚人的成就！', 1, 'lily.jpg', '2023-07-17 03:10:24', 'data:image/jpg;base64,/9j/4AAQSkZJRgABAQEAeAB4AAD/4QAiRXhpZgAATU0AKgAAAAgAAQESAAMAAAABAAEAAAAAAAD/7QB8UGhvdG9zaG9wIDMuMAA4QklNBAQAAAAAAGAcAigAWkZCTUQyMzAwMDk2ODAxMDAwMDFhODIwMDAwZGY4ZTAwMDBkNjlkMDAwMDExMDQwMTAwZGM4NzAxMDA1YWIyMDEwMDY2YzcwMjAwMGY4NTAzMDA1NDA1MDQwMAD/2wBDAAIBAQIBAQICAgICAgICAwUDAwMDAwYEBAMFBwYHBwcGBwcICQsJCAgKCAcHCg0KCgsMDAwMBwkODw0MDgsMDAz/2wBDAQICAgMDAwYDAwYMCAcIDAwMDAwMDAwMDAwMDAwMDAwMDAwMDAwMDAwMDAwMDAwMDAwMDAwMDAwMDAwMDAwMDAz/wAARCAAMAAoDASIAAhEBAxEB/8QAHwAAAQUBAQEBAQEAAAAAAAAAAAECAwQFBgcICQoL/8QAtRAAAgEDAwIEAwUFBAQAAAF9AQIDAAQRBRIhMUEGE1FhByJxFDKBkaEII0KxwRVS0fAkM2JyggkKFhcYGRolJicoKSo0NTY3ODk6Q0RFRkdISUpTVFVWV1hZWmNkZWZnaGlqc3R1dnd4eXqDhIWGh4iJipKTlJWWl5iZmqKjpKWmp6ipqrKztLW2t7i5usLDxMXGx8jJytLT1NXW19jZ2uHi4+Tl5ufo6erx8vP09fb3+Pn6/8QAHwEAAwEBAQEBAQEBAQAAAAAAAAECAwQFBgcICQoL/8QAtREAAgECBAQDBAcFBAQAAQJ3AAECAxEEBSExBhJBUQdhcRMiMoEIFEKRobHBCSMzUvAVYnLRChYkNOEl8RcYGRomJygpKjU2Nzg5OkNERUZHSElKU1RVVldYWVpjZGVmZ2hpanN0dXZ3eHl6goOEhYaHiImKkpOUlZaXmJmaoqOkpaanqKmqsrO0tba3uLm6wsPExcbHyMnK0tPU1dbX2Nna4uPk5ebn6Onq8vP09fb3+Pn6/9oADAMBAAIRAxEAPwDzr46f8FKU+BH7creHm1PWo/CPhIaFaWEEIuILHULVtn9pq0Ql+zXRuI5hcQSvC8jQvbPHJD5e1/d4P+Clf7KN7Akz/FbTLJ5lDtb3Wl3sc8BPOyRfJO1x0IycEEV+e3/Ba/wI37MX/BQDxp4d0nWtY1qwWw8P6ZnWTBOywvpFtd/IEjRIishbaIlRVVioAHFeBaR4aOtaTa3k1/e+ddwpM+0RY3MATjKE9+5rOjPk+K75lffZ3advLQ9bEU4ziuXTldtt1o7vz1P/2Q=='),
(2, 14, 'Sonia', '大家好！我是熱愛挑戰的Sonia。我的教學風格融合了瑜珈和高強度訓練，致力於提升學生的力量和耐力。透過靜坐冥想和有氧運動，我鼓勵學生們超越舒適區，發現自己的潛力，並達到身心的完美平衡。', 1, 'sonia.jpg', '2023-07-17 03:10:24', 'data:image/jpg;base64,/9j/4AAQSkZJRgABAQEAeAB4AAD/4QAiRXhpZgAATU0AKgAAAAgAAQESAAMAAAABAAEAAAAAAAD/7QB8UGhvdG9zaG9wIDMuMAA4QklNBAQAAAAAAGAcAigAWkZCTUQyMzAwMDk2OTAxMDAwMGU0MjEwMDAwMmYyYjAwMDA2NTMyMDAwMGRmNTMwMDAwMTU2YzAwMDAwYzc1MDAwMDZiOTkwMDAwMzBhNjAwMDA2ZWIyMDAwMAD/2wBDAAIBAQIBAQICAgICAgICAwUDAwMDAwYEBAMFBwYHBwcGBwcICQsJCAgKCAcHCg0KCgsMDAwMBwkODw0MDgsMDAz/2wBDAQICAgMDAwYDAwYMCAcIDAwMDAwMDAwMDAwMDAwMDAwMDAwMDAwMDAwMDAwMDAwMDAwMDAwMDAwMDAwMDAwMDAz/wAARCAAMAAoDASIAAhEBAxEB/8QAHwAAAQUBAQEBAQEAAAAAAAAAAAECAwQFBgcICQoL/8QAtRAAAgEDAwIEAwUFBAQAAAF9AQIDAAQRBRIhMUEGE1FhByJxFDKBkaEII0KxwRVS0fAkM2JyggkKFhcYGRolJicoKSo0NTY3ODk6Q0RFRkdISUpTVFVWV1hZWmNkZWZnaGlqc3R1dnd4eXqDhIWGh4iJipKTlJWWl5iZmqKjpKWmp6ipqrKztLW2t7i5usLDxMXGx8jJytLT1NXW19jZ2uHi4+Tl5ufo6erx8vP09fb3+Pn6/8QAHwEAAwEBAQEBAQEBAQAAAAAAAAECAwQFBgcICQoL/8QAtREAAgECBAQDBAcFBAQAAQJ3AAECAxEEBSExBhJBUQdhcRMiMoEIFEKRobHBCSMzUvAVYnLRChYkNOEl8RcYGRomJygpKjU2Nzg5OkNERUZHSElKU1RVVldYWVpjZGVmZ2hpanN0dXZ3eHl6goOEhYaHiImKkpOUlZaXmJmaoqOkpaanqKmqsrO0tba3uLm6wsPExcbHyMnK0tPU1dbX2Nna4uPk5ebn6Onq8vP09fb3+Pn6/9oADAMBAAIRAxEAPwCP4g+JtW8MfGPw94zs5DPZeFbkRtpf2+O1uLzbBeee0ZMm0QSI6qzzRhGMEbKwChx9d2mtrqtrHdW7bre5QSxFwY2KsMjKtgqcHoRkdDX5YJ8QNQP/AAWq8A2d55GqWcPlWlrb3iebFZCTTXlLxLnCyCUCQMckOAewx+ix1i4J+9XzNHD1qOtSfMpJNK1rK21+v9er9WviKVRJQhytXT1vf+v66W//2Q=='),
(3, 15, 'Finn', '大家好，我是Finn，一位專業的健身教練。我相信健身不僅僅是改變身體，更是改變生活的過程。我以鼓勵和激勵為基礎，幫助我的學員建立強健的身體和積極的心態。我熱愛挑戰和持續學習，致力於與每位學員攜手並肩，實現他們的健康目標。讓我們一起追求健康的生活方式吧！', 2, 'sophia.jpg', '2023-07-17 03:10:24', 'data:image/jpg;base64,/9j/4AAQSkZJRgABAQEAeAB4AAD/4QAiRXhpZgAATU0AKgAAAAgAAQESAAMAAAABAAEAAAAAAAD/7QB8UGhvdG9zaG9wIDMuMAA4QklNBAQAAAAAAGAcAigAWkZCTUQyMzAwMDk2YTAxMDAwMDBjOWIwMDAwNThiYzAwMDA2MWRhMDAwMGUzNGMwMTAwMjhiMzAxMDAxN2MzMDEwMGFjYmEwMjAwMzBmZDAyMDBhZTExMDMwMAD/2wBDAAIBAQIBAQICAgICAgICAwUDAwMDAwYEBAMFBwYHBwcGBwcICQsJCAgKCAcHCg0KCgsMDAwMBwkODw0MDgsMDAz/2wBDAQICAgMDAwYDAwYMCAcIDAwMDAwMDAwMDAwMDAwMDAwMDAwMDAwMDAwMDAwMDAwMDAwMDAwMDAwMDAwMDAwMDAz/wAARCAAMAAoDASIAAhEBAxEB/8QAHwAAAQUBAQEBAQEAAAAAAAAAAAECAwQFBgcICQoL/8QAtRAAAgEDAwIEAwUFBAQAAAF9AQIDAAQRBRIhMUEGE1FhByJxFDKBkaEII0KxwRVS0fAkM2JyggkKFhcYGRolJicoKSo0NTY3ODk6Q0RFRkdISUpTVFVWV1hZWmNkZWZnaGlqc3R1dnd4eXqDhIWGh4iJipKTlJWWl5iZmqKjpKWmp6ipqrKztLW2t7i5usLDxMXGx8jJytLT1NXW19jZ2uHi4+Tl5ufo6erx8vP09fb3+Pn6/8QAHwEAAwEBAQEBAQEBAQAAAAAAAAECAwQFBgcICQoL/8QAtREAAgECBAQDBAcFBAQAAQJ3AAECAxEEBSExBhJBUQdhcRMiMoEIFEKRobHBCSMzUvAVYnLRChYkNOEl8RcYGRomJygpKjU2Nzg5OkNERUZHSElKU1RVVldYWVpjZGVmZ2hpanN0dXZ3eHl6goOEhYaHiImKkpOUlZaXmJmaoqOkpaanqKmqsrO0tba3uLm6wsPExcbHyMnK0tPU1dbX2Nna4uPk5ebn6Onq8vP09fb3+Pn6/9oADAMBAAIRAxEAPwDxX9pfxh4bsG03wjoukJb2fjrTdYl1X7JaFPsZ0qyt7uzefY6yqzSyyfMSpAYKqsJNwufC7/gi7N8Uvhl4d8T2/iG8S38R6XbapGqaJvVVniWUANu5GG6966j/AIJUahceMvhZrHxA1ORbzUj4mvtHFk8Mf2MRWuh/a4mI2+a7CR5Bh5GTbIfkBCsvw74D/be+LngvwNouj6b4/wBdttO0mxgs7WFfKxFFHGqIo+TsoA/CuXLKypVqqqOX2dmtXbd3W9kl8kbZlUboUXTS67rz20d7Xu/m9j//2Q=='),
(4, 16, 'Jessica', '大家好，我是Jessica，一位熱愛挑戰的健身教練。我專精於皮拉提斯，以強化核心和改善靈活度為主要目標。我的訓練課程結合了高強度的有氧運動和精確的身體控制動作，帶領學員們達到全面的健康與健身效果。讓我們一起追求健康活力的生活吧！', 2, 'jessica.jpg', '2023-07-17 03:10:24', 'data:image/jpg;base64,/9j/4AAQSkZJRgABAQEAeAB4AAD/4QAiRXhpZgAATU0AKgAAAAgAAQESAAMAAAABAAEAAAAAAAD/7QB8UGhvdG9zaG9wIDMuMAA4QklNBAQAAAAAAGAcAigAWkZCTUQyMzAwMDk2ODAxMDAwMDRmODkwMDAwZjM5YTAwMDA2ZWFkMDAwMGU4MDkwMTAwMTM3MzAxMDAyZjg3MDEwMGU4NTQwMjAwYWViMjAyMDBiNGYxMDIwMAD/2wBDAAIBAQIBAQICAgICAgICAwUDAwMDAwYEBAMFBwYHBwcGBwcICQsJCAgKCAcHCg0KCgsMDAwMBwkODw0MDgsMDAz/2wBDAQICAgMDAwYDAwYMCAcIDAwMDAwMDAwMDAwMDAwMDAwMDAwMDAwMDAwMDAwMDAwMDAwMDAwMDAwMDAwMDAwMDAz/wAARCAAMAAoDASIAAhEBAxEB/8QAHwAAAQUBAQEBAQEAAAAAAAAAAAECAwQFBgcICQoL/8QAtRAAAgEDAwIEAwUFBAQAAAF9AQIDAAQRBRIhMUEGE1FhByJxFDKBkaEII0KxwRVS0fAkM2JyggkKFhcYGRolJicoKSo0NTY3ODk6Q0RFRkdISUpTVFVWV1hZWmNkZWZnaGlqc3R1dnd4eXqDhIWGh4iJipKTlJWWl5iZmqKjpKWmp6ipqrKztLW2t7i5usLDxMXGx8jJytLT1NXW19jZ2uHi4+Tl5ufo6erx8vP09fb3+Pn6/8QAHwEAAwEBAQEBAQEBAQAAAAAAAAECAwQFBgcICQoL/8QAtREAAgECBAQDBAcFBAQAAQJ3AAECAxEEBSExBhJBUQdhcRMiMoEIFEKRobHBCSMzUvAVYnLRChYkNOEl8RcYGRomJygpKjU2Nzg5OkNERUZHSElKU1RVVldYWVpjZGVmZ2hpanN0dXZ3eHl6goOEhYaHiImKkpOUlZaXmJmaoqOkpaanqKmqsrO0tba3uLm6wsPExcbHyMnK0tPU1dbX2Nna4uPk5ebn6Onq8vP09fb3+Pn6/9oADAMBAAIRAxEAPwDk/i7+0L8KP2rPjjotnc+A7z7Z4be4kubbUtW06CO8UxmdoYv7PW0WYDy2jkcOWXySYpFb5TuweOfD7QIZJrrQZCo36YulzFdOPeAGS+D/ACfd+cBvl5Gc19g+NP8Agm18I/2Sv2QL3xtpvh+68U+O/hl4Y1bVdK8Sa/qE76jPJaW9zcwRztbtCjRLny9ioo2AdH/eV8//AAO+IUfxI+Cng/xFeeH/AA7bXevaJZajPDbQSLDE80CSMqBpGIUFiACScYyT1qsO5RnK7unr/X3HPiqcZQg7badvPpu9Xq/JdD//2Q=='),
(5, 17, 'Emily', '嗨！我是Emily，一位充滿活力的健身教練。以瑜珈為基礎，我專注於幫助學生提高靈活性和身心平衡。透過動態流動的動作和深呼吸，我帶領學生們體驗身心的和諧，並在愉快的環境中找到內在的力量和自信。', 3, 'emily.jpg', '2023-07-17 03:10:24', 'data:image/jpg;base64,/9j/4AAQSkZJRgABAQEAeAB4AAD/4QAiRXhpZgAATU0AKgAAAAgAAQESAAMAAAABAAEAAAAAAAD/7QB8UGhvdG9zaG9wIDMuMAA4QklNBAQAAAAAAGAcAigAWkZCTUQyMzAwMDk2YTAxMDAwMGIzMjIwMDAwNzgyNzAwMDBlMTJjMDAwMDI5NjQwMDAwODc4MzAwMDA5YTkzMDAwMDc1YzEwMDAwMDFkOTAwMDBlZmVmMDAwMAD/2wBDAAIBAQIBAQICAgICAgICAwUDAwMDAwYEBAMFBwYHBwcGBwcICQsJCAgKCAcHCg0KCgsMDAwMBwkODw0MDgsMDAz/2wBDAQICAgMDAwYDAwYMCAcIDAwMDAwMDAwMDAwMDAwMDAwMDAwMDAwMDAwMDAwMDAwMDAwMDAwMDAwMDAwMDAwMDAz/wAARCAAMAAoDASIAAhEBAxEB/8QAHwAAAQUBAQEBAQEAAAAAAAAAAAECAwQFBgcICQoL/8QAtRAAAgEDAwIEAwUFBAQAAAF9AQIDAAQRBRIhMUEGE1FhByJxFDKBkaEII0KxwRVS0fAkM2JyggkKFhcYGRolJicoKSo0NTY3ODk6Q0RFRkdISUpTVFVWV1hZWmNkZWZnaGlqc3R1dnd4eXqDhIWGh4iJipKTlJWWl5iZmqKjpKWmp6ipqrKztLW2t7i5usLDxMXGx8jJytLT1NXW19jZ2uHi4+Tl5ufo6erx8vP09fb3+Pn6/8QAHwEAAwEBAQEBAQEBAQAAAAAAAAECAwQFBgcICQoL/8QAtREAAgECBAQDBAcFBAQAAQJ3AAECAxEEBSExBhJBUQdhcRMiMoEIFEKRobHBCSMzUvAVYnLRChYkNOEl8RcYGRomJygpKjU2Nzg5OkNERUZHSElKU1RVVldYWVpjZGVmZ2hpanN0dXZ3eHl6goOEhYaHiImKkpOUlZaXmJmaoqOkpaanqKmqsrO0tba3uLm6wsPExcbHyMnK0tPU1dbX2Nna4uPk5ebn6Onq8vP09fb3+Pn6/9oADAMBAAIRAxEAPwD5F+Hnw3YeD7rR9W8S69baD4Z8E6D4h1HQjFI8N/F9g0ZL23LM728Py3bSxzmJXdzNErxmUSj89dd+F+tf25efbLnTVvPPfzw93HGwk3HdlQcKc54HSv1R/ay8Eaf4T/ZS8d/EbSVvLHU/iB8OLifUNPN5NdadbmXWdGLi3jnaRolxcMoUOQqxxAYCCvzSPxB1pj/yEpv++V/wrOjCXNK7/wCAaVpLljyrvc//2Q=='),
(6, 18, 'Ella', '嗨，大家好！我是Ella，一位對皮拉提斯熱愛的健身教練。我的訓練風格融合了舞蹈的優雅和力量訓練的效果，致力於幫助每個學員改善體態和核心力量。透過我的指導，您將獲得更強健的身體和平衡的心靈。', 3, 'ella.jpg', '2023-07-17 03:10:24', 'data:image/jpg;base64,/9j/4AAQSkZJRgABAQEAeAB4AAD/4QAiRXhpZgAATU0AKgAAAAgAAQESAAMAAAABAAEAAAAAAAD/7QB8UGhvdG9zaG9wIDMuMAA4QklNBAQAAAAAAGAcAigAWkZCTUQyMzAwMDk2OTAxMDAwMGE5MjUwMDAwMDczMjAwMDBmYzNiMDAwMGI3NzkwMDAwMjVhMTAwMDAxZmIzMDAwMGZmZTYwMDAwMjEwNjAxMDA5YjFkMDEwMAD/2wBDAAIBAQIBAQICAgICAgICAwUDAwMDAwYEBAMFBwYHBwcGBwcICQsJCAgKCAcHCg0KCgsMDAwMBwkODw0MDgsMDAz/2wBDAQICAgMDAwYDAwYMCAcIDAwMDAwMDAwMDAwMDAwMDAwMDAwMDAwMDAwMDAwMDAwMDAwMDAwMDAwMDAwMDAwMDAz/wAARCAAMAAoDASIAAhEBAxEB/8QAHwAAAQUBAQEBAQEAAAAAAAAAAAECAwQFBgcICQoL/8QAtRAAAgEDAwIEAwUFBAQAAAF9AQIDAAQRBRIhMUEGE1FhByJxFDKBkaEII0KxwRVS0fAkM2JyggkKFhcYGRolJicoKSo0NTY3ODk6Q0RFRkdISUpTVFVWV1hZWmNkZWZnaGlqc3R1dnd4eXqDhIWGh4iJipKTlJWWl5iZmqKjpKWmp6ipqrKztLW2t7i5usLDxMXGx8jJytLT1NXW19jZ2uHi4+Tl5ufo6erx8vP09fb3+Pn6/8QAHwEAAwEBAQEBAQEBAQAAAAAAAAECAwQFBgcICQoL/8QAtREAAgECBAQDBAcFBAQAAQJ3AAECAxEEBSExBhJBUQdhcRMiMoEIFEKRobHBCSMzUvAVYnLRChYkNOEl8RcYGRomJygpKjU2Nzg5OkNERUZHSElKU1RVVldYWVpjZGVmZ2hpanN0dXZ3eHl6goOEhYaHiImKkpOUlZaXmJmaoqOkpaanqKmqsrO0tba3uLm6wsPExcbHyMnK0tPU1dbX2Nna4uPk5ebn6Onq8vP09fb3+Pn6/9oADAMBAAIRAxEAPwC18K9F8D/CTxn8PbXTfFEOsR+IvEK+HrSWeaLRr77S+oeHkc+Xdv5rf6OLtCIGZmNzgnaQKl+M/wCxJ4j8bfGHxZrS6brki6vrN5ehxamQMJJ3fO5l3Nnd1PJ719b+Nv2ffBPh7QzfP4W8PatdNfQy28mq6Zb3zae+yRGa3MqN5LOHG5kwWMceT8orifFvwP8ACeteKtTvG0DSYWu7uWYxxWkeyMs5O1dyk4GcDJJ9Sa5Y0qdN2hFaf5tj+qx5Yy7r/h/xuf/Z'),
(7, 19, 'Alex', '嗨！大家好，我是Alex，一位熱愛健身的健身教練。多年來，我致力於幫助男性改善體態，增強肌肉力量和提升身體素質。我相信每個人都有潛力成為最好的自己，因此我將用我的專業知識和經驗，給予你量身定制的訓練計劃和營養建議，幫助你達到你的健身目標。', 1, 'alex.jpg', '2023-07-17 03:10:24', 'data:image/jpg;base64,/9j/4AAQSkZJRgABAQEAeAB4AAD/4QAiRXhpZgAATU0AKgAAAAgAAQESAAMAAAABAAEAAAAAAAD/7QB8UGhvdG9zaG9wIDMuMAA4QklNBAQAAAAAAGAcAigAWkZCTUQyMzAwMDk2YTAxMDAwMDFjMmUwMDAwMGMzYjAwMDAxZDRjMDAwMGIwYzcwMDAwNGVmZjAwMDBlMTQwMDEwMDA0ODQwMTAwMDViZTAxMDAyYjIwMDIwMAD/2wBDAAIBAQIBAQICAgICAgICAwUDAwMDAwYEBAMFBwYHBwcGBwcICQsJCAgKCAcHCg0KCgsMDAwMBwkODw0MDgsMDAz/2wBDAQICAgMDAwYDAwYMCAcIDAwMDAwMDAwMDAwMDAwMDAwMDAwMDAwMDAwMDAwMDAwMDAwMDAwMDAwMDAwMDAwMDAz/wAARCAAMAAoDASIAAhEBAxEB/8QAHwAAAQUBAQEBAQEAAAAAAAAAAAECAwQFBgcICQoL/8QAtRAAAgEDAwIEAwUFBAQAAAF9AQIDAAQRBRIhMUEGE1FhByJxFDKBkaEII0KxwRVS0fAkM2JyggkKFhcYGRolJicoKSo0NTY3ODk6Q0RFRkdISUpTVFVWV1hZWmNkZWZnaGlqc3R1dnd4eXqDhIWGh4iJipKTlJWWl5iZmqKjpKWmp6ipqrKztLW2t7i5usLDxMXGx8jJytLT1NXW19jZ2uHi4+Tl5ufo6erx8vP09fb3+Pn6/8QAHwEAAwEBAQEBAQEBAQAAAAAAAAECAwQFBgcICQoL/8QAtREAAgECBAQDBAcFBAQAAQJ3AAECAxEEBSExBhJBUQdhcRMiMoEIFEKRobHBCSMzUvAVYnLRChYkNOEl8RcYGRomJygpKjU2Nzg5OkNERUZHSElKU1RVVldYWVpjZGVmZ2hpanN0dXZ3eHl6goOEhYaHiImKkpOUlZaXmJmaoqOkpaanqKmqsrO0tba3uLm6wsPExcbHyMnK0tPU1dbX2Nna4uPk5ebn6Onq8vP09fb3+Pn6/9oADAMBAAIRAxEAPwD5G/bdt/DXxK1T4t2N9Z6DpuqzRaRbabqOp6eouNJNp9onuCsqupjiljuonDRhxIByrDGfhi48K6la3EkRsdUl8tiu9LSUK+OMjIBwfevuH/gpp8XdX8KeJfGeiwW/hq4iuIFtTdXfhzTri9WKKIMqee8Bdl+VVw5bCoirtCqB8fa7+1H8StV1y8upvHniozXM7yyFL941LMxJwq4VRk9FAA7ACs6dNwoQdOCTkk37zfRbLl0/zO6vUhPEzVao2otpJQS05pPV8+r1t6fj/9k='),
(8, 20, 'Nick', '嘿！我是Nick，一位經驗豐富的男性健身教練，專攻拳擊領域。我自小就對拳擊產生濃厚的興趣，並在這個領域裡奮鬥了十年以上。我致力於指導男性達到他們的健身目標，提升耐力、力量和技巧。透過我的個人化訓練計劃和專業指導，我將協助你鍛煉出強壯的身體和拳擊技巧，讓你在拳擊場上備受矚目！', 1, 'nick.jpg', '2023-07-17 03:10:24', 'data:image/jpg;base64,/9j/4AAQSkZJRgABAQEAeAB4AAD/4QAiRXhpZgAATU0AKgAAAAgAAQESAAMAAAABAAEAAAAAAAD/7QB8UGhvdG9zaG9wIDMuMAA4QklNBAQAAAAAAGAcAigAWkZCTUQyMzAwMDk2ODAxMDAwMDQ2NzIwMDAwNzY3YjAwMDA4Mjg2MDAwMDM4Y2EwMDAwZDIwNjAxMDAyMDFjMDEwMGI0YjEwMTAwODVlNTAxMDA0YTBlMDIwMAD/2wBDAAIBAQIBAQICAgICAgICAwUDAwMDAwYEBAMFBwYHBwcGBwcICQsJCAgKCAcHCg0KCgsMDAwMBwkODw0MDgsMDAz/2wBDAQICAgMDAwYDAwYMCAcIDAwMDAwMDAwMDAwMDAwMDAwMDAwMDAwMDAwMDAwMDAwMDAwMDAwMDAwMDAwMDAwMDAz/wAARCAAMAAoDASIAAhEBAxEB/8QAHwAAAQUBAQEBAQEAAAAAAAAAAAECAwQFBgcICQoL/8QAtRAAAgEDAwIEAwUFBAQAAAF9AQIDAAQRBRIhMUEGE1FhByJxFDKBkaEII0KxwRVS0fAkM2JyggkKFhcYGRolJicoKSo0NTY3ODk6Q0RFRkdISUpTVFVWV1hZWmNkZWZnaGlqc3R1dnd4eXqDhIWGh4iJipKTlJWWl5iZmqKjpKWmp6ipqrKztLW2t7i5usLDxMXGx8jJytLT1NXW19jZ2uHi4+Tl5ufo6erx8vP09fb3+Pn6/8QAHwEAAwEBAQEBAQEBAQAAAAAAAAECAwQFBgcICQoL/8QAtREAAgECBAQDBAcFBAQAAQJ3AAECAxEEBSExBhJBUQdhcRMiMoEIFEKRobHBCSMzUvAVYnLRChYkNOEl8RcYGRomJygpKjU2Nzg5OkNERUZHSElKU1RVVldYWVpjZGVmZ2hpanN0dXZ3eHl6goOEhYaHiImKkpOUlZaXmJmaoqOkpaanqKmqsrO0tba3uLm6wsPExcbHyMnK0tPU1dbX2Nna4uPk5ebn6Onq8vP09fb3+Pn6/9oADAMBAAIRAxEAPwDymb9vS8+Gvxr/AGdvh/beErzULO1tfDup6haPfCJr/wD06O9VoY2IhLR/ZwP3xDFoyqlAf3n6KeLIri58U6lJFNYxxSXcrIq2NttUFyQBmPOPrX4awfEzUtS/4KY/CWS5FvcLZ3fhHSoY2UhUgnhshIOCDnN1MwOcgsPQCv1cuvi/qSXMg2KcMRk3d1zz/wBdqx5Wpf1/W1vxKi04/h08v1b+Vj//2Q=='),
(9, 21, 'Eric', '嗨，大家好！我是Eric，一位專業的健身教練。我在健身界有多年的經驗，特別專精於臥推訓練。我相信每個人都有潛力成為最好的自己，我的目標是幫助你達到健康、強壯的身體。我將結合個人化的訓練計劃、營養指導和持久的動力，讓你實現自己的健身目標。', 3, 'eric.jpg', '2023-07-17 03:10:24', 'data:image/jpg;base64,/9j/4AAQSkZJRgABAQEAeAB4AAD/4QAiRXhpZgAATU0AKgAAAAgAAQESAAMAAAABAAEAAAAAAAD/7QB8UGhvdG9zaG9wIDMuMAA4QklNBAQAAAAAAGAcAigAWkZCTUQyMzAwMDk2OTAxMDAwMGI4NDcwMDAwYzE0ZTAwMDBmYTU2MDAwMDc4NzMwMDAwYmQ5MTAwMDA3MDk4MDAwMDNiZGIwMDAwMTdlZDAwMDBlNWY2MDAwMAD/2wBDAAIBAQIBAQICAgICAgICAwUDAwMDAwYEBAMFBwYHBwcGBwcICQsJCAgKCAcHCg0KCgsMDAwMBwkODw0MDgsMDAz/2wBDAQICAgMDAwYDAwYMCAcIDAwMDAwMDAwMDAwMDAwMDAwMDAwMDAwMDAwMDAwMDAwMDAwMDAwMDAwMDAwMDAwMDAz/wAARCAAKAAoDASIAAhEBAxEB/8QAHwAAAQUBAQEBAQEAAAAAAAAAAAECAwQFBgcICQoL/8QAtRAAAgEDAwIEAwUFBAQAAAF9AQIDAAQRBRIhMUEGE1FhByJxFDKBkaEII0KxwRVS0fAkM2JyggkKFhcYGRolJicoKSo0NTY3ODk6Q0RFRkdISUpTVFVWV1hZWmNkZWZnaGlqc3R1dnd4eXqDhIWGh4iJipKTlJWWl5iZmqKjpKWmp6ipqrKztLW2t7i5usLDxMXGx8jJytLT1NXW19jZ2uHi4+Tl5ufo6erx8vP09fb3+Pn6/8QAHwEAAwEBAQEBAQEBAQAAAAAAAAECAwQFBgcICQoL/8QAtREAAgECBAQDBAcFBAQAAQJ3AAECAxEEBSExBhJBUQdhcRMiMoEIFEKRobHBCSMzUvAVYnLRChYkNOEl8RcYGRomJygpKjU2Nzg5OkNERUZHSElKU1RVVldYWVpjZGVmZ2hpanN0dXZ3eHl6goOEhYaHiImKkpOUlZaXmJmaoqOkpaanqKmqsrO0tba3uLm6wsPExcbHyMnK0tPU1dbX2Nna4uPk5ebn6Onq8vP09fb3+Pn6/9oADAMBAAIRAxEAPwD8dLTwnDcfDxtQk16OG+klIs9ODS7BBFA8szSMAURy3lJEmcv+8J2jYX5FrZc/dX8j/jWnruq3VtdLp8dxcR6fNZW9xJbLIRC8ot0w5ToWG5ucZ+Y+pqjeKEu5QBgByAB25rOG7Nqjuo+h/9k='),
(10, 22, 'Mark', '大家好，我是Mark，一位熱衷於健身的健身教練。我對於運動科學充滿熱情，並致力於幫助每個人達到他們的最佳狀態。我專注於臥推訓練，因為我相信強健的胸部和上肢肌肉不僅是外表的展示，更是提升整體體能和功能性的關鍵。讓我們一同努力，追尋強壯健康的身體吧！', 1, 'mark.jpg', '2023-07-17 03:10:24', 'data:image/jpg;base64,/9j/4AAQSkZJRgABAQEAeAB4AAD/4QAiRXhpZgAATU0AKgAAAAgAAQESAAMAAAABAAEAAAAAAAD/7QBsUGhvdG9zaG9wIDMuMAA4QklNBAQAAAAAAFAcAigASkZCTUQwZjAwMDc1OTAxMDAwMDdmM2UwMDAwMWU4NjAwMDAzNThmMDAwMDJiOTgwMDAwZjRiMTAwMDA5NDFiMDEwMDdjMjIwMTAwAP/bAEMAAgEBAgEBAgICAgICAgIDBQMDAwMDBgQEAwUHBgcHBwYHBwgJCwkICAoIBwcKDQoKCwwMDAwHCQ4PDQwOCwwMDP/bAEMBAgICAwMDBgMDBgwIBwgMDAwMDAwMDAwMDAwMDAwMDAwMDAwMDAwMDAwMDAwMDAwMDAwMDAwMDAwMDAwMDAwMDP/AABEIAAoACgMBIgACEQEDEQH/xAAfAAABBQEBAQEBAQAAAAAAAAAAAQIDBAUGBwgJCgv/xAC1EAACAQMDAgQDBQUEBAAAAX0BAgMABBEFEiExQQYTUWEHInEUMoGRoQgjQrHBFVLR8CQzYnKCCQoWFxgZGiUmJygpKjQ1Njc4OTpDREVGR0hJSlNUVVZXWFlaY2RlZmdoaWpzdHV2d3h5eoOEhYaHiImKkpOUlZaXmJmaoqOkpaanqKmqsrO0tba3uLm6wsPExcbHyMnK0tPU1dbX2Nna4eLj5OXm5+jp6vHy8/T19vf4+fr/xAAfAQADAQEBAQEBAQEBAAAAAAAAAQIDBAUGBwgJCgv/xAC1EQACAQIEBAMEBwUEBAABAncAAQIDEQQFITEGEkFRB2FxEyIygQgUQpGhscEJIzNS8BVictEKFiQ04SXxFxgZGiYnKCkqNTY3ODk6Q0RFRkdISUpTVFVWV1hZWmNkZWZnaGlqc3R1dnd4eXqCg4SFhoeIiYqSk5SVlpeYmZqio6Slpqeoqaqys7S1tre4ubrCw8TFxsfIycrS09TV1tfY2dri4+Tl5ufo6ery8/T19vf4+fr/2gAMAwEAAhEDEQA/APxr8N6Sx8O2skmm295efEJI7ee6kt5F/sUm+2JBEybmjDQxKSAu5oZSq5B4811JtCtdRuI2ttVDRyMpCSxKoIJHAw2B7bm+p617l8ONbvLL9mzVrOG8uobSVdameBJWWN3NhpsZYqDgsUd1z12uw6E14bEd8Ss3LEAknvXPh6jm5eTaOnEU1FRt2T+//g6n/9k='),
(11, 23, 'Aaron', '嗨！大家好，我是Aaron，一位充滿熱情的健身教練，專注於拳擊訓練。我在拳擊領域有超過十年的經驗，曾參與多個國際比賽並贏得多項冠軍。我致力於幫助男性達到他們最佳的身體狀態和技巧水平，並在拳擊中找到自信和耐力。透過我的個人化教學和訓練計劃，我相信你將能夠在拳擊場上展現出你的真正實力！', 2, 'aaron.jpg', '2023-07-17 03:10:24', 'data:image/jpg;base64,/9j/4AAQSkZJRgABAQEAeAB4AAD/4QAiRXhpZgAATU0AKgAAAAgAAQESAAMAAAABAAEAAAAAAAD/7QB8UGhvdG9zaG9wIDMuMAA4QklNBAQAAAAAAGAcAigAWkZCTUQyMzAwMDk2OTAxMDAwMDkwMTMwMDAwYmExNzAwMDBlZjFjMDAwMDhlMmYwMDAwNzEzZjAwMDBlNDQ2MDAwMDlkNjUwMDAwYjk3MjAwMDBhODdkMDAwMAD/2wBDAAIBAQIBAQICAgICAgICAwUDAwMDAwYEBAMFBwYHBwcGBwcICQsJCAgKCAcHCg0KCgsMDAwMBwkODw0MDgsMDAz/2wBDAQICAgMDAwYDAwYMCAcIDAwMDAwMDAwMDAwMDAwMDAwMDAwMDAwMDAwMDAwMDAwMDAwMDAwMDAwMDAwMDAwMDAz/wAARCAAMAAoDASIAAhEBAxEB/8QAHwAAAQUBAQEBAQEAAAAAAAAAAAECAwQFBgcICQoL/8QAtRAAAgEDAwIEAwUFBAQAAAF9AQIDAAQRBRIhMUEGE1FhByJxFDKBkaEII0KxwRVS0fAkM2JyggkKFhcYGRolJicoKSo0NTY3ODk6Q0RFRkdISUpTVFVWV1hZWmNkZWZnaGlqc3R1dnd4eXqDhIWGh4iJipKTlJWWl5iZmqKjpKWmp6ipqrKztLW2t7i5usLDxMXGx8jJytLT1NXW19jZ2uHi4+Tl5ufo6erx8vP09fb3+Pn6/8QAHwEAAwEBAQEBAQEBAQAAAAAAAAECAwQFBgcICQoL/8QAtREAAgECBAQDBAcFBAQAAQJ3AAECAxEEBSExBhJBUQdhcRMiMoEIFEKRobHBCSMzUvAVYnLRChYkNOEl8RcYGRomJygpKjU2Nzg5OkNERUZHSElKU1RVVldYWVpjZGVmZ2hpanN0dXZ3eHl6goOEhYaHiImKkpOUlZaXmJmaoqOkpaanqKmqsrO0tba3uLm6wsPExcbHyMnK0tPU1dbX2Nna4uPk5ebn6Onq8vP09fb3+Pn6/9oADAMBAAIRAxEAPwD45+Jn7Kujz2mpeZqGlW98RFJayzylWgEbB5mZAceWUYDe2cbWwCeK820/wmv2CH5oU/dr8pT7vHSvr3T7Cz1j4e6sl1Y287389/aPIS6ssY04njawB/1jj5geGPrXx/Ya7MbCHiP/AFa/w+1fR4ijSp06bgtWnffe+m8mtrbKPXR7nyeBzCeIr1qUr2ptJXt1V+kU977uTtbVbH//2Q=='),
(12, 24, 'John', '大家好，我是John。作為一位擁有十年經驗的健身教練，我專注於男性健美專項訓練。我相信透過結合科學訓練方法和個性化計劃，可以幫助您達到理想的健美目標。無論您是想增加肌肉質量、降低體脂肪還是塑造完美身材，我都樂意為您提供專業指導和鼓勵。', 3, 'john.jpg', '2023-07-17 03:10:24', 'data:image/jpg;base64,/9j/4AAQSkZJRgABAQEAeAB4AAD/4QAiRXhpZgAATU0AKgAAAAgAAQESAAMAAAABAAEAAAAAAAD/7QBsUGhvdG9zaG9wIDMuMAA4QklNBAQAAAAAAFAcAigASkZCTUQwZjAwMDc1YzAxMDAwMDJkNWMwMDAwNmIwMjAxMDAxYTI4MDEwMDY4NGYwMTAwMGZjMTAxMDBlNzhmMDIwMGMxYjUwMjAwAP/bAEMAAgEBAgEBAgICAgICAgIDBQMDAwMDBgQEAwUHBgcHBwYHBwgJCwkICAoIBwcKDQoKCwwMDAwHCQ4PDQwOCwwMDP/bAEMBAgICAwMDBgMDBgwIBwgMDAwMDAwMDAwMDAwMDAwMDAwMDAwMDAwMDAwMDAwMDAwMDAwMDAwMDAwMDAwMDAwMDP/AABEIAAoACgMBIgACEQEDEQH/xAAfAAABBQEBAQEBAQAAAAAAAAAAAQIDBAUGBwgJCgv/xAC1EAACAQMDAgQDBQUEBAAAAX0BAgMABBEFEiExQQYTUWEHInEUMoGRoQgjQrHBFVLR8CQzYnKCCQoWFxgZGiUmJygpKjQ1Njc4OTpDREVGR0hJSlNUVVZXWFlaY2RlZmdoaWpzdHV2d3h5eoOEhYaHiImKkpOUlZaXmJmaoqOkpaanqKmqsrO0tba3uLm6wsPExcbHyMnK0tPU1dbX2Nna4eLj5OXm5+jp6vHy8/T19vf4+fr/xAAfAQADAQEBAQEBAQEBAAAAAAAAAQIDBAUGBwgJCgv/xAC1EQACAQIEBAMEBwUEBAABAncAAQIDEQQFITEGEkFRB2FxEyIygQgUQpGhscEJIzNS8BVictEKFiQ04SXxFxgZGiYnKCkqNTY3ODk6Q0RFRkdISUpTVFVWV1hZWmNkZWZnaGlqc3R1dnd4eXqCg4SFhoeIiYqSk5SVlpeYmZqio6Slpqeoqaqys7S1tre4ubrCw8TFxsfIycrS09TV1tfY2dri4+Tl5ufo6ery8/T19vf4+fr/2gAMAwEAAhEDEQA/APyb/Zz/AGefC/iD4HapqniKG/vrXWU1COfULAQr/wAI41naxzWjvNNEyxrc3cqWzHfGrYZFZmPy+Dy6tb2UrQtpen7oSUO7GeOOdxB/PmvVvgPrl9Z/sefHCGG8uooZF0RHjSVlVla4m3AgHBB2jI74HpXhzHLH60Wt936v9LL5BzX07f5L9bv52P/Z'),
(13, 25, 'Daidai', '嗨，大家好！我是Daidai。擁有健美健體訓練專長，我致力於協助男性達到健康與自信。我相信健身不僅僅是塑造身體，更是改變生活方式的旅程。透過我的專業知識和動力激勵，我將幫助您擁有強壯的體魄、充滿活力的生活。', 1, 'daidai.jpg', '2023-07-17 03:10:24', 'data:image/jpg;base64,/9j/4AAQSkZJRgABAQEAeAB4AAD/4QAiRXhpZgAATU0AKgAAAAgAAQESAAMAAAABAAEAAAAAAAD/7QB8UGhvdG9zaG9wIDMuMAA4QklNBAQAAAAAAGAcAigAWkZCTUQyMzAwMDk2YTAxMDAwMDE3N2YwMDAwMWY5MDAwMDA3ZmEzMDAwMDE2ZjMwMDAwNzA0MDAxMDA4ZTRmMDEwMDUwZjMwMTAwYTMyNTAyMDBhZDNlMDIwMAD/2wBDAAIBAQIBAQICAgICAgICAwUDAwMDAwYEBAMFBwYHBwcGBwcICQsJCAgKCAcHCg0KCgsMDAwMBwkODw0MDgsMDAz/2wBDAQICAgMDAwYDAwYMCAcIDAwMDAwMDAwMDAwMDAwMDAwMDAwMDAwMDAwMDAwMDAwMDAwMDAwMDAwMDAwMDAwMDAz/wAARCAAMAAoDASIAAhEBAxEB/8QAHwAAAQUBAQEBAQEAAAAAAAAAAAECAwQFBgcICQoL/8QAtRAAAgEDAwIEAwUFBAQAAAF9AQIDAAQRBRIhMUEGE1FhByJxFDKBkaEII0KxwRVS0fAkM2JyggkKFhcYGRolJicoKSo0NTY3ODk6Q0RFRkdISUpTVFVWV1hZWmNkZWZnaGlqc3R1dnd4eXqDhIWGh4iJipKTlJWWl5iZmqKjpKWmp6ipqrKztLW2t7i5usLDxMXGx8jJytLT1NXW19jZ2uHi4+Tl5ufo6erx8vP09fb3+Pn6/8QAHwEAAwEBAQEBAQEBAQAAAAAAAAECAwQFBgcICQoL/8QAtREAAgECBAQDBAcFBAQAAQJ3AAECAxEEBSExBhJBUQdhcRMiMoEIFEKRobHBCSMzUvAVYnLRChYkNOEl8RcYGRomJygpKjU2Nzg5OkNERUZHSElKU1RVVldYWVpjZGVmZ2hpanN0dXZ3eHl6goOEhYaHiImKkpOUlZaXmJmaoqOkpaanqKmqsrO0tba3uLm6wsPExcbHyMnK0tPU1dbX2Nna4uPk5ebn6Onq8vP09fb3+Pn6/9oADAMBAAIRAxEAPwD899X/AGIvhp4Q8deE/hvIurX2qfEDUZ4n8Q2F+ur2ujR2Ql3mOVLaFCSTunRTKqwiN96nFfOOp/s/axp+pXFvJ4Q1KzkglaNoLrU0juISCQUkXb8rjoR2IIrR0DxhqGjeHLCO1mWH9yscbGNZGg82MSSshcHaXZQGxwVJHQkV2ttq2ow20aLq2rKqqFAW7dQAB2AOB9BxXHFShJ3d/wCn+ll8jsqShUhHlVrenl+t387dEf/Z'),
(14, 26, 'Ray', '嗨！大家好，我是Ray，一位經驗豐富的健身教練。我擁有超過十年的健身指導經驗，專精於各種力量訓練項目。我相信每個人都有潛力超越自己，而我的目標就是幫助您實現最大的健身成就。健力三項是我的拿手項目，透過適當的技巧和訓練，我能幫助您提升力量、改善體態，並達到健康和健美的目標。', 2, 'ray.jpg', '2023-07-17 03:10:24', 'data:image/jpg;base64,/9j/4AAQSkZJRgABAQEAeAB4AAD/4QAiRXhpZgAATU0AKgAAAAgAAQESAAMAAAABAAEAAAAAAAD/7QB8UGhvdG9zaG9wIDMuMAA4QklNBAQAAAAAAGAcAigAWkZCTUQyMzAwMDk2YzAxMDAwMDM0N2YwMDAwYzhhYjAwMDBiM2NjMDAwMDIxNjkwMTAwMWZkNDAxMDAxNjA1MDIwMDFkZTMwMjAwMjI2NTAzMDA1N2IyMDMwMAD/2wBDAAIBAQIBAQICAgICAgICAwUDAwMDAwYEBAMFBwYHBwcGBwcICQsJCAgKCAcHCg0KCgsMDAwMBwkODw0MDgsMDAz/2wBDAQICAgMDAwYDAwYMCAcIDAwMDAwMDAwMDAwMDAwMDAwMDAwMDAwMDAwMDAwMDAwMDAwMDAwMDAwMDAwMDAwMDAz/wAARCAAKAAoDASIAAhEBAxEB/8QAHwAAAQUBAQEBAQEAAAAAAAAAAAECAwQFBgcICQoL/8QAtRAAAgEDAwIEAwUFBAQAAAF9AQIDAAQRBRIhMUEGE1FhByJxFDKBkaEII0KxwRVS0fAkM2JyggkKFhcYGRolJicoKSo0NTY3ODk6Q0RFRkdISUpTVFVWV1hZWmNkZWZnaGlqc3R1dnd4eXqDhIWGh4iJipKTlJWWl5iZmqKjpKWmp6ipqrKztLW2t7i5usLDxMXGx8jJytLT1NXW19jZ2uHi4+Tl5ufo6erx8vP09fb3+Pn6/8QAHwEAAwEBAQEBAQEBAQAAAAAAAAECAwQFBgcICQoL/8QAtREAAgECBAQDBAcFBAQAAQJ3AAECAxEEBSExBhJBUQdhcRMiMoEIFEKRobHBCSMzUvAVYnLRChYkNOEl8RcYGRomJygpKjU2Nzg5OkNERUZHSElKU1RVVldYWVpjZGVmZ2hpanN0dXZ3eHl6goOEhYaHiImKkpOUlZaXmJmaoqOkpaanqKmqsrO0tba3uLm6wsPExcbHyMnK0tPU1dbX2Nna4uPk5ebn6Onq8vP09fb3+Pn6/9oADAMBAAIRAxEAPwDJ/Z+/ZJ+DPxY/Yw8TeJ7T7RpvizwVpBvXCWFvcaexmkWKIC1/1s6BvJaSUTQlEmOMgHzPjPXNC8Cxa1eLIPCqus7hh9kRcHcc8edxXp/7HXjDV9I/YI8fWNrqmpWtldQLDNbxXLpFKi2d2yoyg4KgqpAPAKg9hXxN4h1a6Ov33+k3H/HxJ/y0P9415OJwkbRlF23vbrruzqpYhtuNtv6/O/c//9k='),
(15, 27, 'Daniel', '大家好，我是Daniel，一位對健身充滿熱情的健身教練。我在健身界已經有五年的經驗，專精於硬拉項目。我喜歡挑戰自己和我的學生，並幫助他們超越他們的極限。透過我的指導，您將學會正確的姿勢和技巧，並發揮最大的力量潛力。我相信每個人都能通過適當的訓練和承諾達到健康和健壯的身體。', 3, 'daniel.jpg', '2023-07-17 03:10:24', 'data:image/jpg;base64,/9j/4AAQSkZJRgABAQEAeAB4AAD/4QAiRXhpZgAATU0AKgAAAAgAAQESAAMAAAABAAEAAAAAAAD/7QB8UGhvdG9zaG9wIDMuMAA4QklNBAQAAAAAAGAcAigAWkZCTUQyMzAwMDk2YzAxMDAwMDhhN2QwMDAwNDlhNDAwMDA1MmMzMDAwMGU1NzEwMTAwNGVkYzAxMDBhMDBiMDIwMDg0ZTQwMjAwMWY1NzAzMDBmNzkyMDMwMAD/2wBDAAIBAQIBAQICAgICAgICAwUDAwMDAwYEBAMFBwYHBwcGBwcICQsJCAgKCAcHCg0KCgsMDAwMBwkODw0MDgsMDAz/2wBDAQICAgMDAwYDAwYMCAcIDAwMDAwMDAwMDAwMDAwMDAwMDAwMDAwMDAwMDAwMDAwMDAwMDAwMDAwMDAwMDAwMDAz/wAARCAAKAAoDASIAAhEBAxEB/8QAHwAAAQUBAQEBAQEAAAAAAAAAAAECAwQFBgcICQoL/8QAtRAAAgEDAwIEAwUFBAQAAAF9AQIDAAQRBRIhMUEGE1FhByJxFDKBkaEII0KxwRVS0fAkM2JyggkKFhcYGRolJicoKSo0NTY3ODk6Q0RFRkdISUpTVFVWV1hZWmNkZWZnaGlqc3R1dnd4eXqDhIWGh4iJipKTlJWWl5iZmqKjpKWmp6ipqrKztLW2t7i5usLDxMXGx8jJytLT1NXW19jZ2uHi4+Tl5ufo6erx8vP09fb3+Pn6/8QAHwEAAwEBAQEBAQEBAQAAAAAAAAECAwQFBgcICQoL/8QAtREAAgECBAQDBAcFBAQAAQJ3AAECAxEEBSExBhJBUQdhcRMiMoEIFEKRobHBCSMzUvAVYnLRChYkNOEl8RcYGRomJygpKjU2Nzg5OkNERUZHSElKU1RVVldYWVpjZGVmZ2hpanN0dXZ3eHl6goOEhYaHiImKkpOUlZaXmJmaoqOkpaanqKmqsrO0tba3uLm6wsPExcbHyMnK0tPU1dbX2Nna4uPk5ebn6Onq8vP09fb3+Pn6/9oADAMBAAIRAxEAPwD4f8QfBDw3Y/ErQPhV4V8J2UfhHxXLp2reJNSvLme4kMUM1yjTQgFfJaNC4DrIC5m8shgdpv3/AOy/4Nur6aS31rXo7eSRmiX+2C21ScgZJBPHqAa9D/Yj8Q6hD+zp4vsUvrxbNfBz4txMwiGJ0A+XOOBx9K+NdYmdNXulVmCiZwAD05NZ1ru3Lpv+ZUJLZo//2Q=='),
(16, 28, 'Lisa', '嗨，大家好，我是教練Lisa。我特別喜歡透過藥球來訓練，這種全身性的訓練能提升核心力量、協調性和心肺耐力。我的課程特別注重動作技巧和動態平衡，讓你全面發展身體素質，並且能夠享受每一次的訓練，同時達成健身目標。', 1, 'lisa.jpg', '2023-07-17 03:10:24', 'data:image/jpg;base64,/9j/4AAQSkZJRgABAQEAeAB4AAD/4QAiRXhpZgAATU0AKgAAAAgAAQESAAMAAAABAAEAAAAAAAD/7QB8UGhvdG9zaG9wIDMuMAA4QklNBAQAAAAAAGAcAigAWkZCTUQyMzAwMDk2YTAxMDAwMDlkNzgwMDAwZWM5YjAwMDA2OGMwMDAwMDMyNWYwMTAwYTVhZDAxMDA1MmU5MDEwMGUwNjcwMjAwODlhYTAyMDAzYWY1MDIwMAD/2wBDAAIBAQIBAQICAgICAgICAwUDAwMDAwYEBAMFBwYHBwcGBwcICQsJCAgKCAcHCg0KCgsMDAwMBwkODw0MDgsMDAz/2wBDAQICAgMDAwYDAwYMCAcIDAwMDAwMDAwMDAwMDAwMDAwMDAwMDAwMDAwMDAwMDAwMDAwMDAwMDAwMDAwMDAwMDAz/wAARCAAKAAoDASIAAhEBAxEB/8QAHwAAAQUBAQEBAQEAAAAAAAAAAAECAwQFBgcICQoL/8QAtRAAAgEDAwIEAwUFBAQAAAF9AQIDAAQRBRIhMUEGE1FhByJxFDKBkaEII0KxwRVS0fAkM2JyggkKFhcYGRolJicoKSo0NTY3ODk6Q0RFRkdISUpTVFVWV1hZWmNkZWZnaGlqc3R1dnd4eXqDhIWGh4iJipKTlJWWl5iZmqKjpKWmp6ipqrKztLW2t7i5usLDxMXGx8jJytLT1NXW19jZ2uHi4+Tl5ufo6erx8vP09fb3+Pn6/8QAHwEAAwEBAQEBAQEBAQAAAAAAAAECAwQFBgcICQoL/8QAtREAAgECBAQDBAcFBAQAAQJ3AAECAxEEBSExBhJBUQdhcRMiMoEIFEKRobHBCSMzUvAVYnLRChYkNOEl8RcYGRomJygpKjU2Nzg5OkNERUZHSElKU1RVVldYWVpjZGVmZ2hpanN0dXZ3eHl6goOEhYaHiImKkpOUlZaXmJmaoqOkpaanqKmqsrO0tba3uLm6wsPExcbHyMnK0tPU1dbX2Nna4uPk5ebn6Onq8vP09fb3+Pn6/9oADAMBAAIRAxEAPwDvLzxRoXi+48deLdd8QeG5PEMN/qJNhc6VFf3V0Wmmgjtf9IlVfLht0tljCxuY381iVIUVwniz9h/4a6v4p1K6sfih4ct7G6u5ZbeKW9tbp4o2clVaXe3mEAgF9x3dcnOa+cvgz4+174mfsj/DDWvEmtat4g1hW1qAX2pXkl3ciOJLcRJ5khLbUHCjOFHTFZOl6hcNpluTNMSYlJJc88CjH4ivgKcK0Jv95d6e7azt530St217n3HBmVwzutXp6RVOyXNFVFqk9L8ttW++lk9j/9k='),
(17, 29, 'Leo', '哈囉，大家好，我是教練Leo。我專精於壺鈴和藥球的高強度訓練。這種有節奏的運動結合了重量訓練和心肺運動，有效提升肌肉力量和心肺耐力。我的課程強調動作技巧和身體姿勢的正確性，確保你安全又有效地達成目標。讓我們一起迎接挑戰，打造強壯的身體和無比的自信！', 3, 'leo.jpg', '2023-07-17 03:10:24', 'data:image/jpg;base64,/9j/4AAQSkZJRgABAQEAeAB4AAD/4QAiRXhpZgAATU0AKgAAAAgAAQESAAMAAAABAAEAAAAAAAD/7QB8UGhvdG9zaG9wIDMuMAA4QklNBAQAAAAAAGAcAigAWkZCTUQyMzAwMDk2YjAxMDAwMDRkNjcwMDAwZTU4MzAwMDA1Y2E2MDAwMGM5MTQwMTAwOTg2ODAxMDA3MTg0MDEwMDY3MTQwMjAwM2E3NzAyMDAxMGJiMDIwMAD/2wBDAAIBAQIBAQICAgICAgICAwUDAwMDAwYEBAMFBwYHBwcGBwcICQsJCAgKCAcHCg0KCgsMDAwMBwkODw0MDgsMDAz/2wBDAQICAgMDAwYDAwYMCAcIDAwMDAwMDAwMDAwMDAwMDAwMDAwMDAwMDAwMDAwMDAwMDAwMDAwMDAwMDAwMDAwMDAz/wAARCAAOAAoDASIAAhEBAxEB/8QAHwAAAQUBAQEBAQEAAAAAAAAAAAECAwQFBgcICQoL/8QAtRAAAgEDAwIEAwUFBAQAAAF9AQIDAAQRBRIhMUEGE1FhByJxFDKBkaEII0KxwRVS0fAkM2JyggkKFhcYGRolJicoKSo0NTY3ODk6Q0RFRkdISUpTVFVWV1hZWmNkZWZnaGlqc3R1dnd4eXqDhIWGh4iJipKTlJWWl5iZmqKjpKWmp6ipqrKztLW2t7i5usLDxMXGx8jJytLT1NXW19jZ2uHi4+Tl5ufo6erx8vP09fb3+Pn6/8QAHwEAAwEBAQEBAQEBAQAAAAAAAAECAwQFBgcICQoL/8QAtREAAgECBAQDBAcFBAQAAQJ3AAECAxEEBSExBhJBUQdhcRMiMoEIFEKRobHBCSMzUvAVYnLRChYkNOEl8RcYGRomJygpKjU2Nzg5OkNERUZHSElKU1RVVldYWVpjZGVmZ2hpanN0dXZ3eHl6goOEhYaHiImKkpOUlZaXmJmaoqOkpaanqKmqsrO0tba3uLm6wsPExcbHyMnK0tPU1dbX2Nna4uPk5ebn6Onq8vP09fb3+Pn6/9oADAMBAAIRAxEAPwD5j/Zo+FXhXxJ46XRbjS/D/i660fxFp9o17fa87OsM9pPdeYtjZyrKqxT2zQXBa5jAEbKrP5rLF698P4fBnivwHomqTfDH9mKabUrCC6eRPH01mrtJGrEiGSZpIgSc7HZmXoSSCa8x+Jv7KS+EtL8MW2m+JfEk114+hu9Tg0d9WubXRbNRb3t1cpiFwxMs9ozZkWXaHROVTB9K+Cv7UPwN8O/Bvwlp+peG/ip/aVjotnb3f2Lxhr0Nr5qQIr+UketRose4HaqRxqBgBFGFE4evKE5Nx5lorKz1XXVx3VjmxFJfV6andy3u7J2fTS/VPtvskf/Z'),
(18, 30, 'Avril', '嗨，大家好！我是Avril，一位充滿熱情的健身教練。我的專長是以機械為主的有氧運動，我相信這是塑造身體和增強心肺功能的絕佳工具。我將用個人化的訓練計劃和技巧，幫助你在使用器材上達到最佳效果，同時享受運動的樂趣！', 1, 'avril.jpg', '2023-07-17 03:10:24', 'data:image/jpg;base64,/9j/4AAQSkZJRgABAQEAeAB4AAD/4QAiRXhpZgAATU0AKgAAAAgAAQESAAMAAAABAAEAAAAAAAD/7QB8UGhvdG9zaG9wIDMuMAA4QklNBAQAAAAAAGAcAigAWkZCTUQyMzAwMDk2OTAxMDAwMGMwOWQwMDAwNTdiNDAwMDA2YWM5MDAwMGZmZGEwMTAwZTQ3NzAyMDBiYmUwMDIwMDk4YzUwMzAwYzU0NDA0MDA1NWJkMDQwMAD/2wBDAAIBAQIBAQICAgICAgICAwUDAwMDAwYEBAMFBwYHBwcGBwcICQsJCAgKCAcHCg0KCgsMDAwMBwkODw0MDgsMDAz/2wBDAQICAgMDAwYDAwYMCAcIDAwMDAwMDAwMDAwMDAwMDAwMDAwMDAwMDAwMDAwMDAwMDAwMDAwMDAwMDAwMDAwMDAz/wAARCAAMAAoDASIAAhEBAxEB/8QAHwAAAQUBAQEBAQEAAAAAAAAAAAECAwQFBgcICQoL/8QAtRAAAgEDAwIEAwUFBAQAAAF9AQIDAAQRBRIhMUEGE1FhByJxFDKBkaEII0KxwRVS0fAkM2JyggkKFhcYGRolJicoKSo0NTY3ODk6Q0RFRkdISUpTVFVWV1hZWmNkZWZnaGlqc3R1dnd4eXqDhIWGh4iJipKTlJWWl5iZmqKjpKWmp6ipqrKztLW2t7i5usLDxMXGx8jJytLT1NXW19jZ2uHi4+Tl5ufo6erx8vP09fb3+Pn6/8QAHwEAAwEBAQEBAQEBAQAAAAAAAAECAwQFBgcICQoL/8QAtREAAgECBAQDBAcFBAQAAQJ3AAECAxEEBSExBhJBUQdhcRMiMoEIFEKRobHBCSMzUvAVYnLRChYkNOEl8RcYGRomJygpKjU2Nzg5OkNERUZHSElKU1RVVldYWVpjZGVmZ2hpanN0dXZ3eHl6goOEhYaHiImKkpOUlZaXmJmaoqOkpaanqKmqsrO0tba3uLm6wsPExcbHyMnK0tPU1dbX2Nna4uPk5ebn6Onq8vP09fb3+Pn6/9oADAMBAAIRAxEAPwDY8f8AiLwv4T+JPwz8PL4i8TaTq188vxB0XVLTw9Ff6Xp9klvbw3K3UrSI8BkTTRG0jLIgF8jkbl2v5HN+0bqHxambxVrWl6pNrHiYnVr6T/hHo4t88/72Q7Fuyq5ZycKSB0BxXBfswWl5+0D4I13UPGural4okTQIZ7G31Py7qx0ee41TT7Q3FraSIbeKVLe4ljRhHwjFTuUkHzjx82leF/HWtaZF4d0aaLTr+e1R389GcJIyglY5FQE46IqqOwAwK8uvhVTlabvf0/VPpb+mepT9+KcUvx/R97/fbof/2Q=='),
(19, 31, 'Sophia', '嘿，大家好！我是Sophia，一位有多年經驗的健身教練，我對於有氧運動有著極大的熱愛和專業知識。我相信這種運動可以有效地燃燒卡路里、增強核心肌群和提高耐力。讓我幫助你制定具有挑戰性和多樣性的訓練計劃，一起達到健康和健身目標！', 2, 'finn.jpg', '2023-07-17 03:10:24', 'data:image/jpg;base64,/9j/4AAQSkZJRgABAQEAeAB4AAD/4QAiRXhpZgAATU0AKgAAAAgAAQESAAMAAAABAAEAAAAAAAD/7QB8UGhvdG9zaG9wIDMuMAA4QklNBAQAAAAAAGAcAigAWkZCTUQyMzAwMDk2ODAxMDAwMDYwNTgwMDAwYzg2NTAwMDBiMjc0MDAwMDliOWUwMDAwODBjNzAwMDAxNWQ2MDAwMDg1MzQwMTAwYzY1ZDAxMDBjYjhhMDEwMAD/2wBDAAIBAQIBAQICAgICAgICAwUDAwMDAwYEBAMFBwYHBwcGBwcICQsJCAgKCAcHCg0KCgsMDAwMBwkODw0MDgsMDAz/2wBDAQICAgMDAwYDAwYMCAcIDAwMDAwMDAwMDAwMDAwMDAwMDAwMDAwMDAwMDAwMDAwMDAwMDAwMDAwMDAwMDAwMDAz/wAARCAAKAAoDASIAAhEBAxEB/8QAHwAAAQUBAQEBAQEAAAAAAAAAAAECAwQFBgcICQoL/8QAtRAAAgEDAwIEAwUFBAQAAAF9AQIDAAQRBRIhMUEGE1FhByJxFDKBkaEII0KxwRVS0fAkM2JyggkKFhcYGRolJicoKSo0NTY3ODk6Q0RFRkdISUpTVFVWV1hZWmNkZWZnaGlqc3R1dnd4eXqDhIWGh4iJipKTlJWWl5iZmqKjpKWmp6ipqrKztLW2t7i5usLDxMXGx8jJytLT1NXW19jZ2uHi4+Tl5ufo6erx8vP09fb3+Pn6/8QAHwEAAwEBAQEBAQEBAQAAAAAAAAECAwQFBgcICQoL/8QAtREAAgECBAQDBAcFBAQAAQJ3AAECAxEEBSExBhJBUQdhcRMiMoEIFEKRobHBCSMzUvAVYnLRChYkNOEl8RcYGRomJygpKjU2Nzg5OkNERUZHSElKU1RVVldYWVpjZGVmZ2hpanN0dXZ3eHl6goOEhYaHiImKkpOUlZaXmJmaoqOkpaanqKmqsrO0tba3uLm6wsPExcbHyMnK0tPU1dbX2Nna4uPk5ebn6Onq8vP09fb3+Pn6/9oADAMBAAIRAxEAPwD6n/4Km/8ABU4fs6ftleGPBmgfDLxZ4+k8A6dN4m8SXNjMbaC1geNXfyH8tleaK1jmZ9zIpWZovm3uF9+16SODXb1Dtyk7qd3B4Y9a/H//AIOYJ38I/wDBZH4OWeks2l2fi3whoc2uQWh8mPWXfXdQid7lVwJmaOCBCZNxKwxg8IoH6v8AjKVj4w1b5m/4/Ju/+2a8PHUYQo06kVrK99+lu7t16JH1GFu24tvT07vsk/vbP//Z'),
(20, 32, 'Dalen', '大家好！我是Dalen，一位專注於運動科學的健身教練。在健身項目中，划船機是我推薦的選項之一，因為它同時涉及上半身和下半身的運動，能夠全面訓練你的肌肉群。我將結合科學的方法和有趣的訓練技巧，幫助你在划船機上取得良好的成果，並實現身心的平衡。', 3, 'dalen.jpg', '2023-07-17 03:10:24', 'data:image/jpg;base64,/9j/4AAQSkZJRgABAQEAeAB4AAD/4QAiRXhpZgAATU0AKgAAAAgAAQESAAMAAAABAAEAAAAAAAD/7QB8UGhvdG9zaG9wIDMuMAA4QklNBAQAAAAAAGAcAigAWkZCTUQyMzAwMDk2YjAxMDAwMDNiYWQwMDAwYjFlMTAwMDA0MjE3MDEwMDVhZmQwMTAwMTc4YTAyMDAzNGJjMDIwMDM5OGMwMzAwNGJlMzAzMDBjODA3MDQwMAD/2wBDAAIBAQIBAQICAgICAgICAwUDAwMDAwYEBAMFBwYHBwcGBwcICQsJCAgKCAcHCg0KCgsMDAwMBwkODw0MDgsMDAz/2wBDAQICAgMDAwYDAwYMCAcIDAwMDAwMDAwMDAwMDAwMDAwMDAwMDAwMDAwMDAwMDAwMDAwMDAwMDAwMDAwMDAwMDAz/wAARCAAMAAoDASIAAhEBAxEB/8QAHwAAAQUBAQEBAQEAAAAAAAAAAAECAwQFBgcICQoL/8QAtRAAAgEDAwIEAwUFBAQAAAF9AQIDAAQRBRIhMUEGE1FhByJxFDKBkaEII0KxwRVS0fAkM2JyggkKFhcYGRolJicoKSo0NTY3ODk6Q0RFRkdISUpTVFVWV1hZWmNkZWZnaGlqc3R1dnd4eXqDhIWGh4iJipKTlJWWl5iZmqKjpKWmp6ipqrKztLW2t7i5usLDxMXGx8jJytLT1NXW19jZ2uHi4+Tl5ufo6erx8vP09fb3+Pn6/8QAHwEAAwEBAQEBAQEBAQAAAAAAAAECAwQFBgcICQoL/8QAtREAAgECBAQDBAcFBAQAAQJ3AAECAxEEBSExBhJBUQdhcRMiMoEIFEKRobHBCSMzUvAVYnLRChYkNOEl8RcYGRomJygpKjU2Nzg5OkNERUZHSElKU1RVVldYWVpjZGVmZ2hpanN0dXZ3eHl6goOEhYaHiImKkpOUlZaXmJmaoqOkpaanqKmqsrO0tba3uLm6wsPExcbHyMnK0tPU1dbX2Nna4uPk5ebn6Onq8vP09fb3+Pn6/9oADAMBAAIRAxEAPwD5G+Hut3H7RfhdLjTVvfCd1ottcWFlFHNIv9q6hHcB4pZP3O7yXhF4zOgWVfvFiqsp+lPhx8SfhiPh5oP9qeLPDdrqf9nW/wBshbWprgxTeUu9TKDiTDZG4cNjPevg7Uvi9rn7L1vpei+FLlbex1m10XxNqIlXc1/I9qJDbSldu623MxCfeG9vm5r067nZLqRV+RVcgKpKqoz0AHAHsK+dyzh6D5qc3otV829/TofU47N6Kw1GrRTVR8yne1nazi079nZqy2Tu76f/2Q=='),
(21, 33, 'Kevin', '嗨！我是Kevin，一位專業的健身教練。我擁有多年的經驗，致力於幫助人們實現健康生活和強健體魄的目標。我特別擅長個人飲食與訓練的規劃，根據每個人的需求和目標，設計度身定制的計劃。我的獨特方法結合了適當的營養指導和有效的訓練技巧，幫助客戶取得持久的成果。讓我們一起為健康的改變而努力吧！', 1, 'kevin.jpg', '2023-07-17 03:10:24', 'data:image/jpg;base64,/9j/4AAQSkZJRgABAQEAeAB4AAD/4QAiRXhpZgAATU0AKgAAAAgAAQESAAMAAAABAAEAAAAAAAD/7QB8UGhvdG9zaG9wIDMuMAA4QklNBAQAAAAAAGAcAigAWkZCTUQyMzAwMDk2OTAxMDAwMGI5NzcwMDAwZGY5NTAwMDBhOWI0MDAwMDJkZjgwMDAwOTEzNjAxMDBjNjQxMDEwMDExY2UwMTAwM2RlNDAxMDBlYmYyMDEwMAD/2wBDAAIBAQIBAQICAgICAgICAwUDAwMDAwYEBAMFBwYHBwcGBwcICQsJCAgKCAcHCg0KCgsMDAwMBwkODw0MDgsMDAz/2wBDAQICAgMDAwYDAwYMCAcIDAwMDAwMDAwMDAwMDAwMDAwMDAwMDAwMDAwMDAwMDAwMDAwMDAwMDAwMDAwMDAwMDAz/wAARCAAKAAoDASIAAhEBAxEB/8QAHwAAAQUBAQEBAQEAAAAAAAAAAAECAwQFBgcICQoL/8QAtRAAAgEDAwIEAwUFBAQAAAF9AQIDAAQRBRIhMUEGE1FhByJxFDKBkaEII0KxwRVS0fAkM2JyggkKFhcYGRolJicoKSo0NTY3ODk6Q0RFRkdISUpTVFVWV1hZWmNkZWZnaGlqc3R1dnd4eXqDhIWGh4iJipKTlJWWl5iZmqKjpKWmp6ipqrKztLW2t7i5usLDxMXGx8jJytLT1NXW19jZ2uHi4+Tl5ufo6erx8vP09fb3+Pn6/8QAHwEAAwEBAQEBAQEBAQAAAAAAAAECAwQFBgcICQoL/8QAtREAAgECBAQDBAcFBAQAAQJ3AAECAxEEBSExBhJBUQdhcRMiMoEIFEKRobHBCSMzUvAVYnLRChYkNOEl8RcYGRomJygpKjU2Nzg5OkNERUZHSElKU1RVVldYWVpjZGVmZ2hpanN0dXZ3eHl6goOEhYaHiImKkpOUlZaXmJmaoqOkpaanqKmqsrO0tba3uLm6wsPExcbHyMnK0tPU1dbX2Nna4uPk5ebn6Onq8vP09fb3+Pn6/9oADAMBAAIRAxEAPwDwD4+/Gb4W6N8avDHhnxF4Z1DXJppbm7VYdRSO2826uLoBTE0gQyPIkUau6hV3E7lw5ay3wG+HNyxkbwt4es2kO4297YpHcwZ52Sr5PyyDow7EGvA/jyi6l+0P+zk1wouG1Kx0Ge7aQbjdSSahiR5M/eZgACTknHNdp49kabxzrTMzMzX85ZicknzG5NelSy/60uaMuW3Zd2/TsGIzBYSShKHN5t9kv8z/2Q=='),
(22, 34, 'Amy', '嗨！我是Amy，一位專業的健身教練，並擁有多年訓練經驗。我致力於幫助人們實現健康生活和強健體魄的目標。也會為學員制定個人飲食與訓練的規劃，根據每個人的需求和目標，設計度身定制的計劃，幫助客戶取得持久的成果。讓我們一起為健康的改變而努力吧！', 3, 'amy.jpg', '2023-07-17 03:10:24', 'data:image/jpg;base64,/9j/4AAQSkZJRgABAQEAeAB4AAD/4QAiRXhpZgAATU0AKgAAAAgAAQESAAMAAAABAAEAAAAAAAD/7QB8UGhvdG9zaG9wIDMuMAA4QklNBAQAAAAAAGAcAigAWkZCTUQyMzAwMDk2OTAxMDAwMDkyOGQwMDAwYzhhNTAwMDAzMmJlMDAwMDU2MDYwMTAwNjQ1MjAxMDAyNjVmMDEwMDY0ZmIwMTAwNTYxYjAyMDBhMjMwMDIwMAD/2wBDAAIBAQIBAQICAgICAgICAwUDAwMDAwYEBAMFBwYHBwcGBwcICQsJCAgKCAcHCg0KCgsMDAwMBwkODw0MDgsMDAz/2wBDAQICAgMDAwYDAwYMCAcIDAwMDAwMDAwMDAwMDAwMDAwMDAwMDAwMDAwMDAwMDAwMDAwMDAwMDAwMDAwMDAwMDAz/wAARCAAMAAoDASIAAhEBAxEB/8QAHwAAAQUBAQEBAQEAAAAAAAAAAAECAwQFBgcICQoL/8QAtRAAAgEDAwIEAwUFBAQAAAF9AQIDAAQRBRIhMUEGE1FhByJxFDKBkaEII0KxwRVS0fAkM2JyggkKFhcYGRolJicoKSo0NTY3ODk6Q0RFRkdISUpTVFVWV1hZWmNkZWZnaGlqc3R1dnd4eXqDhIWGh4iJipKTlJWWl5iZmqKjpKWmp6ipqrKztLW2t7i5usLDxMXGx8jJytLT1NXW19jZ2uHi4+Tl5ufo6erx8vP09fb3+Pn6/8QAHwEAAwEBAQEBAQEBAQAAAAAAAAECAwQFBgcICQoL/8QAtREAAgECBAQDBAcFBAQAAQJ3AAECAxEEBSExBhJBUQdhcRMiMoEIFEKRobHBCSMzUvAVYnLRChYkNOEl8RcYGRomJygpKjU2Nzg5OkNERUZHSElKU1RVVldYWVpjZGVmZ2hpanN0dXZ3eHl6goOEhYaHiImKkpOUlZaXmJmaoqOkpaanqKmqsrO0tba3uLm6wsPExcbHyMnK0tPU1dbX2Nna4uPk5ebn6Onq8vP09fb3+Pn6/9oADAMBAAIRAxEAPwD5P+C37O3hvxp4S1rSbe8sfAUOreGbiFJ7jRZdWOsvLOgCRsBHHELfynmeRyWj+0Qum9ty14fqkes+GtTuNO+wQal/Z8rW32tJpJVuthK+YHwNwbGc4Gc5wK9i+G/xh1ZvhXb3UkenzXFhayWFtJLbh2gSTLuy56OdpXPZXfuc14Dd6/LPdyyPb6Wzu5ZidNtySSf9ypw+FjCpUSbsnt6pP9bG2KrScKbstY/fq1rp3Tfoz//Z'),
(23, 35, 'Ruby', '大家好！我是健身教練Ruby。我對靜態拉伸、肌肉放鬆和運動傷害有著深入的瞭解。透過我個人化的指導，我能夠幫助客戶最大限度地提升靈活性和恢復運動後的肌肉疲勞。我相信預防傷害是健身路上成功的關鍵，讓我們一同鍛煉，健康地達到目標！', 2, 'ruby.jpg', '2023-07-17 03:10:24', 'data:image/jpg;base64,/9j/4AAQSkZJRgABAQEAeAB4AAD/4QAiRXhpZgAATU0AKgAAAAgAAQESAAMAAAABAAEAAAAAAAD/7QB8UGhvdG9zaG9wIDMuMAA4QklNBAQAAAAAAGAcAigAWkZCTUQyMzAwMDk2OTAxMDAwMGJiNzMwMDAwOTM4ZjAwMDBjZmE5MDAwMDkwZmEwMDAwNmMyYjAxMDBjZjQ3MDEwMDBlYjYwMTAwNzdlNzAxMDAwYzEzMDIwMAD/2wBDAAIBAQIBAQICAgICAgICAwUDAwMDAwYEBAMFBwYHBwcGBwcICQsJCAgKCAcHCg0KCgsMDAwMBwkODw0MDgsMDAz/2wBDAQICAgMDAwYDAwYMCAcIDAwMDAwMDAwMDAwMDAwMDAwMDAwMDAwMDAwMDAwMDAwMDAwMDAwMDAwMDAwMDAwMDAz/wAARCAAMAAoDASIAAhEBAxEB/8QAHwAAAQUBAQEBAQEAAAAAAAAAAAECAwQFBgcICQoL/8QAtRAAAgEDAwIEAwUFBAQAAAF9AQIDAAQRBRIhMUEGE1FhByJxFDKBkaEII0KxwRVS0fAkM2JyggkKFhcYGRolJicoKSo0NTY3ODk6Q0RFRkdISUpTVFVWV1hZWmNkZWZnaGlqc3R1dnd4eXqDhIWGh4iJipKTlJWWl5iZmqKjpKWmp6ipqrKztLW2t7i5usLDxMXGx8jJytLT1NXW19jZ2uHi4+Tl5ufo6erx8vP09fb3+Pn6/8QAHwEAAwEBAQEBAQEBAQAAAAAAAAECAwQFBgcICQoL/8QAtREAAgECBAQDBAcFBAQAAQJ3AAECAxEEBSExBhJBUQdhcRMiMoEIFEKRobHBCSMzUvAVYnLRChYkNOEl8RcYGRomJygpKjU2Nzg5OkNERUZHSElKU1RVVldYWVpjZGVmZ2hpanN0dXZ3eHl6goOEhYaHiImKkpOUlZaXmJmaoqOkpaanqKmqsrO0tba3uLm6wsPExcbHyMnK0tPU1dbX2Nna4uPk5ebn6Onq8vP09fb3+Pn6/9oADAMBAAIRAxEAPwD7W/bA/wCCkXhf9mz9rLQ/h9/ang+O81CG2Gt6feXd0NRkkuLdVtTFIkot7Ut+7AEyM0mMhQH8wfW23Z8vPy8c1+I//Bw/d2Hgn/go/wDBM22g6DPcahq9nq13cXFrvku2WfT4zDNyBLEyhOJAzLsARkUsrft1EfNjVm5ZgCT6mvcrW5I97folp5aX9W1skYxi0321/NvXz1t6JPds/9k='),
(24, 36, 'Wayz', '大家好！我是健身教練Wayz。我相信跑步是塑造身體和心靈的最佳方式之一。作為一個長跑專項的健身教練，我致力於幫助人們發現他們的潛力，並實現身體和健康目標。長跑是我的魂經，對我來說，它不僅是一項運動，更是一個心流的體驗，可以挑戰自己的極限並超越它們。讓我們一起體驗長跑的美妙與成就吧！', 2, 'wayz.jpg', '2023-07-17 03:10:24', 'data:image/jpg;base64,/9j/4AAQSkZJRgABAQEAeAB4AAD/4QAiRXhpZgAATU0AKgAAAAgAAQESAAMAAAABAAEAAAAAAAD/7QB8UGhvdG9zaG9wIDMuMAA4QklNBAQAAAAAAGAcAigAWkZCTUQyMzAwMDk2YTAxMDAwMGU0NjYwMDAwNzI5YzAwMDA0ZGMzMDAwMGRlZDYwMTAwNjE0ZjAyMDBmZWEwMDIwMDUyMmMwMzAwNWY5NjAzMDAyZmZiMDMwMAD/2wBDAAIBAQIBAQICAgICAgICAwUDAwMDAwYEBAMFBwYHBwcGBwcICQsJCAgKCAcHCg0KCgsMDAwMBwkODw0MDgsMDAz/2wBDAQICAgMDAwYDAwYMCAcIDAwMDAwMDAwMDAwMDAwMDAwMDAwMDAwMDAwMDAwMDAwMDAwMDAwMDAwMDAwMDAwMDAz/wAARCAAOAAoDASIAAhEBAxEB/8QAHwAAAQUBAQEBAQEAAAAAAAAAAAECAwQFBgcICQoL/8QAtRAAAgEDAwIEAwUFBAQAAAF9AQIDAAQRBRIhMUEGE1FhByJxFDKBkaEII0KxwRVS0fAkM2JyggkKFhcYGRolJicoKSo0NTY3ODk6Q0RFRkdISUpTVFVWV1hZWmNkZWZnaGlqc3R1dnd4eXqDhIWGh4iJipKTlJWWl5iZmqKjpKWmp6ipqrKztLW2t7i5usLDxMXGx8jJytLT1NXW19jZ2uHi4+Tl5ufo6erx8vP09fb3+Pn6/8QAHwEAAwEBAQEBAQEBAQAAAAAAAAECAwQFBgcICQoL/8QAtREAAgECBAQDBAcFBAQAAQJ3AAECAxEEBSExBhJBUQdhcRMiMoEIFEKRobHBCSMzUvAVYnLRChYkNOEl8RcYGRomJygpKjU2Nzg5OkNERUZHSElKU1RVVldYWVpjZGVmZ2hpanN0dXZ3eHl6goOEhYaHiImKkpOUlZaXmJmaoqOkpaanqKmqsrO0tba3uLm6wsPExcbHyMnK0tPU1dbX2Nna4uPk5ebn6Onq8vP09fb3+Pn6/9oADAMBAAIRAxEAPwDyrx34F8J+HfFi+FZvFA0vxBqkMVtpVlqMksNleOGuEmglZbd4w7bYJC7smxZrdsoskxXz68/ZG+Jl1eSyfZNPbzHLZKBc5OegBA/Ake5612HjX4I2mt/8FbfCuoWdz/ZC6X4al1QLHEZjdzRyXs7NJucff3hSMnAUYIAUD6Y1PWZotSuFW+kRVlYBfsgbaMnjPmDNfk2Z4mrhcNh6lJfHG7u+qPvqNKnXq1IP7Lt19fv/AEsf/9k='),
(25, 37, 'Ava', '你好！我是Ava，是一位專業的瑜珈教練。我的目標是幫助學員透過瑜珈練習達到身心靈的平衡。我的課程結合了呼吸控制、體位法和冥想，旨在提高靈活性、增強力量和減輕壓力。無論你是初學者還是有經驗的瑜珈愛好者，我都將提供專業的指導，引導你走向更健康的生活。', 2, 'ava.jpg', '2023-07-17 05:53:09', 'data:image/jpg;base64,/9j/4AAQSkZJRgABAQEAeAB4AAD/4QAiRXhpZgAATU0AKgAAAAgAAQESAAMAAAABAAEAAAAAAAD/7QB8UGhvdG9zaG9wIDMuMAA4QklNBAQAAAAAAGAcAigAWkZCTUQyMzAwMDk2YTAxMDAwMDk4MzgwMDAwMTM0NzAwMDAzOTUyMDAwMDIzODYwMDAwMTFiMzAwMDA2N2NmMDAwMGM5NDMwMTAwMTU4NTAxMDBhZGQ0MDEwMAD/2wBDAAIBAQIBAQICAgICAgICAwUDAwMDAwYEBAMFBwYHBwcGBwcICQsJCAgKCAcHCg0KCgsMDAwMBwkODw0MDgsMDAz/2wBDAQICAgMDAwYDAwYMCAcIDAwMDAwMDAwMDAwMDAwMDAwMDAwMDAwMDAwMDAwMDAwMDAwMDAwMDAwMDAwMDAwMDAz/wAARCAAKAAoDASIAAhEBAxEB/8QAHwAAAQUBAQEBAQEAAAAAAAAAAAECAwQFBgcICQoL/8QAtRAAAgEDAwIEAwUFBAQAAAF9AQIDAAQRBRIhMUEGE1FhByJxFDKBkaEII0KxwRVS0fAkM2JyggkKFhcYGRolJicoKSo0NTY3ODk6Q0RFRkdISUpTVFVWV1hZWmNkZWZnaGlqc3R1dnd4eXqDhIWGh4iJipKTlJWWl5iZmqKjpKWmp6ipqrKztLW2t7i5usLDxMXGx8jJytLT1NXW19jZ2uHi4+Tl5ufo6erx8vP09fb3+Pn6/8QAHwEAAwEBAQEBAQEBAQAAAAAAAAECAwQFBgcICQoL/8QAtREAAgECBAQDBAcFBAQAAQJ3AAECAxEEBSExBhJBUQdhcRMiMoEIFEKRobHBCSMzUvAVYnLRChYkNOEl8RcYGRomJygpKjU2Nzg5OkNERUZHSElKU1RVVldYWVpjZGVmZ2hpanN0dXZ3eHl6goOEhYaHiImKkpOUlZaXmJmaoqOkpaanqKmqsrO0tba3uLm6wsPExcbHyMnK0tPU1dbX2Nna4uPk5ebn6Onq8vP09fb3+Pn6/9oADAMBAAIRAxEAPwD1HSvjp4A1b9sX4YeE7i80tpr/APtKVJotaMUkN8sCpHbS26IysXSVyFneMHqgdwoH12PDGg45hj/75r8ff2VdAsbf9rr4xatHZWkeqWdnpU0F4sKi4gebSr8zMsmNytIUQsQcsVXOcCv0zuPE+pfaJP8AiYX33j/y3b/GvyzMIrDShCOvupt+uv62PrKMvaQ5n3a+4//Z');

-- --------------------------------------------------------

--
-- Table structure for table `c_l_lessons`
--

DROP TABLE IF EXISTS `c_l_lessons`;
CREATE TABLE `c_l_lessons` (
  `sid` int(11) NOT NULL,
  `name` varchar(256) NOT NULL,
  `category_sid` int(11) NOT NULL,
  `coach_sid` int(11) NOT NULL,
  `location_sid` int(11) NOT NULL,
  `time` datetime NOT NULL,
  `period` time DEFAULT NULL,
  `price` int(11) NOT NULL,
  `capacity` int(11) NOT NULL DEFAULT '20',
  `enrolled` int(11) NOT NULL DEFAULT '0',
  `created_at` timestamp NOT NULL DEFAULT CURRENT_TIMESTAMP
) ENGINE=InnoDB DEFAULT CHARSET=utf8;

--
-- Dumping data for table `c_l_lessons`
--

INSERT INTO `c_l_lessons` (`sid`, `name`, `category_sid`, `coach_sid`, `location_sid`, `time`, `period`, `price`, `capacity`, `enrolled`, `created_at`) VALUES
(1, '瑜珈流動與冥想課程-初級', 1, 2, 1, '2023-08-23 14:00:00', '01:00:00', 350, 10, 0, '2023-07-17 05:39:19'),
(2, '瑜珈流動與冥想課程-初級', 1, 2, 1, '2023-08-30 14:00:00', '01:00:00', 350, 10, 0, '2023-07-17 05:39:19'),
(3, '瑜珈流動與冥想課程-初級', 1, 2, 1, '2023-09-06 14:00:00', '01:00:00', 350, 10, 0, '2023-07-17 05:39:19'),
(4, '瑜珈流動與冥想課程-中級', 1, 2, 1, '2023-08-24 14:00:00', '01:00:00', 350, 10, 0, '2023-07-17 05:39:19'),
(5, '瑜珈流動與冥想課程-中級', 1, 2, 1, '2023-08-31 14:00:00', '01:00:00', 350, 10, 0, '2023-07-17 05:39:19'),
(6, '瑜珈流動與冥想課程-中級', 1, 2, 1, '2023-09-07 14:00:00', '01:00:00', 350, 10, 0, '2023-07-17 05:39:19'),
(7, '瑜珈流動與冥想課程-高級', 1, 2, 1, '2023-08-28 14:00:00', '01:00:00', 450, 10, 0, '2023-07-17 05:39:19'),
(8, '瑜珈流動與冥想課程-高級', 1, 2, 1, '2023-09-04 14:00:00', '01:00:00', 450, 10, 0, '2023-07-17 05:39:19'),
(9, '瑜珈流動與冥想課程-高級', 1, 2, 1, '2023-09-11 14:00:00', '01:00:00', 450, 10, 0, '2023-07-17 05:39:19'),
(10, '瑜珈流動與冥想課程-初級', 1, 25, 2, '2023-08-28 14:00:00', '01:00:00', 350, 10, 0, '2023-07-17 06:01:01'),
(11, '瑜珈流動與冥想課程-初級', 1, 25, 2, '2023-08-28 16:00:00', '01:00:00', 350, 10, 0, '2023-07-17 06:01:01'),
(12, '瑜珈流動與冥想課程-中級', 1, 25, 2, '2023-08-30 14:00:00', '01:00:00', 350, 10, 0, '2023-07-17 06:01:01'),
(13, '瑜珈流動與冥想課程-中級', 1, 25, 2, '2023-08-30 16:00:00', '01:00:00', 350, 10, 0, '2023-07-17 06:01:01'),
(14, '瑜珈流動與冥想課程-高級', 1, 25, 2, '2023-09-01 14:00:00', '01:00:00', 450, 10, 0, '2023-07-17 06:01:01'),
(15, '瑜珈流動與冥想課程-高級', 1, 25, 2, '2023-09-01 16:00:00', '01:00:00', 450, 10, 0, '2023-07-17 06:01:01'),
(16, '瑜珈流動與冥想課程-初級', 1, 5, 3, '2023-08-28 14:00:00', '01:00:00', 350, 10, 0, '2023-07-17 06:09:26'),
(17, '瑜珈流動與冥想課程-初級', 1, 5, 3, '2023-08-28 16:00:00', '01:00:00', 350, 10, 0, '2023-07-17 06:09:26'),
(18, '瑜珈流動與冥想課程-中級', 1, 5, 3, '2023-08-30 14:00:00', '01:00:00', 350, 10, 0, '2023-07-17 06:09:26'),
(19, '瑜珈流動與冥想課程-中級', 1, 5, 3, '2023-08-30 16:00:00', '01:00:00', 350, 10, 0, '2023-07-17 06:09:26'),
(20, '瑜珈流動與冥想課程-高級', 1, 5, 3, '2023-09-01 14:00:00', '01:00:00', 450, 10, 0, '2023-07-17 06:09:26'),
(21, '瑜珈流動與冥想課程-高級', 1, 5, 3, '2023-09-01 16:00:00', '01:00:00', 450, 10, 0, '2023-07-17 06:09:26'),
(22, '瑜珈與身體活動度訓練課程-初級', 12, 2, 1, '2023-08-23 19:30:00', '01:00:00', 400, 20, 0, '2023-07-17 06:24:13'),
(23, '瑜珈與身體活動度訓練課程-初級', 12, 2, 1, '2023-08-30 19:30:00', '01:00:00', 400, 20, 0, '2023-07-17 06:24:13'),
(24, '瑜珈與身體活動度訓練課程-初級', 12, 2, 1, '2023-09-06 19:30:00', '01:00:00', 400, 20, 0, '2023-07-17 06:24:13'),
(25, '瑜珈與身體活動度訓練課程-中級', 12, 2, 1, '2023-08-24 19:30:00', '01:00:00', 450, 20, 0, '2023-07-17 06:24:13'),
(26, '瑜珈與身體活動度訓練課程-中級', 12, 2, 1, '2023-08-31 19:30:00', '01:00:00', 450, 20, 0, '2023-07-17 06:24:13'),
(27, '瑜珈與身體活動度訓練課程-中級', 12, 2, 1, '2023-09-07 19:30:00', '01:00:00', 450, 20, 0, '2023-07-17 06:24:13'),
(28, '瑜珈與身體活動度訓練課程-高級', 12, 2, 1, '2023-08-28 19:30:00', '01:00:00', 500, 15, 0, '2023-07-17 06:24:13'),
(29, '瑜珈與身體活動度訓練課程-高級', 12, 2, 1, '2023-09-04 19:30:00', '01:00:00', 500, 15, 0, '2023-07-17 06:24:13'),
(30, '瑜珈與身體活動度訓練課程-高級', 12, 2, 1, '2023-09-11 19:30:00', '01:00:00', 500, 15, 0, '2023-07-17 06:24:13'),
(31, '瑜珈與身體活動度訓練課程-初級', 12, 25, 2, '2023-08-29 18:45:00', '01:00:00', 400, 20, 0, '2023-07-17 06:35:30'),
(32, '瑜珈與身體活動度訓練課程-初級', 12, 25, 2, '2023-08-29 20:00:00', '01:00:00', 400, 20, 0, '2023-07-17 06:35:30'),
(33, '瑜珈與身體活動度訓練課程-中級', 12, 25, 2, '2023-08-31 18:45:00', '01:00:00', 450, 20, 0, '2023-07-17 06:35:30'),
(34, '瑜珈與身體活動度訓練課程-中級', 12, 25, 2, '2023-08-31 20:00:00', '01:00:00', 450, 20, 0, '2023-07-17 06:35:30'),
(35, '瑜珈與身體活動度訓練課程-高級', 12, 25, 2, '2023-09-02 18:45:00', '01:00:00', 500, 20, 0, '2023-07-17 06:35:30'),
(36, '瑜珈與身體活動度訓練課程-高級', 12, 25, 2, '2023-09-02 20:00:00', '01:00:00', 500, 20, 0, '2023-07-17 06:35:30'),
(37, '瑜珈與身體活動度訓練課程-初級', 12, 5, 3, '2023-08-29 18:45:00', '01:00:00', 400, 20, 0, '2023-07-17 06:52:35'),
(38, '瑜珈與身體活動度訓練課程-初級', 12, 5, 3, '2023-08-29 20:00:00', '01:00:00', 400, 20, 0, '2023-07-17 06:52:35'),
(39, '瑜珈與身體活動度訓練課程-中級', 12, 5, 3, '2023-08-31 18:45:00', '01:00:00', 450, 20, 0, '2023-07-17 06:52:35'),
(40, '瑜珈與身體活動度訓練課程-中級', 12, 5, 3, '2023-08-31 20:00:00', '01:00:00', 450, 20, 0, '2023-07-17 06:52:35'),
(41, '瑜珈與身體活動度訓練課程-高級', 12, 5, 3, '2023-09-02 18:45:00', '01:00:00', 500, 15, 0, '2023-07-17 06:52:35'),
(42, '瑜珈與身體活動度訓練課程-高級', 12, 5, 3, '2023-09-02 20:00:00', '01:00:00', 500, 15, 0, '2023-07-17 06:52:35'),
(43, '核心強化與腹肌鍛鍊課程-初級', 2, 16, 1, '2023-08-29 19:00:00', '01:00:00', 350, 15, 0, '2023-07-17 07:27:43'),
(44, '核心強化與腹肌鍛鍊課程-初級', 2, 16, 1, '2023-08-30 19:00:00', '01:00:00', 350, 15, 0, '2023-07-17 07:27:43'),
(45, '核心強化與腹肌鍛鍊課程-中級', 2, 16, 1, '2023-09-05 19:00:00', '01:00:00', 400, 10, 0, '2023-07-17 07:27:43'),
(46, '核心強化與腹肌鍛鍊課程-中級', 2, 16, 1, '2023-09-06 19:00:00', '01:00:00', 400, 10, 0, '2023-07-17 07:27:43'),
(47, '核心強化與腹肌鍛鍊課程-高級', 2, 16, 1, '2023-09-12 19:00:00', '01:00:00', 500, 10, 0, '2023-07-17 07:27:43'),
(48, '核心強化與腹肌鍛鍊課程-高級', 2, 16, 1, '2023-09-13 19:00:00', '01:00:00', 500, 10, 0, '2023-07-17 07:27:43'),
(49, '核心強化與腹肌鍛鍊課程-初級', 2, 4, 2, '2023-08-28 19:00:00', '01:00:00', 350, 15, 0, '2023-07-17 07:37:25'),
(50, '核心強化與腹肌鍛鍊課程-初級', 2, 4, 2, '2023-08-30 19:00:00', '01:00:00', 350, 15, 0, '2023-07-17 07:37:25'),
(51, '核心強化與腹肌鍛鍊課程-中級', 2, 4, 2, '2023-09-04 19:00:00', '01:00:00', 400, 15, 0, '2023-07-17 07:37:25'),
(52, '核心強化與腹肌鍛鍊課程-中級', 2, 4, 2, '2023-09-06 19:00:00', '01:00:00', 400, 15, 0, '2023-07-17 07:37:25'),
(53, '核心強化與腹肌鍛鍊課程-高級', 2, 4, 2, '2023-09-11 19:00:00', '01:00:00', 450, 10, 0, '2023-07-17 07:37:25'),
(54, '核心強化與腹肌鍛鍊課程-高級', 2, 4, 2, '2023-09-13 19:00:00', '01:00:00', 450, 10, 0, '2023-07-17 07:37:25'),
(55, '核心強化與腹肌鍛鍊課程-初級', 2, 6, 3, '2023-08-25 09:45:00', '01:00:00', 350, 15, 0, '2023-07-17 07:59:19'),
(56, '核心強化與腹肌鍛鍊課程-初級', 2, 6, 3, '2023-08-25 11:15:00', '01:00:00', 350, 15, 0, '2023-07-17 07:59:19'),
(57, '核心強化與腹肌鍛鍊課程-中級', 2, 6, 3, '2023-09-01 09:45:00', '01:00:00', 450, 15, 0, '2023-07-17 07:59:19'),
(58, '核心強化與腹肌鍛鍊課程-中級', 2, 6, 3, '2023-09-01 11:15:00', '01:00:00', 450, 15, 0, '2023-07-17 07:59:19'),
(59, '核心強化與腹肌鍛鍊課程-高級', 2, 6, 3, '2023-09-08 09:45:00', '01:00:00', 500, 15, 0, '2023-07-17 07:59:19'),
(60, '核心強化與腹肌鍛鍊課程-高級', 2, 6, 3, '2023-09-08 11:15:00', '01:00:00', 500, 15, 0, '2023-07-17 07:59:19'),
(61, '皮拉提斯體態塑造-初級', 3, 18, 1, '2023-08-21 19:00:00', '01:00:00', 500, 15, 0, '2023-07-17 08:07:43'),
(62, '皮拉提斯體態塑造-初級', 3, 18, 1, '2023-08-25 19:00:00', '01:00:00', 500, 15, 0, '2023-07-17 08:07:43'),
(63, '皮拉提斯體態塑造-中級', 3, 18, 1, '2023-08-28 19:00:00', '01:00:00', 600, 15, 0, '2023-07-17 08:07:43'),
(64, '皮拉提斯體態塑造-中級', 3, 18, 1, '2023-09-01 19:00:00', '01:00:00', 600, 15, 0, '2023-07-17 08:07:43'),
(65, '皮拉提斯體態塑造-高級', 3, 18, 1, '2023-09-04 19:00:00', '01:00:00', 600, 15, 0, '2023-07-17 08:07:43'),
(66, '皮拉提斯體態塑造-高級', 3, 18, 1, '2023-09-08 19:00:00', '01:00:00', 600, 15, 0, '2023-07-17 08:07:43'),
(67, '皮拉提斯體態塑造-初級', 3, 4, 2, '2023-08-29 19:00:00', '01:00:00', 500, 15, 0, '2023-07-17 08:16:11'),
(68, '皮拉提斯體態塑造-初級', 3, 4, 2, '2023-08-31 19:00:00', '01:00:00', 500, 15, 0, '2023-07-17 08:16:11'),
(69, '皮拉提斯體態塑造-中級', 3, 4, 2, '2023-09-05 19:00:00', '01:00:00', 600, 15, 0, '2023-07-17 08:16:11'),
(70, '皮拉提斯體態塑造-中級', 3, 4, 2, '2023-09-07 19:00:00', '01:00:00', 600, 15, 0, '2023-07-17 08:16:11'),
(71, '皮拉提斯體態塑造-高級', 3, 4, 2, '2023-09-12 19:00:00', '01:00:00', 600, 15, 0, '2023-07-17 08:16:11'),
(72, '皮拉提斯體態塑造-高級', 3, 4, 2, '2023-09-14 19:00:00', '01:00:00', 600, 15, 0, '2023-07-17 08:16:11'),
(73, '皮拉提斯體態塑造-初級', 3, 6, 3, '2023-09-02 10:00:00', '01:00:00', 500, 15, 0, '2023-07-17 08:24:58'),
(74, '皮拉提斯體態塑造-初級', 3, 6, 3, '2023-09-02 14:00:00', '01:00:00', 500, 15, 0, '2023-07-17 08:24:58'),
(75, '皮拉提斯體態塑造-中級', 3, 6, 3, '2023-09-09 10:00:00', '01:00:00', 600, 15, 0, '2023-07-17 08:24:58'),
(76, '皮拉提斯體態塑造-中級', 3, 6, 3, '2023-09-09 14:00:00', '01:00:00', 600, 15, 0, '2023-07-17 08:24:58'),
(77, '皮拉提斯體態塑造-高級', 3, 6, 3, '2023-09-16 10:00:00', '01:00:00', 600, 15, 0, '2023-07-17 08:24:58'),
(78, '皮拉提斯體態塑造-高級', 3, 6, 3, '2023-09-16 14:00:00', '01:00:00', 600, 15, 0, '2023-07-17 08:24:58'),
(79, '強化肌力與力量提升課程-進階', 4, 7, 1, '2023-08-22 17:00:00', '00:50:00', 600, 1, 0, '2023-07-17 08:44:16'),
(80, '強化肌力與力量提升課程-進階', 4, 7, 1, '2023-08-22 19:15:00', '00:50:00', 600, 1, 0, '2023-07-17 08:44:17'),
(81, '強化肌力與力量提升課程-進階', 4, 10, 1, '2023-08-23 17:00:00', '00:50:00', 600, 1, 0, '2023-07-17 08:44:17'),
(82, '強化肌力與力量提升課程-進階', 4, 10, 1, '2023-08-23 19:15:00', '00:50:00', 600, 1, 0, '2023-07-17 08:44:17'),
(83, '強化肌力與力量提升課程-進階', 4, 10, 1, '2023-08-24 17:00:00', '00:50:00', 600, 1, 0, '2023-07-17 08:44:17'),
(84, '強化肌力與力量提升課程-進階', 4, 10, 1, '2023-08-24 19:15:00', '00:50:00', 600, 1, 0, '2023-07-17 08:44:17'),
(85, '強化肌力與力量提升課程-專業', 4, 7, 1, '2023-08-29 17:00:00', '00:50:00', 800, 1, 0, '2023-07-17 08:47:19'),
(86, '強化肌力與力量提升課程-專業', 4, 7, 1, '2023-08-29 19:15:00', '00:50:00', 800, 1, 0, '2023-07-17 08:47:19'),
(87, '強化肌力與力量提升課程-專業', 4, 10, 1, '2023-08-30 17:00:00', '00:50:00', 800, 1, 0, '2023-07-17 08:47:19'),
(88, '強化肌力與力量提升課程-專業', 4, 10, 1, '2023-08-30 19:15:00', '00:50:00', 800, 1, 0, '2023-07-17 08:47:19'),
(89, '強化肌力與力量提升課程-專業', 4, 10, 1, '2023-08-31 17:00:00', '00:50:00', 800, 1, 0, '2023-07-17 08:47:19'),
(90, '強化肌力與力量提升課程-專業', 4, 10, 1, '2023-08-31 19:15:00', '00:50:00', 800, 1, 0, '2023-07-17 08:47:19'),
(91, '強化肌力與力量提升課程-進階', 4, 14, 2, '2023-08-31 18:00:00', '00:50:00', 600, 1, 0, '2023-07-17 09:44:44'),
(92, '強化肌力與力量提升課程-進階', 4, 14, 2, '2023-08-31 20:00:00', '00:50:00', 600, 1, 0, '2023-07-17 09:44:44'),
(93, '強化肌力與力量提升課程-進階', 4, 14, 2, '2023-09-01 18:00:00', '00:50:00', 600, 1, 0, '2023-07-17 09:44:44'),
(94, '強化肌力與力量提升課程-進階', 4, 14, 2, '2023-09-01 20:00:00', '00:50:00', 600, 1, 0, '2023-07-17 09:44:44'),
(95, '強化肌力與力量提升課程-專業', 4, 14, 2, '2023-09-07 18:00:00', '00:50:00', 800, 1, 0, '2023-07-17 09:44:44'),
(96, '強化肌力與力量提升課程-專業', 4, 14, 2, '2023-09-07 20:00:00', '00:50:00', 800, 1, 0, '2023-07-17 09:44:44'),
(97, '強化肌力與力量提升課程-專業', 4, 14, 2, '2023-09-08 18:00:00', '00:50:00', 800, 1, 0, '2023-07-17 09:44:44'),
(98, '強化肌力與力量提升課程-專業', 4, 14, 2, '2023-09-08 20:00:00', '00:50:00', 800, 1, 0, '2023-07-17 09:44:44'),
(99, '強化肌力與力量提升課程-進階', 4, 9, 3, '2023-08-21 19:30:00', '00:50:00', 600, 1, 0, '2023-07-17 10:45:14'),
(100, '強化肌力與力量提升課程-進階', 4, 9, 3, '2023-08-24 19:30:00', '00:50:00', 600, 1, 0, '2023-07-17 10:45:14'),
(101, '強化肌力與力量提升課程-專業', 4, 9, 3, '2023-08-28 19:30:00', '00:50:00', 800, 1, 0, '2023-07-17 10:45:14'),
(102, '強化肌力與力量提升課程-專業', 4, 9, 3, '2023-08-31 19:30:00', '00:50:00', 800, 1, 0, '2023-07-17 10:45:14'),
(103, '專業拳擊技巧訓練系列課程-進階', 5, 8, 1, '2023-08-26 10:30:00', '01:30:00', 800, 1, 0, '2023-07-17 11:16:00'),
(104, '專業拳擊技巧訓練系列課程-進階', 5, 8, 1, '2023-08-26 14:30:00', '01:30:00', 800, 1, 0, '2023-07-17 11:16:00'),
(105, '專業拳擊技巧訓練系列課程-進階', 5, 8, 1, '2023-08-27 10:30:00', '01:30:00', 800, 1, 0, '2023-07-17 11:16:00'),
(106, '專業拳擊技巧訓練系列課程-進階', 5, 8, 1, '2023-08-27 14:30:00', '01:30:00', 800, 1, 0, '2023-07-17 11:16:00'),
(107, '專業拳擊技巧訓練系列課程-專業', 5, 8, 1, '2023-09-02 10:30:00', '01:30:00', 999, 1, 0, '2023-07-17 11:16:00'),
(108, '專業拳擊技巧訓練系列課程-專業', 5, 8, 1, '2023-09-02 14:30:00', '01:30:00', 999, 1, 0, '2023-07-17 11:16:00'),
(109, '專業拳擊技巧訓練系列課程-專業', 5, 8, 1, '2023-09-03 10:30:00', '01:30:00', 999, 1, 0, '2023-07-17 11:16:00'),
(110, '專業拳擊技巧訓練系列課程-專業', 5, 8, 1, '2023-09-03 14:30:00', '01:30:00', 999, 1, 0, '2023-07-17 11:16:00'),
(111, '專業拳擊技巧訓練系列課程-進階', 5, 11, 2, '2023-08-26 11:00:00', '01:30:00', 800, 1, 0, '2023-07-17 11:20:11'),
(112, '專業拳擊技巧訓練系列課程-進階', 5, 11, 2, '2023-08-26 14:30:00', '01:30:00', 800, 1, 0, '2023-07-17 11:20:11'),
(113, '專業拳擊技巧訓練系列課程-進階', 5, 11, 2, '2023-08-27 11:00:00', '01:30:00', 800, 1, 0, '2023-07-17 11:20:11'),
(114, '專業拳擊技巧訓練系列課程-進階', 5, 11, 2, '2023-08-27 14:30:00', '01:30:00', 800, 1, 0, '2023-07-17 11:20:11'),
(115, '專業拳擊技巧訓練系列課程-專業', 5, 11, 2, '2023-09-02 11:00:00', '01:30:00', 999, 1, 0, '2023-07-17 11:20:11'),
(116, '專業拳擊技巧訓練系列課程-專業', 5, 11, 2, '2023-09-02 14:30:00', '01:30:00', 999, 1, 0, '2023-07-17 11:20:11'),
(117, '專業拳擊技巧訓練系列課程-專業', 5, 11, 2, '2023-09-03 11:00:00', '01:30:00', 999, 1, 0, '2023-07-17 11:20:11'),
(118, '專業拳擊技巧訓練系列課程-專業', 5, 11, 2, '2023-09-03 14:30:00', '01:30:00', 999, 1, 0, '2023-07-17 11:20:11'),
(119, '臥推專項訓練課程-進階', 6, 10, 1, '2023-08-22 19:30:00', '00:50:00', 700, 1, 0, '2023-07-17 11:51:50'),
(120, '臥推專項訓練課程-進階', 6, 10, 1, '2023-08-25 19:30:00', '00:50:00', 700, 1, 0, '2023-07-17 11:51:50'),
(121, '臥推專項訓練課程-專業', 6, 10, 1, '2023-08-29 19:30:00', '00:50:00', 900, 1, 0, '2023-07-17 11:51:50'),
(122, '臥推專項訓練課程-專業', 6, 10, 1, '2023-09-01 19:30:00', '00:50:00', 900, 1, 0, '2023-07-17 11:51:50'),
(123, '臥推專項訓練課程-進階', 6, 14, 2, '2023-08-21 19:30:00', '00:50:00', 700, 1, 0, '2023-07-17 12:00:16'),
(124, '臥推專項訓練課程-進階', 6, 14, 2, '2023-08-23 19:30:00', '00:50:00', 700, 1, 0, '2023-07-17 12:00:16'),
(125, '臥推專項訓練課程-專業', 6, 14, 2, '2023-08-28 19:30:00', '00:50:00', 900, 1, 0, '2023-07-17 12:00:16'),
(126, '臥推專項訓練課程-專業', 6, 14, 2, '2023-08-30 19:30:00', '00:50:00', 900, 1, 0, '2023-07-17 12:00:16'),
(127, '臥推專項訓練課程-進階', 6, 9, 3, '2023-08-22 15:00:00', '00:50:00', 700, 1, 0, '2023-07-17 12:06:14'),
(128, '臥推專項訓練課程-進階', 6, 9, 3, '2023-08-25 15:00:00', '00:50:00', 700, 1, 0, '2023-07-17 12:06:14'),
(129, '臥推專項訓練課程-進階', 6, 9, 3, '2023-08-22 19:30:00', '00:50:00', 700, 1, 0, '2023-07-17 12:06:14'),
(130, '臥推專項訓練課程-進階', 6, 9, 3, '2023-08-25 19:30:00', '00:50:00', 700, 1, 0, '2023-07-17 12:06:14'),
(131, '臥推專項訓練課程-專業', 6, 9, 3, '2023-08-29 15:00:00', '00:50:00', 900, 1, 0, '2023-07-17 12:06:14'),
(132, '臥推專項訓練課程-專業', 6, 9, 3, '2023-09-01 15:00:00', '00:50:00', 900, 1, 0, '2023-07-17 12:06:14'),
(133, '臥推專項訓練課程-專業', 6, 9, 3, '2023-08-29 19:30:00', '00:50:00', 900, 1, 0, '2023-07-17 12:06:14'),
(134, '臥推專項訓練課程-專業', 6, 9, 3, '2023-09-01 19:30:00', '00:50:00', 900, 1, 0, '2023-07-17 12:06:14'),
(135, '肌肥大循環課表訓練課程-入門', 7, 13, 1, '2023-08-21 19:00:00', '01:00:00', 600, 1, 0, '2023-07-17 12:12:41'),
(136, '肌肥大循環課表訓練課程-入門', 7, 13, 1, '2023-08-21 21:00:00', '01:00:00', 600, 1, 0, '2023-07-17 12:12:41'),
(137, '肌肥大循環課表訓練課程-進階', 7, 13, 1, '2023-08-25 19:00:00', '01:00:00', 700, 1, 0, '2023-07-17 12:12:41'),
(138, '肌肥大循環課表訓練課程-進階', 7, 13, 1, '2023-08-25 21:00:00', '01:00:00', 700, 1, 0, '2023-07-17 12:12:41'),
(139, '肌肥大循環課表訓練課程-入門', 7, 3, 2, '2023-08-21 14:00:00', '01:00:00', 600, 1, 0, '2023-07-17 12:17:05'),
(140, '肌肥大循環課表訓練課程-入門', 7, 3, 2, '2023-08-21 21:00:00', '01:00:00', 600, 1, 0, '2023-07-17 12:17:05'),
(141, '肌肥大循環課表訓練課程-入門', 7, 3, 2, '2023-08-22 19:00:00', '01:00:00', 600, 1, 0, '2023-07-17 12:17:05'),
(142, '肌肥大循環課表訓練課程-進階', 7, 3, 2, '2023-08-22 21:00:00', '01:00:00', 700, 1, 0, '2023-07-17 12:17:05'),
(143, '肌肥大循環課表訓練課程-進階', 7, 3, 2, '2023-08-24 19:00:00', '01:00:00', 700, 1, 0, '2023-07-17 12:17:05'),
(144, '肌肥大循環課表訓練課程-進階', 7, 3, 2, '2023-08-24 21:00:00', '01:00:00', 700, 1, 0, '2023-07-17 12:17:05'),
(145, '肌肥大循環課表訓練課程-入門', 7, 12, 3, '2023-08-21 19:00:00', '01:00:00', 600, 1, 0, '2023-07-17 12:22:16'),
(146, '肌肥大循環課表訓練課程-入門', 7, 12, 3, '2023-08-21 21:00:00', '01:00:00', 600, 1, 0, '2023-07-17 12:22:16'),
(147, '肌肥大循環課表訓練課程-入門', 7, 12, 3, '2023-08-23 19:00:00', '01:00:00', 600, 1, 0, '2023-07-17 12:22:16'),
(148, '肌肥大循環課表訓練課程-入門', 7, 12, 3, '2023-08-23 21:00:00', '01:00:00', 600, 1, 0, '2023-07-17 12:22:16'),
(149, '肌肥大循環課表訓練課程-進階', 7, 12, 3, '2023-08-26 10:00:00', '01:00:00', 700, 1, 0, '2023-07-17 12:22:16'),
(150, '肌肥大循環課表訓練課程-進階', 7, 12, 3, '2023-08-26 14:00:00', '01:00:00', 700, 1, 0, '2023-07-17 12:22:16'),
(151, '肌肥大循環課表訓練課程-進階', 7, 12, 3, '2023-08-27 10:00:00', '01:00:00', 700, 1, 0, '2023-07-17 12:22:16'),
(152, '肌肥大循環課表訓練課程-進階', 7, 12, 3, '2023-08-27 14:00:00', '01:00:00', 700, 1, 0, '2023-07-17 12:22:16'),
(153, '長跑有氧耐力專門課程-專業', 8, 24, 2, '2023-08-21 14:00:00', '01:30:00', 1000, 1, 0, '2023-07-17 12:39:42'),
(154, '長跑有氧耐力專門課程-專業', 8, 24, 2, '2023-08-21 20:00:00', '01:30:00', 1000, 1, 0, '2023-07-17 12:39:42'),
(155, '長跑有氧耐力專門課程-進階', 8, 24, 2, '2023-08-23 14:00:00', '01:30:00', 800, 1, 0, '2023-07-17 12:39:42'),
(156, '長跑有氧耐力專門課程-進階', 8, 24, 2, '2023-08-23 20:00:00', '01:30:00', 800, 1, 0, '2023-07-17 12:39:42'),
(157, '長跑有氧耐力專門課程-進階', 8, 24, 2, '2023-08-25 14:00:00', '01:30:00', 800, 1, 0, '2023-07-17 12:39:42'),
(158, '長跑有氧耐力專門課程-進階', 8, 24, 2, '2023-08-25 20:00:00', '01:30:00', 800, 1, 0, '2023-07-17 12:39:42'),
(159, '硬拉專門訓練課程-進階', 9, 13, 1, '2023-09-02 10:00:00', '00:50:00', 700, 1, 0, '2023-07-17 12:51:05'),
(160, '硬拉專門訓練課程-進階', 9, 13, 1, '2023-09-02 14:00:00', '00:50:00', 700, 1, 0, '2023-07-17 12:51:05'),
(161, '硬拉專門訓練課程-專業', 9, 13, 1, '2023-09-02 19:00:00', '00:50:00', 900, 1, 0, '2023-07-17 12:51:05'),
(162, '硬拉專門訓練課程-進階', 9, 13, 1, '2023-09-03 10:00:00', '00:50:00', 700, 1, 0, '2023-07-17 12:51:05'),
(163, '硬拉專門訓練課程-進階', 9, 13, 1, '2023-09-03 14:00:00', '00:50:00', 700, 1, 0, '2023-07-17 12:51:05'),
(164, '硬拉專門訓練課程-專業', 9, 13, 1, '2023-09-03 19:00:00', '00:50:00', 900, 1, 0, '2023-07-17 12:51:05'),
(165, '硬拉專門訓練課程-進階', 9, 14, 2, '2023-08-22 10:00:00', '00:50:00', 700, 1, 0, '2023-07-18 02:04:27'),
(166, '硬拉專門訓練課程-專業', 9, 14, 2, '2023-08-22 20:00:00', '00:50:00', 900, 1, 0, '2023-07-18 02:04:27'),
(167, '硬拉專門訓練課程-進階', 9, 14, 2, '2023-08-24 10:00:00', '00:50:00', 700, 1, 0, '2023-07-18 02:04:27'),
(168, '硬拉專門訓練課程-專業', 9, 14, 2, '2023-08-24 20:00:00', '00:50:00', 900, 1, 0, '2023-07-18 02:04:27'),
(169, '硬拉專門訓練課程-進階', 9, 14, 2, '2023-08-26 10:00:00', '00:50:00', 700, 1, 0, '2023-07-18 02:04:27'),
(170, '硬拉專門訓練課程-專業', 9, 14, 2, '2023-08-26 20:00:00', '00:50:00', 900, 1, 0, '2023-07-18 02:04:27'),
(179, '硬拉專門訓練課程-進階', 9, 15, 3, '2023-08-22 14:00:00', '00:50:00', 700, 1, 0, '2023-07-18 02:30:57'),
(180, '硬拉專門訓練課程-專業', 9, 15, 3, '2023-08-22 19:30:00', '00:50:00', 900, 1, 0, '2023-07-18 02:30:57'),
(181, '硬拉專門訓練課程-進階', 9, 15, 3, '2023-08-23 14:00:00', '00:50:00', 700, 1, 0, '2023-07-18 02:30:57'),
(182, '硬拉專門訓練課程-專業', 9, 15, 3, '2023-08-23 19:30:00', '00:50:00', 900, 1, 0, '2023-07-18 02:30:57'),
(183, '硬拉專門訓練課程-進階', 9, 15, 3, '2023-09-06 14:00:00', '00:50:00', 700, 1, 0, '2023-07-18 02:30:57'),
(184, '硬拉專門訓練課程-專業', 9, 15, 3, '2023-09-06 19:30:00', '00:50:00', 900, 1, 0, '2023-07-18 02:30:57'),
(185, '硬拉專門訓練課程-進階', 9, 15, 3, '2023-09-07 14:00:00', '00:50:00', 700, 1, 0, '2023-07-18 02:30:57'),
(186, '硬拉專門訓練課程-專業', 9, 15, 3, '2023-09-07 19:30:00', '00:50:00', 900, 1, 0, '2023-07-18 02:30:57'),
(187, '飛輪心肺有氧耐力課程', 10, 18, 1, '2023-08-22 14:00:00', '01:00:00', 500, 15, 0, '2023-07-18 02:50:21'),
(188, '飛輪心肺有氧耐力課程', 10, 18, 1, '2023-08-22 19:00:00', '01:00:00', 500, 15, 0, '2023-07-18 02:50:21'),
(189, '飛輪心肺有氧耐力課程', 10, 18, 1, '2023-08-24 14:00:00', '01:00:00', 500, 15, 0, '2023-07-18 02:50:21'),
(190, '飛輪心肺有氧耐力課程', 10, 18, 1, '2023-08-24 19:00:00', '01:00:00', 500, 15, 0, '2023-07-18 02:50:21'),
(191, '飛輪心肺有氧耐力課程', 10, 18, 1, '2023-08-29 14:00:00', '01:00:00', 500, 15, 0, '2023-07-18 02:50:21'),
(192, '飛輪心肺有氧耐力課程', 10, 18, 1, '2023-08-29 19:00:00', '01:00:00', 500, 15, 0, '2023-07-18 02:50:21'),
(193, '飛輪心肺有氧耐力課程', 10, 18, 1, '2023-08-31 14:00:00', '01:00:00', 500, 15, 0, '2023-07-18 02:50:21'),
(194, '飛輪心肺有氧耐力課程', 10, 18, 1, '2023-08-31 19:00:00', '01:00:00', 500, 15, 0, '2023-07-18 02:50:21'),
(195, '飛輪心肺有氧耐力課程', 10, 19, 2, '2023-09-04 16:00:00', '01:00:00', 550, 15, 0, '2023-07-18 02:57:30'),
(196, '飛輪心肺有氧耐力課程', 10, 19, 2, '2023-09-04 19:15:00', '01:00:00', 550, 15, 0, '2023-07-18 02:57:30'),
(197, '飛輪心肺有氧耐力課程', 10, 19, 2, '2023-09-05 16:00:00', '01:00:00', 550, 15, 0, '2023-07-18 02:57:30'),
(198, '飛輪心肺有氧耐力課程', 10, 19, 2, '2023-09-05 19:15:00', '01:00:00', 550, 15, 0, '2023-07-18 02:57:30'),
(199, '飛輪心肺有氧耐力課程', 10, 19, 2, '2023-09-11 16:00:00', '01:00:00', 550, 15, 0, '2023-07-18 02:57:30'),
(200, '飛輪心肺有氧耐力課程', 10, 19, 2, '2023-09-11 19:15:00', '01:00:00', 550, 15, 0, '2023-07-18 02:57:30'),
(201, '飛輪心肺有氧耐力課程', 10, 19, 2, '2023-09-12 16:00:00', '01:00:00', 550, 15, 0, '2023-07-18 02:57:30'),
(202, '飛輪心肺有氧耐力課程', 10, 19, 2, '2023-09-12 19:15:00', '01:00:00', 550, 15, 0, '2023-07-18 02:57:30'),
(203, '飛輪心肺有氧耐力課程', 10, 20, 3, '2023-08-24 16:00:00', '01:00:00', 500, 15, 0, '2023-07-18 03:08:16'),
(204, '飛輪心肺有氧耐力課程', 10, 20, 3, '2023-08-24 20:00:00', '01:00:00', 500, 15, 0, '2023-07-18 03:08:16'),
(205, '飛輪心肺有氧耐力課程', 10, 20, 3, '2023-08-31 16:00:00', '01:00:00', 500, 15, 0, '2023-07-18 03:08:16'),
(206, '飛輪心肺有氧耐力課程', 10, 20, 3, '2023-08-31 20:00:00', '01:00:00', 500, 15, 0, '2023-07-18 03:08:16'),
(207, '飛輪心肺有氧耐力課程', 10, 20, 3, '2023-09-07 16:00:00', '01:00:00', 500, 15, 0, '2023-07-18 03:08:16'),
(208, '飛輪心肺有氧耐力課程', 10, 20, 3, '2023-09-07 20:00:00', '01:00:00', 500, 15, 0, '2023-07-18 03:08:16'),
(209, '飛輪心肺有氧耐力課程', 10, 22, 3, '2023-09-12 16:00:00', '01:00:00', 500, 15, 0, '2023-07-18 03:08:16'),
(210, '飛輪心肺有氧耐力課程', 10, 22, 3, '2023-09-12 20:00:00', '01:00:00', 500, 15, 0, '2023-07-18 03:08:16'),
(211, '飛輪心肺有氧耐力課程', 10, 1, 1, '2023-08-21 14:00:00', '01:00:00', 500, 15, 0, '2023-07-18 03:16:29'),
(212, '飛輪心肺有氧耐力課程', 10, 1, 1, '2023-08-21 19:00:00', '01:00:00', 500, 15, 0, '2023-07-18 03:16:29'),
(213, '飛輪心肺有氧耐力課程', 10, 1, 1, '2023-08-28 14:00:00', '01:00:00', 500, 15, 0, '2023-07-18 03:16:29'),
(214, '飛輪心肺有氧耐力課程', 10, 1, 1, '2023-08-28 19:00:00', '01:00:00', 500, 15, 0, '2023-07-18 03:16:29'),
(215, '飛輪心肺有氧耐力課程', 10, 1, 1, '2023-08-25 14:00:00', '01:00:00', 500, 15, 0, '2023-07-18 03:16:29'),
(216, '飛輪心肺有氧耐力課程', 10, 1, 1, '2023-08-25 19:00:00', '01:00:00', 500, 15, 0, '2023-07-18 03:16:29'),
(217, '飛輪心肺有氧耐力課程', 10, 1, 1, '2023-09-01 14:00:00', '01:00:00', 500, 15, 0, '2023-07-18 03:16:29'),
(218, '飛輪心肺有氧耐力課程', 10, 1, 1, '2023-09-01 19:00:00', '01:00:00', 500, 15, 0, '2023-07-18 03:16:29'),
(219, '靜態拉伸、肌肉放鬆與運動傷害預防課程', 11, 23, 2, '2023-09-02 20:00:00', '01:15:00', 600, 10, 0, '2023-07-18 03:25:24'),
(220, '靜態拉伸、肌肉放鬆與運動傷害預防課程', 11, 23, 2, '2023-09-09 20:00:00', '01:15:00', 600, 10, 0, '2023-07-18 03:25:24'),
(221, '靜態拉伸、肌肉放鬆與運動傷害預防課程', 11, 23, 2, '2023-09-16 20:00:00', '01:15:00', 600, 10, 0, '2023-07-18 03:25:24'),
(222, '靜態拉伸、肌肉放鬆與運動傷害預防課程', 11, 23, 2, '2023-09-23 20:00:00', '01:15:00', 600, 10, 0, '2023-07-18 03:25:24'),
(223, '靜態拉伸、肌肉放鬆與運動傷害預防課程', 11, 23, 2, '2023-09-30 20:00:00', '01:15:00', 600, 10, 0, '2023-07-18 03:25:24'),
(224, '壺鈴綜合訓練課程', 13, 7, 1, '2023-08-23 19:00:00', '01:00:00', 600, 10, 0, '2023-07-18 04:00:20'),
(225, '壺鈴綜合訓練課程', 13, 7, 1, '2023-08-21 19:00:00', '01:00:00', 600, 10, 0, '2023-07-18 04:00:20'),
(226, '壺鈴綜合訓練課程', 13, 7, 1, '2023-08-30 19:00:00', '01:00:00', 600, 10, 0, '2023-07-18 04:00:20'),
(227, '壺鈴綜合訓練課程', 13, 7, 1, '2023-09-06 19:00:00', '01:00:00', 600, 10, 0, '2023-07-18 04:00:20'),
(228, '壺鈴綜合訓練課程', 13, 3, 2, '2023-08-21 19:15:00', '01:00:00', 600, 10, 0, '2023-07-18 05:53:58'),
(229, '壺鈴綜合訓練課程', 13, 3, 2, '2023-08-23 19:15:00', '01:00:00', 600, 10, 0, '2023-07-18 05:53:58'),
(230, '壺鈴綜合訓練課程', 13, 3, 2, '2023-08-25 19:15:00', '01:00:00', 600, 10, 0, '2023-07-18 05:53:58'),
(231, '壺鈴綜合訓練課程', 13, 3, 2, '2023-08-27 15:00:00', '01:00:00', 600, 10, 0, '2023-07-18 05:53:58'),
(232, '壺鈴綜合訓練課程', 13, 17, 3, '2023-08-19 09:30:00', '01:00:00', 650, 12, 0, '2023-07-18 05:58:59'),
(233, '壺鈴綜合訓練課程', 13, 17, 3, '2023-08-19 16:00:00', '01:00:00', 650, 12, 0, '2023-07-18 05:58:59'),
(234, '壺鈴綜合訓練課程', 13, 17, 3, '2023-08-20 09:30:00', '01:00:00', 650, 12, 0, '2023-07-18 05:58:59'),
(235, '壺鈴綜合訓練課程', 13, 17, 3, '2023-08-20 16:00:00', '01:00:00', 650, 12, 0, '2023-07-18 05:58:59'),
(236, '壺鈴綜合訓練課程', 13, 17, 3, '2023-08-26 09:30:00', '01:00:00', 650, 12, 0, '2023-07-18 05:58:59'),
(237, '壺鈴綜合訓練課程', 13, 17, 3, '2023-08-26 16:00:00', '01:00:00', 650, 12, 0, '2023-07-18 05:58:59'),
(238, '壺鈴綜合訓練課程', 13, 17, 3, '2023-08-27 09:30:00', '01:00:00', 650, 12, 0, '2023-07-18 05:58:59'),
(239, '壺鈴綜合訓練課程', 13, 17, 3, '2023-08-27 16:00:00', '01:00:00', 650, 12, 0, '2023-07-18 05:58:59'),
(240, '藥球綜合訓練課程', 14, 16, 1, '2023-08-21 19:00:00', '01:00:00', 600, 8, 0, '2023-07-18 06:15:32'),
(241, '藥球綜合訓練課程', 14, 16, 1, '2023-08-24 19:00:00', '01:00:00', 600, 8, 0, '2023-07-18 06:15:32'),
(242, '藥球綜合訓練課程', 14, 16, 1, '2023-08-28 19:00:00', '01:00:00', 600, 8, 0, '2023-07-18 06:15:32'),
(243, '藥球綜合訓練課程', 14, 16, 1, '2023-08-31 19:00:00', '01:00:00', 600, 8, 0, '2023-07-18 06:15:32'),
(244, '藥球綜合訓練課程', 14, 16, 1, '2023-09-04 19:00:00', '01:00:00', 600, 8, 0, '2023-07-18 06:16:35'),
(245, '藥球綜合訓練課程', 14, 16, 1, '2023-09-07 19:00:00', '01:00:00', 600, 8, 0, '2023-07-18 06:16:35'),
(246, '藥球綜合訓練課程', 14, 16, 1, '2023-09-11 19:00:00', '01:00:00', 600, 8, 0, '2023-07-18 06:16:35'),
(247, '藥球綜合訓練課程', 14, 16, 1, '2023-09-14 19:00:00', '01:00:00', 600, 8, 0, '2023-07-18 06:16:35'),
(248, '藥球綜合訓練課程', 14, 3, 2, '2023-08-23 20:30:00', '01:00:00', 600, 4, 0, '2023-07-18 06:23:50'),
(249, '藥球綜合訓練課程', 14, 3, 2, '2023-08-25 20:30:00', '01:00:00', 600, 4, 0, '2023-07-18 06:23:50'),
(250, '藥球綜合訓練課程', 14, 3, 2, '2023-08-30 20:30:00', '01:00:00', 600, 4, 0, '2023-07-18 06:23:50'),
(251, '藥球綜合訓練課程', 14, 3, 2, '2023-09-01 20:30:00', '01:00:00', 600, 4, 0, '2023-07-18 06:23:50'),
(252, '藥球綜合訓練課程', 14, 17, 3, '2023-08-22 19:30:00', '01:00:00', 600, 6, 0, '2023-07-18 06:32:28'),
(253, '藥球綜合訓練課程', 14, 17, 3, '2023-08-24 19:30:00', '01:00:00', 600, 6, 0, '2023-07-18 06:32:28'),
(254, '藥球綜合訓練課程', 14, 17, 3, '2023-08-29 19:30:00', '01:00:00', 600, 6, 0, '2023-07-18 06:32:28'),
(255, '藥球綜合訓練課程', 14, 17, 3, '2023-08-31 19:30:00', '01:00:00', 600, 6, 0, '2023-07-18 06:32:28'),
(256, '藥球綜合訓練課程', 14, 17, 3, '2023-09-05 19:30:00', '01:00:00', 600, 6, 0, '2023-07-18 06:32:28'),
(257, '藥球綜合訓練課程', 14, 17, 3, '2023-09-07 19:30:00', '01:00:00', 600, 6, 0, '2023-07-18 06:32:28'),
(258, '女性體態雕塑與健美健體專門訓練', 15, 1, 1, '2023-08-23 14:00:00', '01:00:00', 650, 1, 0, '2023-07-18 06:39:26'),
(259, '女性體態雕塑與健美健體專門訓練', 15, 1, 1, '2023-08-23 20:00:00', '01:00:00', 650, 1, 0, '2023-07-18 06:39:26'),
(260, '女性體態雕塑與健美健體專門訓練', 15, 1, 1, '2023-08-26 14:00:00', '01:00:00', 650, 1, 0, '2023-07-18 06:39:26'),
(261, '女性體態雕塑與健美健體專門訓練', 15, 1, 1, '2023-08-26 20:00:00', '01:00:00', 650, 1, 0, '2023-07-18 06:39:26'),
(262, '女性體態雕塑與健美健體專門訓練', 15, 1, 1, '2023-08-30 14:00:00', '01:00:00', 650, 1, 0, '2023-07-18 06:39:26'),
(263, '女性體態雕塑與健美健體專門訓練', 15, 1, 1, '2023-08-30 20:00:00', '01:00:00', 650, 1, 0, '2023-07-18 06:39:26'),
(264, '女性體態雕塑與健美健體專門訓練', 15, 1, 1, '2023-09-02 14:00:00', '01:00:00', 650, 1, 0, '2023-07-18 06:39:26'),
(265, '女性體態雕塑與健美健體專門訓練', 15, 1, 1, '2023-09-02 20:00:00', '01:00:00', 650, 1, 0, '2023-07-18 06:39:26'),
(266, '女性體態雕塑與健美健體專門訓練', 15, 23, 2, '2023-08-22 19:15:00', '01:00:00', 600, 1, 0, '2023-07-18 06:44:45'),
(267, '女性體態雕塑與健美健體專門訓練', 15, 23, 2, '2023-08-24 19:15:00', '01:00:00', 600, 1, 0, '2023-07-18 06:44:45'),
(268, '女性體態雕塑與健美健體專門訓練', 15, 23, 2, '2023-08-29 19:15:00', '01:00:00', 600, 1, 0, '2023-07-18 06:44:45'),
(269, '女性體態雕塑與健美健體專門訓練', 15, 23, 2, '2023-08-31 19:15:00', '01:00:00', 600, 1, 0, '2023-07-18 06:44:45'),
(270, '女性體態雕塑與健美健體專門訓練', 15, 5, 3, '2023-09-03 14:30:00', '01:00:00', 600, 1, 0, '2023-07-18 06:50:04'),
(271, '女性體態雕塑與健美健體專門訓練', 15, 5, 3, '2023-09-10 14:30:00', '01:00:00', 600, 1, 0, '2023-07-18 06:50:04'),
(272, '女性體態雕塑與健美健體專門訓練', 15, 6, 3, '2023-08-23 19:00:00', '01:00:00', 600, 1, 0, '2023-07-18 06:50:04'),
(273, '女性體態雕塑與健美健體專門訓練', 15, 6, 3, '2023-08-30 19:00:00', '01:00:00', 600, 1, 0, '2023-07-18 06:50:04'),
(274, '肌肥大循環課表訓練課程-入門', 7, 21, 1, '2023-08-22 16:00:00', '01:00:00', 600, 1, 0, '2023-07-18 07:59:57'),
(275, '肌肥大循環課表訓練課程-入門', 7, 21, 1, '2023-08-22 20:00:00', '01:00:00', 600, 1, 0, '2023-07-18 07:59:57'),
(276, '肌肥大循環課表訓練課程-進階', 7, 21, 1, '2023-08-25 16:00:00', '01:00:00', 700, 1, 0, '2023-07-18 07:59:57'),
(277, '肌肥大循環課表訓練課程-進階', 7, 21, 1, '2023-08-25 20:00:00', '01:00:00', 700, 1, 0, '2023-07-18 07:59:57'),
(278, '個人飲食及訓練專業諮詢規劃', 16, 21, 1, '2023-08-27 13:00:00', '00:30:00', 300, 1, 0, '2023-07-18 08:02:57'),
(279, '個人飲食及訓練專業諮詢規劃', 16, 21, 1, '2023-08-27 14:00:00', '00:30:00', 300, 1, 0, '2023-07-18 08:02:57'),
(280, '個人飲食及訓練專業諮詢規劃', 16, 21, 1, '2023-08-27 15:00:00', '00:30:00', 300, 1, 0, '2023-07-18 08:02:57'),
(281, '個人飲食及訓練專業諮詢規劃', 16, 22, 3, '2023-09-04 13:00:00', '00:30:00', 300, 1, 0, '2023-07-18 08:15:11'),
(282, '個人飲食及訓練專業諮詢規劃', 16, 22, 3, '2023-09-05 13:00:00', '00:30:00', 300, 1, 0, '2023-07-18 08:15:11'),
(283, '個人飲食及訓練專業諮詢規劃', 16, 22, 3, '2023-09-06 13:00:00', '00:30:00', 300, 1, 0, '2023-07-18 08:15:11'),
(284, '個人飲食及訓練專業諮詢規劃', 16, 22, 3, '2023-09-07 13:00:00', '00:30:00', 300, 1, 0, '2023-07-18 08:15:11'),
(285, '個人飲食及訓練專業諮詢規劃', 16, 22, 3, '2023-09-08 13:00:00', '00:30:00', 300, 1, 0, '2023-07-18 08:15:11'),
(286, '個人飲食及訓練專業諮詢規劃', 16, 22, 3, '2023-09-11 13:00:00', '00:30:00', 300, 1, 0, '2023-07-18 08:15:11'),
(287, '個人飲食及訓練專業諮詢規劃', 16, 22, 3, '2023-09-12 13:00:00', '00:30:00', 300, 1, 0, '2023-07-18 08:15:11'),
(288, '個人飲食及訓練專業諮詢規劃', 16, 22, 3, '2023-09-13 13:00:00', '00:30:00', 300, 1, 0, '2023-07-18 08:15:11'),
(289, '個人飲食及訓練專業諮詢規劃', 16, 22, 3, '2023-09-14 13:00:00', '00:30:00', 300, 1, 0, '2023-07-18 08:15:11'),
(290, '個人飲食及訓練專業諮詢規劃', 16, 22, 3, '2023-09-15 13:00:00', '00:30:00', 300, 1, 0, '2023-07-18 08:15:11'),
(291, 'HIIT高強度間歇性鍛鍊課程', 17, 13, 1, '2023-08-23 19:00:00', '00:45:00', 500, 6, 0, '2023-07-18 08:38:25'),
(292, 'HIIT高強度間歇性鍛鍊課程', 17, 13, 1, '2023-08-28 19:00:00', '00:45:00', 500, 6, 0, '2023-07-18 08:38:25'),
(293, 'HIIT高強度間歇性鍛鍊課程', 17, 7, 1, '2023-09-04 19:00:00', '00:45:00', 500, 6, 0, '2023-07-18 08:40:24'),
(294, 'HIIT高強度間歇性鍛鍊課程', 17, 7, 1, '2023-09-08 19:00:00', '00:45:00', 500, 6, 0, '2023-07-18 08:40:24'),
(295, 'HIIT高強度間歇性鍛鍊課程', 17, 3, 2, '2023-09-04 19:00:00', '00:45:00', 500, 6, 0, '2023-07-18 08:43:22'),
(296, 'HIIT高強度間歇性鍛鍊課程', 17, 3, 2, '2023-09-05 19:00:00', '00:45:00', 500, 6, 0, '2023-07-18 08:43:22'),
(297, 'HIIT高強度間歇性鍛鍊課程', 17, 17, 3, '2023-09-01 19:00:00', '00:45:00', 500, 6, 0, '2023-07-18 08:45:08'),
(298, 'HIIT高強度間歇性鍛鍊課程', 17, 17, 3, '2023-09-08 19:00:00', '00:45:00', 500, 6, 0, '2023-07-18 08:45:08'),
(299, '划船機專項訓練課程', 18, 20, 3, '2023-08-21 19:00:00', '01:00:00', 550, 10, 0, '2023-07-18 09:01:03'),
(300, '划船機專項訓練課程', 18, 20, 3, '2023-08-23 19:00:00', '01:00:00', 550, 10, 0, '2023-07-18 09:01:03'),
(301, '划船機專項訓練課程', 18, 20, 3, '2023-08-28 19:00:00', '01:00:00', 550, 10, 0, '2023-07-18 09:01:03'),
(302, '划船機專項訓練課程', 18, 20, 3, '2023-08-30 19:00:00', '01:00:00', 550, 10, 0, '2023-07-18 09:01:03'),
(303, '划船機專項訓練課程', 18, 20, 3, '2023-09-04 19:00:00', '01:00:00', 550, 10, 0, '2023-07-18 09:01:03'),
(304, '划船機專項訓練課程', 18, 20, 3, '2023-09-06 19:00:00', '01:00:00', 550, 10, 0, '2023-07-18 09:01:03');

-- --------------------------------------------------------

--
-- Table structure for table `c_l_location`
--

DROP TABLE IF EXISTS `c_l_location`;
CREATE TABLE `c_l_location` (
  `sid` int(11) NOT NULL,
  `name` varchar(32) NOT NULL
) ENGINE=InnoDB DEFAULT CHARSET=utf8;

--
-- Dumping data for table `c_l_location`
--

INSERT INTO `c_l_location` (`sid`, `name`) VALUES
(1, 'taipei'),
(2, 'taichung'),
(3, 'kaohsiung');

-- --------------------------------------------------------

--
-- Table structure for table `c_l_rela_coach_certification`
--

DROP TABLE IF EXISTS `c_l_rela_coach_certification`;
CREATE TABLE `c_l_rela_coach_certification` (
  `sid` int(11) NOT NULL,
  `coach_sid` int(11) NOT NULL,
  `certification_sid` int(11) NOT NULL
) ENGINE=InnoDB DEFAULT CHARSET=utf8;

--
-- Dumping data for table `c_l_rela_coach_certification`
--

INSERT INTO `c_l_rela_coach_certification` (`sid`, `coach_sid`, `certification_sid`) VALUES
(60, 1, 1),
(61, 1, 2),
(106, 1, 3),
(63, 1, 4),
(94, 2, 2),
(92, 2, 3),
(91, 2, 5),
(93, 2, 6),
(95, 2, 24),
(90, 3, 21),
(89, 3, 22),
(88, 3, 26),
(87, 3, 36),
(37, 4, 1),
(38, 4, 35),
(4, 5, 1),
(84, 5, 6),
(86, 5, 42),
(85, 5, 44),
(68, 6, 39),
(67, 6, 40),
(66, 6, 41),
(64, 6, 47),
(65, 6, 49),
(69, 7, 3),
(70, 7, 26),
(76, 7, 30),
(72, 7, 41),
(71, 7, 43),
(73, 7, 44),
(75, 7, 45),
(74, 7, 48),
(77, 8, 36),
(78, 8, 38),
(79, 8, 41),
(80, 8, 43),
(83, 8, 47),
(81, 8, 48),
(82, 8, 49),
(112, 10, 1),
(105, 11, 2),
(104, 11, 3),
(108, 13, 1),
(107, 13, 4),
(115, 17, 7),
(116, 17, 8),
(114, 18, 1),
(113, 18, 4),
(118, 19, 4),
(117, 19, 20);

-- --------------------------------------------------------

--
-- Table structure for table `c_l_rela_lesson_tag`
--

DROP TABLE IF EXISTS `c_l_rela_lesson_tag`;
CREATE TABLE `c_l_rela_lesson_tag` (
  `sid` int(11) NOT NULL,
  `lesson_sid` int(11) NOT NULL,
  `tag_sid` int(11) NOT NULL
) ENGINE=InnoDB DEFAULT CHARSET=utf8;

--
-- Dumping data for table `c_l_rela_lesson_tag`
--

INSERT INTO `c_l_rela_lesson_tag` (`sid`, `lesson_sid`, `tag_sid`) VALUES
(1, 1, 6),
(2, 1, 12),
(3, 1, 13),
(4, 1, 15),
(5, 1, 18),
(6, 1, 22),
(7, 1, 23),
(8, 2, 10),
(9, 2, 12),
(10, 2, 13),
(11, 2, 14),
(12, 2, 15),
(13, 2, 18),
(14, 2, 19),
(15, 2, 21),
(16, 2, 22),
(17, 2, 23),
(18, 3, 2),
(19, 3, 11),
(20, 3, 12),
(21, 3, 13),
(22, 3, 16),
(23, 3, 18),
(24, 3, 19),
(25, 3, 20),
(26, 3, 21),
(27, 3, 22),
(28, 3, 23),
(29, 4, 8),
(30, 4, 9),
(31, 4, 10),
(32, 4, 11),
(33, 4, 12),
(34, 4, 14),
(35, 4, 15),
(36, 4, 18),
(37, 4, 20),
(38, 4, 21),
(39, 4, 27),
(40, 5, 2),
(41, 5, 3),
(42, 5, 4),
(43, 5, 5),
(44, 5, 12),
(45, 5, 14),
(46, 5, 15),
(47, 5, 18),
(48, 5, 19),
(49, 5, 20),
(50, 5, 22),
(51, 5, 23),
(52, 5, 24),
(53, 5, 27),
(54, 6, 8),
(55, 6, 9),
(56, 6, 10),
(57, 6, 11),
(58, 6, 12),
(59, 6, 14),
(60, 6, 18),
(61, 6, 20),
(62, 6, 24),
(63, 6, 27),
(64, 7, 8),
(65, 7, 9),
(66, 7, 10),
(67, 7, 11),
(68, 7, 12),
(69, 7, 13),
(70, 7, 14),
(71, 7, 18),
(72, 7, 20),
(73, 7, 21),
(74, 7, 22),
(75, 7, 23),
(76, 7, 27),
(77, 8, 2),
(78, 8, 3),
(79, 8, 12),
(80, 8, 15),
(81, 8, 18),
(82, 8, 19),
(83, 8, 21),
(84, 8, 24),
(85, 8, 27),
(86, 9, 8),
(87, 9, 9),
(88, 9, 10),
(89, 9, 14),
(90, 9, 18),
(91, 9, 20),
(92, 9, 21),
(93, 9, 24),
(94, 9, 27),
(95, 10, 2),
(96, 10, 3),
(97, 10, 10),
(98, 10, 12),
(99, 10, 13),
(100, 10, 15),
(101, 10, 18),
(102, 10, 19),
(103, 10, 21),
(104, 10, 23),
(105, 11, 8),
(106, 11, 9),
(107, 11, 10),
(108, 11, 22),
(109, 11, 25),
(110, 11, 26),
(111, 11, 27),
(112, 12, 2),
(113, 12, 6),
(114, 12, 11),
(115, 12, 12),
(116, 12, 13),
(117, 12, 22),
(118, 12, 23),
(119, 12, 26),
(120, 13, 2),
(121, 13, 3),
(122, 13, 7),
(123, 13, 9),
(124, 13, 10),
(125, 13, 11),
(126, 13, 12),
(127, 13, 13),
(128, 13, 14),
(129, 13, 15),
(130, 13, 18),
(131, 13, 19),
(132, 13, 20),
(133, 13, 21),
(134, 13, 22),
(135, 13, 23),
(136, 14, 1),
(137, 14, 2),
(138, 14, 3),
(139, 14, 9),
(140, 14, 10),
(141, 14, 11),
(142, 14, 12),
(143, 14, 13),
(144, 14, 14),
(145, 14, 15),
(146, 14, 17),
(147, 14, 18),
(148, 14, 19),
(149, 14, 20),
(150, 14, 21),
(151, 14, 22),
(152, 14, 23),
(153, 15, 2),
(154, 15, 3),
(155, 15, 7),
(156, 15, 9),
(157, 15, 10),
(158, 15, 11),
(159, 15, 12),
(160, 15, 13),
(161, 15, 14),
(162, 15, 15),
(163, 15, 18),
(164, 15, 19),
(165, 15, 20),
(166, 15, 21),
(167, 15, 22),
(168, 15, 23),
(169, 16, 8),
(170, 16, 9),
(171, 16, 10),
(172, 16, 13),
(173, 16, 14),
(174, 16, 15),
(175, 16, 27),
(176, 17, 1),
(177, 17, 3),
(178, 17, 12),
(179, 17, 13),
(180, 17, 15),
(181, 17, 18),
(182, 17, 19),
(183, 17, 20),
(184, 17, 21),
(185, 17, 22),
(186, 17, 23),
(187, 18, 2),
(188, 18, 3),
(189, 18, 10),
(190, 18, 11),
(191, 18, 12),
(192, 18, 13),
(193, 18, 15),
(194, 18, 18),
(195, 18, 19),
(196, 18, 20),
(197, 18, 21),
(198, 18, 22),
(199, 18, 23);

-- --------------------------------------------------------

--
-- Table structure for table `c_l_tags`
--

DROP TABLE IF EXISTS `c_l_tags`;
CREATE TABLE `c_l_tags` (
  `sid` int(11) NOT NULL,
  `name` varchar(16) NOT NULL,
  `created_at` timestamp NOT NULL DEFAULT CURRENT_TIMESTAMP
) ENGINE=InnoDB DEFAULT CHARSET=utf8;

--
-- Dumping data for table `c_l_tags`
--

INSERT INTO `c_l_tags` (`sid`, `name`, `created_at`) VALUES
(1, 'HIIT', '2023-07-12 08:10:34'),
(2, '有氧', '2023-07-12 08:10:34'),
(3, '心肺', '2023-07-12 08:10:34'),
(4, '拳擊', '2023-07-12 08:10:34'),
(5, '格鬥', '2023-07-12 08:10:34'),
(6, '瑜珈', '2023-07-12 08:10:34'),
(7, '壺鈴', '2023-07-12 08:10:34'),
(8, '健力', '2023-07-12 08:10:34'),
(9, '健美', '2023-07-12 08:10:34'),
(10, '健體', '2023-07-12 08:10:34'),
(11, '核心', '2023-07-12 08:10:34'),
(12, '體能', '2023-07-12 08:10:34'),
(13, '體態雕塑', '2023-07-12 08:10:34'),
(14, '增肌', '2023-07-12 08:10:34'),
(15, '減脂', '2023-07-12 08:10:34'),
(16, '皮拉提斯', '2023-07-12 08:10:34'),
(17, '藥球', '2023-07-12 08:10:34'),
(18, '肌力', '2023-07-12 08:10:34'),
(19, '耐力', '2023-07-12 08:10:34'),
(20, '上肢力量', '2023-07-12 08:10:34'),
(21, '下肢力量', '2023-07-12 08:10:34'),
(22, '功能性訓練', '2023-07-12 08:10:34'),
(23, '全身性訓練', '2023-07-13 02:13:51'),
(24, '專項訓練', '2023-07-13 02:13:51'),
(25, '傷害預防', '2023-07-13 02:13:51'),
(26, '伸展', '2023-07-13 02:13:51'),
(27, '專業建議', '2023-07-13 02:13:51');

-- --------------------------------------------------------

--
-- Table structure for table `equipment_description`
--

DROP TABLE IF EXISTS `equipment_description`;
CREATE TABLE `equipment_description` (
  `sid` int(19) NOT NULL,
  `col1` varchar(255) DEFAULT NULL
) ENGINE=InnoDB DEFAULT CHARSET=utf8mb4;

-- --------------------------------------------------------

--
-- Table structure for table `equipment_name`
--

DROP TABLE IF EXISTS `equipment_name`;
CREATE TABLE `equipment_name` (
  `sid` int(19) NOT NULL,
  `equipment_name` varchar(255) NOT NULL,
  `category_id` int(19) NOT NULL,
  `price` int(19) NOT NULL DEFAULT '1000',
  `stocks` int(19) NOT NULL DEFAULT '100',
  `picture` varchar(700) DEFAULT NULL,
  `created_at` timestamp NULL DEFAULT CURRENT_TIMESTAMP
) ENGINE=InnoDB DEFAULT CHARSET=utf8mb4;

--
-- Dumping data for table `equipment_name`
--

INSERT INTO `equipment_name` (`sid`, `equipment_name`, `category_id`, `price`, `stocks`, `picture`, `created_at`) VALUES
(1, '啞鈴 0.5kg', 12, 249, 100, 'eq_dumbbell_type01_005_01.jpg,eq_dumbbell_type01_005_02.jpg,eq_dumbbell_type01_005_03.jpg', '2023-05-17 02:17:00'),
(2, '啞鈴1kg', 12, 299, 100, 'eq_dumbbell_type01_010_01.jpg,eq_dumbbell_type01_010_02.jpg,eq_dumbbell_type01_010_03.jpg', '2023-05-18 02:17:00'),
(3, '啞鈴1.5kg', 12, 349, 100, 'eq_dumbbell_type01_015_01.jpg,eq_dumbbell_type01_015_02.jpg,eq_dumbbell_type01_015_03.jpg', '2023-05-19 02:17:00'),
(4, '啞鈴2kg', 12, 399, 100, 'eq_dumbbell_type01_020_01.jpg,eq_dumbbell_type01_020_02.jpg,eq_dumbbell_type01_020_03.jpg', '2023-05-20 02:17:00'),
(5, '啞鈴3kg', 12, 449, 100, 'eq_dumbbell_type01_030_01.jpg,eq_dumbbell_type01_030_02.jpg,eq_dumbbell_type01_030_03.jpg', '2023-05-21 02:17:00'),
(6, '啞鈴5kg', 12, 499, 100, 'eq_dumbbell_type01_050_01.jpg,eq_dumbbell_type01_050_02.jpg,eq_dumbbell_type01_050_03.jpg,eq_dumbbell_type01_050_04.jpg,eq_dumbbell_type01_050_05.jpg', '2023-05-22 02:17:00'),
(7, '啞鈴2.5kg', 12, 900, 100, 'eq_dumbbell_type02_025_01.jpg,eq_dumbbell_type02_025_02.jpg,eq_dumbbell_type02_025_03.jpg,eq_dumbbell_type02_025_04.jpg,eq_dumbbell_type02_025_05.jpg', '2023-05-23 02:17:00'),
(8, '啞鈴7.5kg', 12, 900, 100, 'eq_dumbbell_type02_075_01.jpg,eq_dumbbell_type02_075_02.jpg,eq_dumbbell_type02_075_03.jpg,eq_dumbbell_type02_075_04.jpg,eq_dumbbell_type02_075_05.jpg', '2023-05-24 02:17:00'),
(9, '組合式啞鈴3kg', 12, 750, 100, 'eq_dumbbell_type03_002_01.jpg,eq_dumbbell_type03_002_02.jpg,eq_dumbbell_type03_002_03.jpg,eq_dumbbell_type03_002_04.jpg,eq_dumbbell_type03_002_05.jpg', '2023-05-25 02:17:00'),
(10, '組合式啞鈴套裝組', 12, 3600, 100, 'eq_dumbbell_type03_set_01.jpg,eq_dumbbell_type03_set_02.jpg,eq_dumbbell_type03_set_03.jpg,eq_dumbbell_type03_set_04.jpg,eq_dumbbell_type03_set_05.jpg,eq_dumbbell_type03_set_06.jpg,eq_dumbbell_type03_set_07.jpg,eq_dumbbell_type03_set_08.jpg,eq_dumbbell_type03_set_09.jpg,eq_dumbbell_type03_set_10.jpg', '2023-05-26 02:17:00'),
(11, '六角形啞鈴10磅', 12, 300, 100, 'eq_dumbbell_type04_010_01.jpg', '2023-05-27 02:17:00'),
(12, '六角形啞鈴15磅', 12, 600, 100, 'eq_dumbbell_type04_015_01.jpg', '2023-05-28 02:17:00'),
(13, '六角形啞鈴20磅', 12, 900, 100, 'eq_dumbbell_type04_020_01.jpg', '2023-05-29 02:17:00'),
(14, '六角形啞鈴25磅', 12, 1200, 100, 'eq_dumbbell_type04_025_01.jpg', '2023-05-30 02:17:00'),
(15, '六角形啞鈴30磅', 12, 1500, 100, 'eq_dumbbell_type04_030_01.jpg', '2023-05-31 02:17:00'),
(16, '六角形啞鈴35磅', 12, 1600, 100, 'eq_dumbbell_type04_035_01.jpg', '2023-06-01 02:17:00'),
(17, '六角形啞鈴40磅', 12, 1700, 100, 'eq_dumbbell_type04_040_01.jpg', '2023-06-02 02:17:00'),
(18, '六角形啞鈴45磅', 12, 1800, 100, 'eq_dumbbell_type04_045_01.jpg', '2023-06-03 02:17:00'),
(19, '六角形啞鈴50磅', 12, 1900, 100, 'eq_dumbbell_type04_050_01.jpg', '2023-06-04 02:17:00'),
(20, '壺鈴4kg', 12, 1050, 100, 'eq_kettlebell_type01_004_01.jpg,eq_kettlebell_type01_004_02.jpg,eq_kettlebell_type01_004_03.jpg', '2023-06-05 02:17:00'),
(21, '壺鈴6kg', 12, 1499, 100, 'eq_kettlebell_type01_060_01.jpg,eq_kettlebell_type01_060_02.jpg,eq_kettlebell_type01_060_03.jpg,eq_kettlebell_type01_060_04.jpg,eq_kettlebell_type01_060_05.jpg', '2023-06-06 02:17:00'),
(22, '壺鈴8kg', 12, 1699, 100, 'eq_kettlebell_type01_080_01.jpg,eq_kettlebell_type01_080_05.jpg,eq_kettlebell_type01_080_04.jpg,eq_kettlebell_type01_080_03.jpg,eq_kettlebell_type01_080_02.jpg', '2023-06-07 02:17:00'),
(23, '壺鈴12kg', 12, 1899, 100, 'eq_kettlebell_type01_120_05.jpg,eq_kettlebell_type01_120_01.jpg,eq_kettlebell_type01_120_02.jpg,eq_kettlebell_type01_120_03.jpg,eq_kettlebell_type01_120_04.jpg', '2023-06-08 02:17:00'),
(24, '壺鈴16kg', 12, 2099, 100, 'eq_kettlebell_type01_160_05.jpg,eq_kettlebell_type01_160_01.jpg,eq_kettlebell_type01_160_02.jpg,eq_kettlebell_type01_160_03.jpg,eq_kettlebell_type01_160_04.jpg', '2023-06-09 02:17:00'),
(25, '壺鈴20kg', 12, 2299, 100, 'eq_kettlebell_type01_200_05.jpg,eq_kettlebell_type01_200_04.jpg,eq_kettlebell_type01_200_03.jpg,eq_kettlebell_type01_200_02.jpg,eq_kettlebell_type01_200_01.jpg', '2023-06-10 02:17:00'),
(26, '壺鈴24kg', 12, 2499, 100, 'eq_kettlebell_type01_240_05.jpg,eq_kettlebell_type01_240_04.jpg,eq_kettlebell_type01_240_03.jpg,eq_kettlebell_type01_240_02.jpg,eq_kettlebell_type01_240_01.jpg', '2023-06-11 02:17:00'),
(27, '槓鈴75kg', 12, 2250, 100, 'eq_barbell_type01_075_01.jpg,eq_barbell_type01_075_02.jpg,eq_barbell_type01_075_03.jpg,eq_barbell_type01_075_04.jpg,eq_barbell_type01_075_05.jpg,eq_barbell_type01_075_06.jpg,eq_barbell_type01_075_07.jpg,eq_barbell_type01_075_08.jpg', '2023-06-12 02:17:00'),
(28, '槓片0.5kg', 12, 600, 100, 'eq_weightplates_type01_005_01.jpg', '2023-06-13 02:17:00'),
(29, '槓片1kg', 12, 800, 100, 'eq_weightplates_type01_010_01.jpg', '2023-06-14 02:17:00'),
(30, '槓片2kg', 12, 1000, 100, 'eq_weightplates_type01_020_01.jpg', '2023-06-15 02:17:00'),
(31, '槓片5kg', 12, 1600, 100, 'eq_weightplates_type01_050_01.jpg', '2023-06-16 02:17:00'),
(32, '槓片10kg', 12, 1900, 100, 'eq_weightplates_type01_100_01.jpg', '2023-06-17 02:17:00'),
(33, '槓片20kg', 12, 2200, 100, 'eq_weightplates_type01_200_01.jpg', '2023-06-18 02:17:00'),
(34, '橡膠槓片1.25kg', 12, 500, 100, 'eq_weightplates_type02_025_01.jpg,eq_weightplates_type02_025_02.jpg,eq_weightplates_type02_025_03.jpg,eq_weightplates_type02_025_04.jpg,eq_weightplates_type02_025_05.jpg,eq_weightplates_type02_025_06.jpg,eq_weightplates_type02_025_07.jpg', '2023-06-19 02:17:00'),
(35, '橡膠槓片2.5kg', 12, 1000, 100, 'eq_weightplates_type02_012_01.jpg,eq_weightplates_type02_012_02.jpg,eq_weightplates_type02_012_03.jpg,eq_weightplates_type02_012_04.jpg,eq_weightplates_type02_012_05.jpg,eq_weightplates_type02_012_06.jpg,eq_weightplates_type02_012_07.jpg', '2023-06-20 02:17:00'),
(36, '橡膠槓片5kg', 12, 1500, 100, 'eq_weightplates_type02_050_01.jpg,eq_weightplates_type02_050_02.jpg,eq_weightplates_type02_050_03.jpg,eq_weightplates_type02_050_04.jpg,eq_weightplates_type02_050_05.jpg,eq_weightplates_type02_050_06.jpg,eq_weightplates_type02_050_07.jpg', '2023-06-21 02:17:00');

-- --------------------------------------------------------

--
-- Table structure for table `food_description`
--

DROP TABLE IF EXISTS `food_description`;
CREATE TABLE `food_description` (
  `sid` int(11) NOT NULL,
  `col1` varchar(255) DEFAULT NULL
) ENGINE=InnoDB DEFAULT CHARSET=utf8mb4;

-- --------------------------------------------------------

--
-- Table structure for table `food_name`
--

DROP TABLE IF EXISTS `food_name`;
CREATE TABLE `food_name` (
  `sid` int(11) NOT NULL,
  `food_name` varchar(255) NOT NULL,
  `category_id` int(11) NOT NULL,
  `price` int(11) NOT NULL,
  `stocks` int(11) NOT NULL,
  `picture` varchar(255) NOT NULL,
  `created_at` timestamp NOT NULL DEFAULT CURRENT_TIMESTAMP
) ENGINE=InnoDB DEFAULT CHARSET=utf8mb4;

--
-- Dumping data for table `food_name`
--

INSERT INTO `food_name` (`sid`, `food_name`, `category_id`, `price`, `stocks`, `picture`, `created_at`) VALUES
(1, '【門市限定】ON全乳清蛋白(雙倍濃郁巧克力/2.26kg)', 10, 2699, 100, 'fd00101.jpg', '2023-05-17 02:17:00'),
(2, '【門市限定】ON 黃金比例分離乳清 (巧克力/2.36kg)', 10, 3799, 100, 'fd00201.jpg', '2023-05-18 02:17:00'),
(3, 'Carman\'s 海鹽巧克力杏仁蛋白棒 (40g x 5包入)', 11, 179, 100, 'fd00301.jpg', '2023-05-19 02:17:00'),
(4, '能量水果軟糖 (草莓口味) 10gx9顆入', 11, 99, 100, 'fd00401.jpg', '2023-05-20 02:17:00'),
(5, 'Carman\'s 莓果希臘優格蛋白棒 (40g x 5包入)', 11, 179, 100, 'fd00501.jpg', '2023-05-21 02:17:00'),
(6, 'GNC Pro Performance Weight Gainer - 草莓和奶油,6 份,蛋白質可增加重量', 10, 900, 100, 'fd00601.jpg', '2023-05-22 02:17:00'),
(7, 'GNC Pro Performance Bulk 1340 - 草莓和奶油,9 份,支持肌肉能量,恢復和成長', 10, 1500, 100, 'fd00701.jpg', '2023-05-23 02:17:00'),
(8, '斯旺森全潛能素食蛋白 - 巧克力', 10, 1900, 100, 'fd00801.jpg', '2023-05-24 02:17:00'),
(9, 'Garden of Life 生有機蛋白巧克力粉，20 份，認證素食，無麩質，有機，非轉基因 植物基無糖蛋白奶昔，含益生菌和酵素', 10, 1399, 100, 'fd00901.jpg', '2023-05-25 02:17:00'),
(10, 'Garden of Life Sport 認證草飼清潔乳清分離蛋白,香草,25 盎司(約 639.8 毫升)', 10, 1400, 100, 'fd01001.jpg', '2023-05-26 02:17:00'),
(11, 'Nutricost 濃縮乳清蛋白(巧克力花生醬) 5 磅(約 2.3 公斤) - 不含麩質和非轉基因', 10, 1700, 100, 'fd01101.jpg', '2023-05-27 02:17:00'),
(12, 'Ascent Native Fuel 乳清蛋白粉', 10, 500, 100, 'fd01201.jpg', '2023-05-28 02:17:00'),
(13, 'Jay Robb 乳清蛋白 (巧克力,5 磅 (約 2.3 克)', 10, 3690, 100, 'fd01301.jpg', '2023-05-29 02:17:00'),
(14, 'Designer Wellness,Designer Lite,低卡路里天然蛋白,益生元纖維,關鍵維生素和礦物質,巧克力餅乾和奶油,25 盎司(約 735.7 克)', 10, 840, 100, 'fd01401.jpg', '2023-05-30 02:17:00'),
(15, 'ISOPURE INFUSIONS 清爽清淡的水果口味乳清分離蛋白粉', 10, 1300, 100, 'fd01501.jpg', '2023-05-31 02:17:00'),
(16, 'Ascent 冰咖啡蛋白粉 - 高蛋白咖啡粉,20 克蛋白質和 100 毫克咖啡因來自優質哥倫比亞咖啡,零人工香料和甜味劑 - 15 份', 10, 1050, 100, 'fd01601.jpg', '2023-06-01 02:17:00'),
(17, 'It\'s Just!- 濃縮乳清蛋白,1 磅(約 0.6 公斤),美國製造,80% 蛋白質含量,無味粉末,20 盎司(約 597.0 克)(草飼/無味,20 盎司(約 597.0 克)(1 包))', 10, 700, 100, 'fd01701.jpg', '2023-06-02 02:17:00'),
(18, 'Black Magic Protein 2 磅(約 0.9 公斤)(巧克力泡泡糖)', 10, 720, 100, 'fd01801.jpg', '2023-06-03 02:17:00'),
(19, 'Myprotein Impact 乳清蛋白 混合餅乾 奶油 5 磅(約 2.5 公斤) (100 份)', 10, 2500, 100, 'fd01901.jpg', '2023-06-04 02:17:00'),
(20, 'Black Magic Protein 2 磅(約 0.9 公斤)(原味歐恰塔)', 10, 720, 100, 'fd02001.jpg', '2023-06-05 02:17:00'),
(21, 'GNC AMP 持續蛋白質混合 - 女童子軍薄薄荷糖', 10, 1299, 100, 'fd02101.jpg', '2023-06-06 02:17:00'),
(22, '大豆香草 2 件組', 10, 900, 100, 'fd02201.jpg', '2023-06-07 02:17:00'),
(23, 'MRM Nutrition 素食蛋白 含超級食物 | 巧克力口味 | 22 克完整蛋白 | 超過 8.8 克必需氨基酸 | 13 種超級食物 | 含 Omega 3s 和 Omega6s | 生酮友好 | 30 份', 10, 1800, 100, 'fd02301.jpg', '2023-06-08 02:17:00'),
(24, 'drink wholesome 香草蛋白色蛋白粉 | 易於消化和腸道友好 | 全天然成分 | 最低加工 | 不含乳製品 | 無添加劑,無乳糖 | 20 克蛋白質', 10, 1300, 100, 'fd02401.jpg', '2023-06-09 02:17:00'),
(25, 'Myprotein® - WHEY Forward - 無動物乳清蛋白粉飲料混合 - 支持肌肉恢復 - 素食友好 - 乳糖,無糖 - 乳製品相同蛋白質 - 肉桂穀片 1 磅(約 0.5 公斤)(20 份)', 10, 1100, 100, 'fd02501.jpg', '2023-06-10 02:17:00'),
(26, 'PlantFusion 純植物蛋白粉', 10, 999, 100, 'fd02601.jpg', '2023-06-11 02:17:00'),
(27, 'True Athlete 天然乳清蛋白香草,每份益生菌 20 克蛋白質,促進消化健康,無激素 NSF認證,適用於運動(3 磅(約 1.1 公斤)。', 10, 900, 100, 'fd02701.jpg', '2023-06-12 02:17:00'),
(28, 'Levels Grass Fed 100% 乳清蛋白,無激素,卡布奇諾,2 磅(約 0.9 公斤)', 10, 900, 100, 'fd02801.jpg', '2023-06-13 02:17:00'),
(29, 'Isopure,Zero Carb 100% 分離乳清蛋白', 10, 800, 100, 'fd02901.jpg', '2023-06-14 02:17:00'),
(30, 'NutraBio 經典乳清蛋白粉 - 每勺 25 公克蛋白質 - 全光譜氨基酸特徵 - 不含填充物、人造色素、防腐劑 - 低升糖指數 - 冰淇淋餅乾夢想,5 磅(約 2.3 公斤)', 10, 2100, 100, 'fd03001.jpg', '2023-06-15 02:17:00'),
(31, 'NutraBio 經典乳清蛋白粉 - 每勺 25 公克蛋白質 - 全光譜氨基酸特徵 - 不含填充物、人造色素、防腐劑 - 低升糖指數 - 冰淇淋餅乾夢想,5 磅(約 2.3 公斤)', 10, 2100, 100, 'fd03101.jpg', '2023-06-16 02:17:00'),
(32, 'GNC AMP Wheybolic - 餅乾和奶油', 10, 1199, 100, 'fd03201.jpg', '2023-06-17 02:17:00'),
(33, 'Vega Protein and Greens 素食蛋白粉 巧克力(19 份) - 20 克植物蛋白質 外加素食 非轉基因 豌豆蛋白 男女皆宜 1 磅(約 0.6 公斤)(包裝可能有所不同)', 10, 1500, 100, 'fd03301.jpg', '2023-06-18 02:17:00'),
(34, 'GNC Pro Performance Bulk 1340 - 香草冰淇淋,9 份,支持肌肉能量,恢復和成長', 10, 1500, 100, 'fd03401.jpg', '2023-06-19 02:17:00'),
(35, 'Source Organic Norcal 有機花生醬粉 2 磅 | 11 克蛋白質,100 卡路里,41 份 | 素食,天然,有機,低卡路里', 10, 1100, 100, 'fd03501.jpg', '2023-06-20 02:17:00'),
(36, 'NOW Sports Nutrition,植物蛋白質複合物 22 公克,奶油香草粉,2 磅', 10, 1200, 100, 'fd03601.jpg', '2023-06-21 02:17:00'),
(37, 'Alani Nu 能量棒包,含水活化,200 毫克咖啡因,0 顆糖,30 微克生物素,配方含氨基酸,如 L-茶氨酸,防止碰撞,夏威夷刨冰,每包 10 根', 11, 399, 100, 'fd03701.jpg', '2023-06-22 02:17:00'),
(38, 'Alani Nu 能量棒包,含水活化,200 毫克咖啡因,零糖,30 微克生物素,配方氨基酸,如 L-茶氨酸,防止碰撞,微風莓,每包 10 根', 11, 399, 100, 'fd03801.jpg', '2023-06-23 02:17:00'),
(39, 'Alani Nu 能量棒包,含水活化,200 毫克咖啡因,零糖,30 微克生物素,配方含氨基酸,如 L-茶氨酸,防止碰撞,宇宙星塵,每包 10 根', 11, 399, 100, 'fd03901.jpg', '2023-06-24 02:17:00'),
(40, 'Honey Stinger 有機蜂蜜鬆餅 | 能量棒 適用於運動、耐力和表現 | 家庭和健身房運動營養 鍛煉前後 | 一盒 16 個鬆餅,17 盎司(約 480.8 克)(16 件裝)', 11, 799, 100, 'fd04001.jpg', '2023-06-25 02:17:00'),
(41, 'Elan Organic Fiji Mix,非轉基因,純素食,無麩質,5 盎司(約 136.1 克)', 11, 210, 100, 'fd04101.jpg', '2023-06-26 02:17:00'),
(42, 'Power Up 混合堅果 非轉基因 素食 無麩質 無人工成分', 11, 799, 100, 'fd04201.jpg', '2023-06-27 02:17:00'),
(43, 'Skratch Labs Energy Chews | 跑步、騎自行車和運動的能量軟糖 | 能量凝膠替代品 | 覆盆子(10 入) | 無麩質 素食', 11, 700, 100, 'fd04301.jpg', '2023-06-28 02:17:00'),
(44, 'Honey Stinger 有機能量咀嚼綜合包 | 水果冰沙、石榴百香果和櫻花各 3 件組 | 不含麩質和咖啡因 | 9 入(1 入', 11, 599, 100, 'fd04401.jpg', '2023-06-29 02:17:00'),
(45, 'Huma Plus(雙電解質)奇亞籽能量凝膠,多種包裝', 11, 900, 100, 'fd04501.jpg', '2023-06-30 02:17:00'),
(46, 'Caffeine Bullet 16 薄荷咖啡因咀嚼錠 = 1600 毫克咖啡因踢球,速度比能量凝膠和自行車咀嚼更快,適合中賽 耐力運動和遊戲咖啡因能量提升', 11, 600, 100, 'fd04601.jpg', '2023-07-01 02:17:00'),
(47, 'think!蛋白質棒 高蛋白零食 無麩質 無糖 能量棒 分離乳清蛋白 檸檬喜悅 營養棒 不含人工甜味劑 2 盎司(約 59.5 克) (10 入)', 11, 900, 100, 'fd04701.jpg', '2023-07-02 02:17:00'),
(48, 'GU Energy 原創運動營養能量凝膠,24 入,各種水果口味', 11, 1050, 100, 'fd04801.jpg', '2023-07-03 02:17:00');

-- --------------------------------------------------------

--
-- Table structure for table `member`
--

DROP TABLE IF EXISTS `member`;
CREATE TABLE `member` (
  `sid` int(255) NOT NULL,
  `email` varchar(255) NOT NULL,
  `password` varchar(255) NOT NULL,
  `name` varchar(255) NOT NULL,
  `mobile` varchar(255) DEFAULT NULL,
  `birth` date DEFAULT NULL,
  `address` varchar(255) DEFAULT NULL,
  `sex_sid` int(11) DEFAULT '3',
  `member_level_sid` int(11) NOT NULL DEFAULT '1',
  `hero_icon` varchar(255) DEFAULT NULL,
  `role_sid` int(11) NOT NULL DEFAULT '1',
  `created_at` datetime NOT NULL DEFAULT CURRENT_TIMESTAMP,
  `active` tinyint(1) NOT NULL DEFAULT '0',
  `providerData` text,
  `google_uid` varchar(100) DEFAULT NULL
) ENGINE=InnoDB DEFAULT CHARSET=utf8mb4;

--
-- Dumping data for table `member`
--

INSERT INTO `member` (`sid`, `email`, `password`, `name`, `mobile`, `birth`, `address`, `sex_sid`, `member_level_sid`, `hero_icon`, `role_sid`, `created_at`, `active`, `providerData`, `google_uid`) VALUES
(1, 'admin@gmail.com', '$2y$10$lzVFJO5ye/oCECeTyeutTOZf3pvROB3xqnlKHoNPcJqP4mi/Kepcu', '王曉明', '0926159626', '1993-05-01', '新北市XX區XX路XX號XX樓', 1, 1, NULL, 3, '2023-05-01 14:23:09', 1, NULL, NULL),
(2, 'coach_test@gmail.com', '$2y$10$lzVFJO5ye/oCECeTyeutTOZf3pvROB3xqnlKHoNPcJqP4mi/Kepcu', '王教練', '0926159622', '1993-05-02', '台北市北投區復興二路29號', 1, 1, NULL, 2, '2023-05-02 10:40:28', 1, NULL, NULL),
(3, 'mail41097@test.com', '$2y$10$lzVFJO5ye/oCECeTyeutTOZf3pvROB3xqnlKHoNPcJqP4mi/Kepcu', '傅家豪', '0918183537', '1994-12-30', '基隆市', 1, 1, NULL, 1, '2023-05-10 14:48:43', 1, NULL, NULL),
(4, 'mail72866@test.com', '$2y$10$HZp1nthNlmvofpyo7Z//..4ZUSocl3XbKzXlN6j.DO8O7bofWyK/O', '楊宇軒', '0918993881', '1986-08-16', '苗栗縣', 2, 1, NULL, 2, '2023-05-10 14:48:43', 1, NULL, NULL),
(5, 'projectforg4webapp@gmail.com', '$2y$10$lsbWKzBpY5MgJ3u1u7M9BO1WsAg5W5YsXxKoikVzF/Pd2iL2zpmCe', '王緯宸', '0918768068', NULL, '台北市北投區復興二路29號', 1, 1, '992e9e50-c39b-4d87-a8ef-101ca1654121.jpg', 1, '2023-05-10 14:48:43', 1, NULL, NULL),
(6, 'mail18624@test.com', '$2y$10$fiWhorVDhMx3EVDiipPcuOtjsYCZq.WD.eaHBYFgJuHhoSfeO2m6W', '馮冠宇', '0918858698', '1987-06-08', '南投縣', 1, 1, NULL, 2, '2023-05-10 14:48:43', 0, NULL, NULL),
(7, 'mail64106@test.com', '$2y$10$M.PNGNDEQnA049zShEezC.k.CnRSZHq5/QTMezNfI2mgh2irnfAO2', '王家豪', '0918238467', '1989-02-23', '澎湖縣', 2, 1, NULL, 1, '2023-05-10 14:48:43', 1, NULL, NULL),
(8, 'mail95596@test.com', '$2y$10$JIcSC9xIUfOlU/dNCIn1SupnjA.YnUIuHZ2EDXFolZCDBgVtyH7nm', '林怡萱', '0918907781', '1994-01-24', '臺北市', 1, 1, NULL, 2, '2023-05-10 14:48:43', 0, NULL, NULL),
(9, 'mail79688@test.com', '$2y$10$zA3vYy4Z19asTcOjQoMcwus6X9/ua0pMdxwW28kj0u2e55.3ae1Nq', '林詩涵', '0918393843', '1990-06-09', '高雄市', 1, 1, NULL, 2, '2023-05-10 14:48:43', 1, NULL, NULL),
(10, 'mail41286@test.com', '$2y$10$947s60q3HUcEowiaAbSk8epPE6LDcele9GbTS2SoMHbJy63nGIOZa', '何怡萱', '0918563579', '1994-08-05', '桃園市', 1, 1, NULL, 1, '2023-05-10 14:48:43', 1, NULL, NULL),
(11, 'mail95707@test.com', '$2y$10$Z4i2gFlmcCcbS.XzoumhFOARCFtO1gPWLpeinKyq5I9S4fqJAlAnW', '馮宗翰', '0918567315', '1994-02-12', '南投縣', 2, 1, NULL, 1, '2023-05-10 14:48:43', 0, NULL, NULL),
(12, 'mail51857@test.com', '$2y$10$iVY6x5G9tRvUMJmyHX3CWOdlA/EJ/853orXuSmFxy5mR1qYWjTFuK', '謝冠宇', '0918164439', '1999-08-06', '彰化縣', 2, 1, NULL, 1, '2023-05-10 14:48:43', 0, NULL, NULL),
(13, 'mail81467@test.com', '$2y$10$5wWbJWepkUP3T8qc6I6FaODhU6brYg49pwVEhbg/v.bX50Bl1y8c2', '曹冠宇', '0918588027', '1985-07-05', '雲林縣', 2, 1, NULL, 2, '2023-05-10 14:48:43', 1, NULL, NULL),
(14, 'mail69737@test.com', '$2y$10$AZTGdBHv7KLoLjbUlyIwCuqoVIkDSJ7alvSHqUxTJbI5auQYHQMWq', '宋郁婷', '0918800316', '1993-07-25', '新竹市', 2, 1, NULL, 2, '2023-05-10 14:48:43', 1, NULL, NULL),
(15, 'mail84574@test.com', '$2y$10$liP6Tf.gM8N1U02zdJhps.60TP8DMVH.z.J4dHIsObjjNNwBB.Jne', '高宗翰', '0918263478', '1985-04-22', '屏東縣', 1, 1, NULL, 2, '2023-05-10 14:48:43', 1, NULL, NULL),
(16, 'mail41916@test.com', '$2y$10$DER14LyQkeptt8/ax8yiwuoC5kCYx4f/R7kWuM1N6RAy1JKL/sQ3W', '梁冠宇', '0918363079', '1986-03-28', '臺南市', 2, 1, NULL, 2, '2023-05-10 14:48:43', 1, NULL, NULL),
(17, 'mail77759@test.com', '$2y$10$x4DucM1Kl0TesKW1fixChOoXRMFHkteCDjsAL5dXOogWxIxaoPP0W', '郭怡婷', '0918705093', '1991-09-06', '臺東縣', 2, 1, NULL, 2, '2023-05-10 14:48:44', 1, NULL, NULL),
(18, 'mail81541@test.com', '$2y$10$IjF.QM1GQaVUJMWQfmGxHekvqWs2mpXSJ1Q94/CTIVxVvTX4FsCde', '於宗翰', '0918140405', '1986-08-18', '新竹市', 2, 1, NULL, 2, '2023-05-10 14:48:44', 1, NULL, NULL),
(19, 'mail34392@test.com', '$2y$10$wIFRw3btnN.AmXpIHsogRuzcdDmGn3BGAOzlJwMJdCz4cC25DZGpK', '何宗翰', '0918565617', '1994-04-26', '臺北市', 1, 1, NULL, 2, '2023-05-10 14:48:44', 1, NULL, NULL),
(20, 'mail83897@test.com', '$2y$10$Q7ycXuU8JYGcrlW11eSl3eedTlwyFhAWG0Tv7SkZA4wkBcMkUYuQ2', '趙彥廷', '0918593786', '1995-12-05', '金門縣', 2, 1, NULL, 2, '2023-05-10 14:48:44', 1, NULL, NULL),
(21, 'mail36733@test.com', '$2y$10$R3vD7Wz6gMEQl6mTUmUgW.CtjKYoSVGpxPnmaaFUh661oMoJd/gDe', '馮雅筑', '0918226469', '1990-12-27', '金門縣', 2, 1, NULL, 2, '2023-05-10 14:48:44', 1, NULL, NULL),
(22, 'mail89263@test.com', '$2y$10$AZJJoA9nMg0tCCuyC6wz6OAeKGn8HeMwKiKGENxMGSbvyRAZdsSxO', '劉彥廷', '0918553856', '1986-12-01', '苗栗縣', 1, 1, NULL, 2, '2023-05-10 14:48:44', 1, NULL, NULL),
(23, 'mail35367@test.com', '$2y$10$cN/N9/xbUF3yZD/sHujt5uODvtisstCw8/g8lOG1K.ARjJrtOuqoO', '劉郁婷', '0918563214', '1990-08-08', '桃園市', 1, 1, NULL, 2, '2023-05-10 14:48:44', 1, NULL, NULL),
(24, 'mail94051@test.com', '$2y$10$X7M/lBx4XOCCr1MGw3QPDeJBLRvD4BO9pCiw0RYolxgdBhe3u6Ofq', '曹怡婷', '0918698260', '1988-04-12', '澎湖縣', 1, 1, NULL, 2, '2023-05-10 14:48:44', 1, NULL, NULL),
(25, 'mail28878@test.com', '$2y$10$oEgQqfCnHWsd75s2FkSWx.PSBLA4et6Q1CpYNmr/hOPy7XLzw4ddy', '吳怡婷', '0918739749', '1986-07-10', '臺中市', 1, 1, NULL, 2, '2023-05-10 14:48:44', 1, NULL, NULL),
(26, 'mail62383@test.com', '$2y$10$NM/JPm/A4zYXifM3/ebMZe.YDPFWXgZMYPbnH/IU2P1sQNtjPZ.3m', '周鈺婷', '0918769780', '1997-12-21', '臺東縣', 2, 1, NULL, 2, '2023-05-10 14:48:44', 1, NULL, NULL),
(27, 'mail79408@test.com', '$2y$10$3GQQZWGRv1cmEqFBriMqluuYTMyezNgk.jy6BgKcjls0l4p4RoCxu', '於鈺婷', '0918215944', '1995-03-28', '南投縣', 2, 1, NULL, 2, '2023-05-10 14:48:44', 1, NULL, NULL),
(28, 'mail71559@test.com', '$2y$10$wOEDtcMJcSFe/cLu5UNZTe4Q.L0DVDNPEFdVeVmeZJs6JFSyxomEK', '梁柏翰', '0918370990', '1986-11-07', '花蓮縣', 2, 1, NULL, 2, '2023-05-10 14:48:44', 1, NULL, NULL),
(29, 'mail74318@test.com', '$2y$10$8LLKZB4wszxBbN4meX/gXOSJEEQAwIKN0888axzRgMJS8MULKk5Pu', '沈冠宇', '0918104150', '1989-09-23', '南投縣', 2, 1, NULL, 2, '2023-05-10 14:48:44', 1, NULL, NULL),
(30, 'mail22388@test.com', '$2y$10$CakyVf/WPanlh9kMI4NgGOnmgorrhJPjK5Hb5/zdyD9bctEgYo84K', '鄧怡君', '0918106356', '1990-07-11', '宜蘭縣', 2, 1, NULL, 2, '2023-05-10 14:48:44', 1, NULL, NULL),
(31, 'mail83133@test.com', '$2y$10$NcG34zp8trhc6OPRDJfLRuOt4inkqgrQN8vbKPtNBZUQxaRXTecIO', '董冠宇', '0918289453', '1986-03-16', '嘉義縣', 2, 1, NULL, 2, '2023-05-10 14:48:44', 1, NULL, NULL),
(32, 'mail41098@test.com', '$2y$10$J8n5bUguMPpqhol7qXoU6OVxyVzW8HrKP15xuVRwSZ5DuAswFX4o6', '曹冠廷', '0918205174', '1994-11-11', '高雄市', 2, 1, NULL, 2, '2023-05-10 14:48:44', 1, NULL, NULL),
(33, 'mail28638@test.com', '$2y$10$nTFl9J8nH/RLjiosOjo1rOvM8E4aV59D75YlZVWX6FN1lUWJYIMxa', '唐雅婷', '0918812549', '1994-10-26', '桃園市', 2, 1, NULL, 2, '2023-05-10 14:48:44', 1, NULL, NULL),
(34, 'mail31415@test.com', '$2y$10$bwiCpBbeEktMDgXds9wc5O0GO2anjYEhrUJvzrLMXBk/4XR0v/bKu', '周怡萱', '0918471890', '1996-02-23', '桃園市', 2, 1, NULL, 2, '2023-05-10 14:48:44', 1, NULL, NULL),
(35, 'mail37090@test.com', '$2y$10$xUoubUFAkD6as5ZwQrc.o.77tyoJQXkrSZy8qIiToxB9YCuQWaYlK', '郭冠霖', '0918749432', '1991-02-27', '嘉義市', 2, 1, NULL, 2, '2023-05-10 14:48:45', 1, NULL, NULL),
(36, 'mail25537@test.com', '$2y$10$s0ZjzQEuO.UJuaW02DpyDekSmagDy1CFixFwO2c8OBlbHSxfU.um2', '彭詩涵', '0918613250', '1999-07-12', '新竹縣', 1, 1, NULL, 2, '2023-05-10 14:48:45', 1, NULL, NULL),
(37, 'mail81248@test.com', '$2y$10$Z99NjbCFlMghzyhVw6USCOg769XCjW2HNjs6rlE79djaEm6YNhqra', '吳怡萱', '0918769841', '1985-11-21', '新北市', 2, 1, NULL, 2, '2023-05-10 14:48:45', 1, NULL, NULL),
(38, 'mail67577@test.com', '$2y$10$CTcLN.j6M7pp3MLDYeG44.dLL2teZoHhzdPbiWT3mjivjjFqAgMDy', '袁怡萱', '0918763671', '1986-07-17', '高雄市', 2, 1, NULL, 2, '2023-05-10 14:48:45', 0, NULL, NULL),
(39, 'mail69489@test.com', '$2y$10$r/agAt68wZeJW5TRda3uNuENnnP4XtVteDuQMy6SvaGYuWbSlG5Ei', '張宇軒', '0918655112', '1987-12-03', '臺南市', 2, 1, NULL, 2, '2023-05-10 14:48:45', 0, NULL, NULL),
(40, 'mail42535@test.com', '$2y$10$HQUFAw7.5gmoQctwN5vVhuzQMoby2dXcJ.31NhLbUrPi5Eu8ldbEC', '楊彥廷', '0918457015', '1995-11-09', '臺北市', 2, 1, NULL, 1, '2023-05-10 14:48:45', 1, NULL, NULL),
(41, 'mail15822@test.com', '$2y$10$km5F0HR8o21.7FgWrFk8uuSs60oeSZlc2g1Mxbch0C.Hlr8CEcuI.', '梁家豪', '0918728617', '1987-06-10', '宜蘭縣', 2, 1, NULL, 2, '2023-05-10 14:48:45', 1, NULL, NULL),
(42, 'mail69305@test.com', '$2y$10$cOCyNH713dYPlajUShWKX.K9zdZUNazbkicbsvdJ9seV7D4AZ3ge.', '蕭宜庭', '0918817607', '1986-08-11', '苗栗縣', 1, 1, NULL, 2, '2023-05-10 14:48:45', 0, NULL, NULL),
(43, 'mail45706@test.com', '$2y$10$zw9UcfKfUgrDpU9qWNJRmuvCEZMh77P9OrgGNa8FKvslC3W946NJa', '孫郁婷', '0918839937', '1987-07-08', '新北市', 2, 1, NULL, 2, '2023-05-10 14:48:45', 0, NULL, NULL),
(44, 'mail46501@test.com', '$2y$10$6FEpY6LLa4s6ODiOJxGoJ.C.gKZKW2AOOWPdzD44Gavnma6kHsmcG', '沈怡君', '0918657062', '1993-11-14', '臺北市', 2, 1, NULL, 1, '2023-05-10 14:48:45', 1, NULL, NULL),
(45, 'mail84083@test.com', '$2y$10$gkzPe7zIDaQJ0qWjD3wDOO3hx4s.4QnLPvQzKv9GWd.UWrPncnG0m', '朱冠宇', '0918765678', '1996-09-19', '嘉義縣', 2, 1, NULL, 1, '2023-05-10 14:48:45', 1, NULL, NULL),
(46, 'mail45989@test.com', '$2y$10$ZvPDYRzbJVk.pGys1hTb5Ot4gw6SbthsFUeQ2ZIoWKOVMYANJQkiW', '馮鈺婷', '0918515150', '1998-03-28', '臺中市', 1, 1, NULL, 2, '2023-05-10 14:48:45', 0, NULL, NULL),
(47, 'mail37119@test.com', '$2y$10$F8pOz.N9ctW60yLSVFxby.mBedOA0Numx3PPPRSjT7WN8.su6YUhG', '彭鈺婷', '0918294775', '1985-05-24', '臺東縣', 2, 1, NULL, 2, '2023-05-10 14:48:45', 0, NULL, NULL),
(48, 'mail53023@test.com', '$2y$10$k7u1vBYHjqciIUPL5Cx68.t9KOAzM4pwO6Vq50Q65rwBEn2r/zrka', '朱柏翰', '0918304317', '1992-04-13', '彰化縣', 2, 1, NULL, 2, '2023-05-10 14:48:45', 0, NULL, NULL),
(49, 'mail7788@test.com', '$2y$10$Th32gRyr4ZMnCQdgbNSRi.kpz4JpewBvLCE04TDq0A42vGDl9ukIO', '趙怡君', '0918113580', '1991-01-19', '澎湖縣', 1, 1, NULL, 1, '2023-05-10 14:48:45', 1, NULL, NULL),
(50, 'mail4567@test.com', '$2a$10$E.8Y.H/QFF6rV.5r4HMYNulbRfptX2PFNHSgniRweeBXKuMrLuEo.', '周怡萱', '0926789402', '2023-07-14', 'asdasd', 2, 1, NULL, 1, '2023-05-10 14:48:45', 1, NULL, NULL);

-- --------------------------------------------------------

--
-- Table structure for table `member_favorite_lessons`
--

DROP TABLE IF EXISTS `member_favorite_lessons`;
CREATE TABLE `member_favorite_lessons` (
  `sid` int(11) NOT NULL,
  `lesson_sid` int(11) NOT NULL,
  `member_sid` int(11) NOT NULL
) ENGINE=InnoDB DEFAULT CHARSET=utf8mb4;

--
-- Dumping data for table `member_favorite_lessons`
--

INSERT INTO `member_favorite_lessons` (`sid`, `lesson_sid`, `member_sid`) VALUES
(1, 1, 5),
(21, 1, 50),
(22, 2, 50),
(23, 3, 50),
(24, 4, 50),
(25, 5, 50),
(26, 6, 50),
(27, 7, 50),
(28, 8, 50),
(29, 9, 50),
(30, 10, 50),
(11, 11, 5),
(31, 11, 50),
(12, 12, 5),
(32, 12, 50),
(13, 13, 5),
(33, 13, 50),
(14, 14, 5),
(34, 14, 50),
(15, 15, 5),
(35, 15, 50),
(16, 16, 5),
(36, 16, 50),
(17, 17, 5),
(37, 17, 50),
(18, 18, 5),
(38, 18, 50),
(2, 43, 5),
(3, 51, 5),
(4, 60, 5),
(5, 79, 5),
(6, 103, 5),
(7, 119, 5),
(8, 135, 5),
(9, 153, 5),
(10, 159, 5);

-- --------------------------------------------------------

--
-- Table structure for table `member_favorite_products`
--

DROP TABLE IF EXISTS `member_favorite_products`;
CREATE TABLE `member_favorite_products` (
  `sid` int(11) NOT NULL,
  `member_sid` int(11) NOT NULL,
  `product_sid` int(11) NOT NULL,
  `category_sid` int(11) NOT NULL
) ENGINE=InnoDB DEFAULT CHARSET=utf8mb4;

--
-- Dumping data for table `member_favorite_products`
--

INSERT INTO `member_favorite_products` (`sid`, `member_sid`, `product_sid`, `category_sid`) VALUES
(76, 5, 1, 1),
(79, 5, 1, 2),
(82, 5, 1, 3),
(77, 5, 2, 1),
(78, 5, 3, 1),
(81, 5, 3, 2),
(84, 5, 3, 3),
(85, 5, 4, 3),
(86, 5, 5, 3),
(87, 5, 6, 3),
(21, 50, 1, 1),
(25, 50, 1, 2),
(28, 50, 1, 3),
(26, 50, 2, 2),
(27, 50, 3, 2);

-- --------------------------------------------------------

--
-- Table structure for table `member_level`
--

DROP TABLE IF EXISTS `member_level`;
CREATE TABLE `member_level` (
  `sid` int(11) NOT NULL,
  `tier` varchar(10) NOT NULL
) ENGINE=InnoDB DEFAULT CHARSET=utf8mb4;

--
-- Dumping data for table `member_level`
--

INSERT INTO `member_level` (`sid`, `tier`) VALUES
(1, '銅牌會員'),
(2, '銀牌會員'),
(3, '金牌會員'),
(4, '白金會員'),
(5, '讚石會員');

-- --------------------------------------------------------

--
-- Table structure for table `member_reset_token`
--

DROP TABLE IF EXISTS `member_reset_token`;
CREATE TABLE `member_reset_token` (
  `sid` int(11) NOT NULL,
  `email` varchar(255) NOT NULL,
  `token` int(255) NOT NULL
) ENGINE=InnoDB DEFAULT CHARSET=utf8mb4;

--
-- Dumping data for table `member_reset_token`
--

INSERT INTO `member_reset_token` (`sid`, `email`, `token`) VALUES
(9, 'jim6050482@gmail.com', 2500),
(10, 'projectforg4webapp@gmail.com', 1268);

-- --------------------------------------------------------

--
-- Table structure for table `member_role`
--

DROP TABLE IF EXISTS `member_role`;
CREATE TABLE `member_role` (
  `sid` int(11) NOT NULL,
  `role` varchar(10) NOT NULL
) ENGINE=InnoDB DEFAULT CHARSET=utf8mb4;

--
-- Dumping data for table `member_role`
--

INSERT INTO `member_role` (`sid`, `role`) VALUES
(1, 'user'),
(2, 'coach'),
(3, 'admin');

-- --------------------------------------------------------

--
-- Table structure for table `member_sex`
--

DROP TABLE IF EXISTS `member_sex`;
CREATE TABLE `member_sex` (
  `sid` int(11) NOT NULL,
  `name` varchar(5) NOT NULL
) ENGINE=InnoDB DEFAULT CHARSET=utf8mb4;

--
-- Dumping data for table `member_sex`
--

INSERT INTO `member_sex` (`sid`, `name`) VALUES
(1, '男'),
(2, '女'),
(3, '不透露');

-- --------------------------------------------------------

--
-- Table structure for table `order_cart`
--

DROP TABLE IF EXISTS `order_cart`;
CREATE TABLE `order_cart` (
  `sid` int(11) NOT NULL,
  `member_sid` int(11) NOT NULL,
  `products_type_sid` int(11) NOT NULL,
  `item_sid` int(11) NOT NULL,
  `quantity` int(255) NOT NULL,
  `created_at` datetime NOT NULL
) ENGINE=InnoDB DEFAULT CHARSET=utf8;

-- --------------------------------------------------------

--
-- Table structure for table `order_delivery_method`
--

DROP TABLE IF EXISTS `order_delivery_method`;
CREATE TABLE `order_delivery_method` (
  `sid` int(11) NOT NULL,
  `method` varchar(255) NOT NULL
) ENGINE=InnoDB DEFAULT CHARSET=utf8;

--
-- Dumping data for table `order_delivery_method`
--

INSERT INTO `order_delivery_method` (`sid`, `method`) VALUES
(1, '超商取貨'),
(2, '宅配到家'),
(3, '來店取貨');

-- --------------------------------------------------------

--
-- Table structure for table `order_detail`
--

DROP TABLE IF EXISTS `order_detail`;
CREATE TABLE `order_detail` (
  `sid` int(255) NOT NULL,
  `order_sid` int(255) NOT NULL,
  `member_sid` int(255) NOT NULL,
  `products_type_sid` int(255) NOT NULL,
  `item_sid` int(255) NOT NULL,
  `quantity` int(255) NOT NULL,
  `created_at` date NOT NULL
) ENGINE=InnoDB DEFAULT CHARSET=utf8mb4;

--
-- Dumping data for table `order_detail`
--

INSERT INTO `order_detail` (`sid`, `order_sid`, `member_sid`, `products_type_sid`, `item_sid`, `quantity`, `created_at`) VALUES
(40, 13, 5, 1, 1, 1, '2023-08-02'),
(41, 13, 5, 2, 1, 13, '2023-08-02'),
(42, 13, 5, 4, 2, 1, '2023-08-02'),
(43, 13, 5, 3, 1, 1, '2023-08-03'),
(44, 14, 5, 2, 1, 13, '2023-08-03'),
(45, 14, 5, 4, 2, 1, '2023-08-03'),
(46, 19, 5, 2, 1, 13, '2023-08-03'),
(47, 19, 5, 1, 1, 1, '2023-08-03'),
(48, 19, 5, 4, 2, 1, '2023-08-03'),
(49, 20, 5, 2, 1, 13, '2023-08-03'),
(50, 20, 5, 1, 1, 1, '2023-08-03'),
(51, 20, 5, 4, 2, 1, '2023-08-03'),
(52, 21, 5, 2, 1, 13, '2023-08-03'),
(53, 21, 5, 1, 1, 1, '2023-08-03'),
(54, 21, 5, 4, 2, 1, '2023-08-03'),
(55, 22, 5, 2, 1, 13, '2023-08-03'),
(56, 22, 5, 1, 1, 1, '2023-08-03'),
(57, 22, 5, 4, 2, 1, '2023-08-03'),
(58, 22, 5, 1, 1, 1, '2023-08-03'),
(59, 22, 5, 2, 1, 13, '2023-08-03'),
(60, 22, 5, 4, 2, 1, '2023-08-03'),
(61, 22, 5, 1, 1, 1, '2023-08-03'),
(62, 22, 5, 2, 1, 13, '2023-08-03'),
(63, 22, 5, 4, 2, 1, '2023-08-03'),
(64, 22, 5, 1, 1, 1, '2023-08-03'),
(65, 22, 5, 2, 1, 13, '2023-08-03'),
(66, 22, 5, 4, 2, 1, '2023-08-03'),
(67, 26, 5, 1, 1, 1, '2023-08-03'),
(68, 26, 5, 2, 1, 13, '2023-08-03'),
(69, 26, 5, 4, 2, 1, '2023-08-03'),
(70, 26, 5, 1, 1, 1, '2023-08-03'),
(71, 26, 5, 2, 1, 13, '2023-08-03'),
(72, 26, 5, 4, 2, 1, '2023-08-03'),
(73, 26, 5, 1, 1, 1, '2023-08-03'),
(74, 26, 5, 2, 1, 13, '2023-08-03'),
(75, 26, 5, 4, 2, 1, '2023-08-03'),
(76, 29, 5, 1, 1, 1, '2023-08-03'),
(77, 29, 5, 2, 1, 13, '2023-08-03'),
(78, 29, 5, 4, 2, 1, '2023-08-03'),
(79, 30, 5, 4, 2, 1, '2023-08-03'),
(80, 30, 5, 1, 1, 1, '2023-08-03'),
(81, 30, 5, 2, 1, 13, '2023-08-03'),
(82, 31, 5, 2, 1, 13, '2023-08-03'),
(83, 31, 5, 1, 1, 1, '2023-08-03'),
(84, 31, 5, 4, 2, 1, '2023-08-03'),
(85, 32, 5, 2, 1, 13, '2023-08-03'),
(86, 32, 5, 1, 1, 1, '2023-08-03'),
(87, 32, 5, 4, 2, 1, '2023-08-03'),
(88, 33, 5, 2, 1, 13, '2023-08-03'),
(89, 33, 5, 1, 1, 1, '2023-08-03'),
(90, 33, 5, 4, 2, 1, '2023-08-03'),
(91, 34, 5, 2, 1, 13, '2023-08-03'),
(92, 34, 5, 1, 1, 1, '2023-08-03'),
(93, 34, 5, 4, 2, 1, '2023-08-03'),
(94, 35, 5, 1, 1, 1, '2023-08-04'),
(95, 35, 5, 2, 1, 13, '2023-08-04'),
(96, 35, 5, 4, 2, 1, '2023-08-04'),
(97, 36, 5, 2, 1, 13, '2023-08-04'),
(98, 36, 5, 4, 2, 1, '2023-08-04'),
(99, 36, 5, 1, 1, 1, '2023-08-04'),
(100, 37, 5, 4, 2, 1, '2023-08-04'),
(101, 37, 5, 1, 1, 1, '2023-08-04'),
(102, 37, 5, 2, 1, 13, '2023-08-04'),
(103, 38, 5, 1, 5, 1, '2023-08-04'),
(104, 38, 5, 4, 5, 1, '2023-08-04'),
(105, 38, 5, 2, 10, 13, '2023-08-04'),
(314, 91, 5, 1, 1, 1, '2023-08-08'),
(315, 91, 5, 2, 1, 13, '2023-08-08'),
(316, 91, 5, 4, 2, 1, '2023-08-08'),
(317, 91, 5, 4, 1, 1, '2023-08-08'),
(318, 92, 5, 2, 1, 13, '2023-08-09'),
(319, 92, 5, 4, 2, 1, '2023-08-09'),
(320, 92, 5, 1, 1, 1, '2023-08-09'),
(321, 92, 5, 4, 1, 1, '2023-08-09'),
(322, 93, 5, 2, 1, 13, '2023-08-09'),
(323, 93, 5, 4, 2, 1, '2023-08-09'),
(324, 93, 5, 1, 1, 1, '2023-08-09'),
(325, 93, 5, 4, 1, 1, '2023-08-09'),
(326, 94, 5, 1, 1, 1, '2023-08-09'),
(327, 94, 5, 2, 1, 13, '2023-08-09'),
(328, 94, 5, 4, 2, 1, '2023-08-09'),
(329, 94, 5, 4, 1, 1, '2023-08-09'),
(330, 95, 5, 4, 2, 1, '2023-08-09'),
(331, 95, 5, 1, 1, 1, '2023-08-09'),
(332, 95, 5, 2, 1, 12, '2023-08-09'),
(333, 95, 5, 4, 1, 1, '2023-08-09'),
(334, 96, 5, 2, 1, 12, '2023-08-09'),
(335, 96, 5, 4, 1, 1, '2023-08-09'),
(336, 96, 5, 1, 1, 1, '2023-08-09'),
(337, 96, 5, 4, 2, 1, '2023-08-09'),
(338, 97, 5, 2, 1, 12, '2023-08-09'),
(339, 97, 5, 4, 2, 1, '2023-08-09'),
(340, 97, 5, 1, 1, 1, '2023-08-09'),
(341, 97, 5, 4, 1, 1, '2023-08-09'),
(342, 98, 5, 2, 1, 12, '2023-08-09'),
(343, 98, 5, 4, 1, 1, '2023-08-09'),
(344, 98, 5, 4, 2, 1, '2023-08-09'),
(345, 98, 5, 1, 1, 1, '2023-08-09'),
(346, 99, 5, 4, 2, 1, '2023-08-09'),
(347, 99, 5, 2, 1, 7, '2023-08-09'),
(348, 99, 5, 1, 1, 1, '2023-08-09'),
(349, 99, 5, 4, 1, 1, '2023-08-09'),
(350, 100, 5, 1, 1, 1, '2023-08-09'),
(351, 100, 5, 4, 2, 1, '2023-08-09'),
(352, 100, 5, 2, 1, 7, '2023-08-09'),
(353, 100, 5, 4, 1, 1, '2023-08-09'),
(354, 101, 5, 4, 1, 1, '2023-08-09'),
(355, 101, 5, 1, 1, 2, '2023-08-09'),
(356, 101, 5, 2, 1, 6, '2023-08-09'),
(357, 102, 5, 2, 1, 6, '2023-08-09'),
(358, 102, 5, 1, 1, 2, '2023-08-09'),
(359, 102, 5, 4, 1, 1, '2023-08-09'),
(360, 103, 5, 4, 1, 1, '2023-08-10'),
(361, 103, 5, 1, 1, 2, '2023-08-10'),
(362, 103, 5, 2, 1, 6, '2023-08-10'),
(363, 104, 5, 4, 1, 1, '2023-08-10'),
(364, 104, 5, 1, 1, 2, '2023-08-10'),
(365, 104, 5, 2, 1, 6, '2023-08-10'),
(366, 105, 5, 4, 1, 1, '2023-08-10'),
(367, 105, 5, 1, 1, 2, '2023-08-10'),
(368, 105, 5, 2, 1, 6, '2023-08-10'),
(369, 106, 5, 2, 1, 11, '2023-08-10'),
(370, 106, 5, 4, 1, 5, '2023-08-10'),
(371, 106, 5, 1, 1, 5, '2023-08-10'),
(372, 107, 5, 2, 1, 5, '2023-08-10'),
(373, 107, 5, 4, 1, 5, '2023-08-10'),
(374, 107, 5, 1, 1, 5, '2023-08-10'),
(375, 108, 5, 1, 1, 7, '2023-08-10'),
(376, 108, 5, 2, 1, 2, '2023-08-10'),
(377, 108, 5, 4, 1, 7, '2023-08-10'),
(378, 109, 5, 1, 1, 7, '2023-08-10'),
(379, 109, 5, 2, 1, 2, '2023-08-10'),
(380, 109, 5, 4, 1, 7, '2023-08-10'),
(381, 110, 5, 1, 1, 9, '2023-08-10'),
(382, 110, 5, 2, 1, 1, '2023-08-10'),
(383, 110, 5, 4, 1, 10, '2023-08-10'),
(384, 111, 5, 4, 1, 10, '2023-08-10'),
(385, 111, 5, 1, 1, 9, '2023-08-10'),
(386, 111, 5, 2, 1, 28, '2023-08-10'),
(387, 112, 5, 2, 1, 28, '2023-08-10'),
(388, 112, 5, 1, 1, 9, '2023-08-10'),
(389, 112, 5, 4, 1, 10, '2023-08-10'),
(390, 113, 5, 1, 1, 9, '2023-08-10'),
(391, 113, 5, 2, 1, 28, '2023-08-10'),
(392, 113, 5, 4, 1, 10, '2023-08-10'),
(393, 114, 5, 2, 1, 28, '2023-08-10'),
(394, 114, 5, 1, 1, 9, '2023-08-10'),
(395, 114, 5, 4, 1, 10, '2023-08-10'),
(396, 115, 5, 1, 1, 9, '2023-08-10'),
(397, 115, 5, 2, 1, 28, '2023-08-10'),
(398, 115, 5, 4, 1, 10, '2023-08-10'),
(399, 116, 5, 2, 1, 28, '2023-08-10'),
(400, 116, 5, 1, 1, 9, '2023-08-10'),
(401, 116, 5, 4, 1, 10, '2023-08-10'),
(402, 117, 5, 2, 1, 28, '2023-08-10'),
(403, 117, 5, 4, 1, 10, '2023-08-10'),
(404, 117, 5, 1, 1, 9, '2023-08-10'),
(405, 118, 5, 2, 1, 28, '2023-08-10'),
(406, 118, 5, 4, 1, 10, '2023-08-10'),
(407, 118, 5, 1, 1, 9, '2023-08-10'),
(408, 119, 5, 2, 1, 28, '2023-08-10'),
(409, 119, 5, 1, 1, 9, '2023-08-10'),
(410, 119, 5, 4, 1, 10, '2023-08-10'),
(411, 120, 5, 2, 1, 28, '2023-08-10'),
(412, 120, 5, 1, 1, 9, '2023-08-10'),
(413, 120, 5, 4, 1, 10, '2023-08-10'),
(414, 121, 5, 2, 1, 28, '2023-08-10'),
(415, 121, 5, 1, 1, 9, '2023-08-10'),
(416, 121, 5, 4, 1, 10, '2023-08-10'),
(417, 122, 5, 2, 1, 28, '2023-08-10'),
(418, 122, 5, 4, 1, 10, '2023-08-10'),
(419, 122, 5, 1, 1, 9, '2023-08-10'),
(420, 123, 5, 4, 1, 10, '2023-08-10'),
(421, 123, 5, 1, 1, 9, '2023-08-10'),
(422, 123, 5, 2, 1, 23, '2023-08-10'),
(423, 124, 5, 4, 1, 10, '2023-08-10'),
(424, 124, 5, 1, 1, 12, '2023-08-10'),
(425, 124, 5, 2, 1, 23, '2023-08-10'),
(426, 125, 5, 4, 1, 10, '2023-08-10'),
(427, 125, 5, 2, 1, 23, '2023-08-10'),
(428, 125, 5, 1, 1, 12, '2023-08-10'),
(429, 126, 5, 4, 1, 10, '2023-08-10'),
(430, 126, 5, 1, 1, 12, '2023-08-10'),
(431, 126, 5, 2, 1, 23, '2023-08-10'),
(432, 127, 5, 2, 1, 23, '2023-08-10'),
(433, 127, 5, 1, 1, 12, '2023-08-10'),
(434, 127, 5, 4, 1, 10, '2023-08-10'),
(435, 128, 5, 4, 1, 10, '2023-08-10'),
(436, 128, 5, 1, 1, 12, '2023-08-10'),
(437, 128, 5, 2, 1, 23, '2023-08-10'),
(438, 129, 5, 2, 1, 23, '2023-08-10'),
(439, 129, 5, 4, 1, 10, '2023-08-10'),
(440, 129, 5, 1, 1, 12, '2023-08-10'),
(441, 130, 5, 4, 1, 10, '2023-08-10'),
(442, 130, 5, 1, 1, 12, '2023-08-10'),
(443, 130, 5, 2, 1, 23, '2023-08-10'),
(444, 131, 5, 2, 1, 23, '2023-08-10'),
(445, 131, 5, 1, 1, 8, '2023-08-10'),
(446, 131, 5, 4, 1, 10, '2023-08-10'),
(447, 131, 5, 1, 1, 8, '2023-08-10'),
(448, 131, 5, 2, 1, 23, '2023-08-10'),
(449, 131, 5, 4, 1, 10, '2023-08-10'),
(450, 133, 5, 2, 1, 23, '2023-08-10'),
(451, 133, 5, 4, 1, 10, '2023-08-10'),
(452, 133, 5, 1, 1, 8, '2023-08-10'),
(453, 134, 5, 4, 1, 6, '2023-08-10'),
(454, 134, 5, 1, 1, 8, '2023-08-10'),
(455, 134, 5, 2, 1, 23, '2023-08-10'),
(456, 135, 5, 1, 1, 8, '2023-08-10'),
(457, 135, 5, 4, 1, 6, '2023-08-10'),
(458, 135, 5, 2, 1, 25, '2023-08-10'),
(459, 135, 5, 1, 10, 7, '2023-08-10'),
(460, 136, 5, 4, 1, 6, '2023-08-10'),
(461, 136, 5, 1, 1, 89, '2023-08-10'),
(462, 136, 5, 2, 1, 25, '2023-08-10'),
(463, 136, 5, 1, 10, 7, '2023-08-10'),
(464, 137, 5, 1, 1, 89, '2023-08-10'),
(465, 137, 5, 4, 1, 6, '2023-08-10'),
(466, 137, 5, 2, 1, 21, '2023-08-10'),
(467, 137, 5, 1, 10, 7, '2023-08-10'),
(468, 137, 5, 1, 1, 89, '2023-08-10'),
(469, 137, 5, 2, 1, 21, '2023-08-10'),
(470, 137, 5, 4, 1, 6, '2023-08-10'),
(471, 137, 5, 1, 10, 7, '2023-08-10'),
(472, 139, 5, 2, 1, 21, '2023-08-10'),
(473, 139, 5, 1, 10, 7, '2023-08-10'),
(474, 139, 5, 1, 1, 89, '2023-08-10'),
(475, 139, 5, 4, 1, 6, '2023-08-10'),
(476, 140, 5, 1, 1, 89, '2023-08-10'),
(477, 140, 5, 4, 1, 6, '2023-08-10'),
(478, 140, 5, 2, 1, 21, '2023-08-10'),
(479, 140, 5, 1, 10, 7, '2023-08-10'),
(480, 141, 5, 2, 1, 21, '2023-08-10'),
(481, 141, 5, 1, 1, 89, '2023-08-10'),
(482, 141, 5, 4, 1, 6, '2023-08-10'),
(483, 141, 5, 1, 10, 7, '2023-08-10'),
(484, 142, 5, 2, 1, 21, '2023-08-10'),
(485, 142, 5, 4, 1, 6, '2023-08-10'),
(486, 142, 5, 1, 1, 89, '2023-08-10'),
(487, 142, 5, 1, 10, 7, '2023-08-10'),
(488, 143, 5, 1, 1, 89, '2023-08-10'),
(489, 143, 5, 2, 1, 21, '2023-08-10'),
(490, 143, 5, 4, 1, 6, '2023-08-10'),
(491, 143, 5, 1, 10, 7, '2023-08-10'),
(492, 144, 5, 2, 1, 21, '2023-08-10'),
(493, 144, 5, 1, 10, 7, '2023-08-10'),
(494, 144, 5, 1, 1, 89, '2023-08-10'),
(495, 144, 5, 4, 1, 6, '2023-08-10'),
(496, 145, 5, 2, 1, 21, '2023-08-10'),
(497, 145, 5, 4, 1, 6, '2023-08-10'),
(498, 145, 5, 1, 1, 89, '2023-08-10'),
(499, 145, 5, 1, 10, 7, '2023-08-10'),
(500, 146, 5, 2, 1, 21, '2023-08-10'),
(501, 146, 5, 1, 1, 89, '2023-08-10'),
(502, 146, 5, 4, 1, 6, '2023-08-10'),
(503, 146, 5, 1, 10, 7, '2023-08-10'),
(504, 147, 5, 4, 1, 6, '2023-08-10'),
(505, 147, 5, 2, 1, 21, '2023-08-10'),
(506, 147, 5, 1, 1, 89, '2023-08-10'),
(507, 147, 5, 1, 10, 7, '2023-08-10'),
(508, 148, 5, 4, 1, 6, '2023-08-10'),
(509, 148, 5, 2, 1, 21, '2023-08-10'),
(510, 148, 5, 1, 1, 89, '2023-08-10'),
(511, 148, 5, 1, 10, 7, '2023-08-10'),
(512, 149, 5, 4, 1, 6, '2023-08-10'),
(513, 149, 5, 1, 10, 7, '2023-08-10'),
(514, 149, 5, 2, 1, 21, '2023-08-10'),
(515, 149, 5, 1, 1, 89, '2023-08-10'),
(516, 150, 5, 1, 1, 89, '2023-08-10'),
(517, 150, 5, 2, 1, 21, '2023-08-10'),
(518, 150, 5, 4, 1, 6, '2023-08-10'),
(519, 150, 5, 1, 10, 7, '2023-08-10'),
(520, 151, 5, 4, 1, 6, '2023-08-10'),
(521, 151, 5, 2, 1, 21, '2023-08-10'),
(522, 151, 5, 1, 1, 89, '2023-08-10'),
(523, 151, 5, 1, 10, 7, '2023-08-10'),
(524, 152, 5, 1, 1, 89, '2023-08-10'),
(525, 152, 5, 2, 1, 21, '2023-08-10'),
(526, 152, 5, 4, 1, 6, '2023-08-10'),
(527, 152, 5, 1, 10, 7, '2023-08-10'),
(528, 153, 5, 2, 1, 21, '2023-08-10'),
(529, 153, 5, 1, 1, 89, '2023-08-10'),
(530, 153, 5, 4, 1, 6, '2023-08-10'),
(531, 153, 5, 1, 10, 7, '2023-08-10'),
(532, 154, 5, 4, 1, 6, '2023-08-10'),
(533, 154, 5, 1, 1, 89, '2023-08-10'),
(534, 154, 5, 2, 1, 21, '2023-08-10'),
(535, 154, 5, 1, 10, 7, '2023-08-10'),
(536, 155, 5, 2, 1, 21, '2023-08-10'),
(537, 155, 5, 1, 1, 89, '2023-08-10'),
(538, 155, 5, 4, 1, 6, '2023-08-10'),
(539, 155, 5, 1, 10, 7, '2023-08-10'),
(540, 156, 5, 4, 1, 6, '2023-08-10'),
(541, 156, 5, 1, 1, 89, '2023-08-10'),
(542, 156, 5, 2, 1, 21, '2023-08-10'),
(543, 156, 5, 1, 10, 7, '2023-08-10'),
(544, 157, 5, 1, 1, 89, '2023-08-10'),
(545, 157, 5, 2, 1, 21, '2023-08-10'),
(546, 157, 5, 4, 1, 6, '2023-08-10'),
(547, 157, 5, 1, 10, 7, '2023-08-10'),
(548, 158, 5, 4, 1, 6, '2023-08-10'),
(549, 158, 5, 1, 1, 89, '2023-08-10'),
(550, 158, 5, 2, 1, 21, '2023-08-10'),
(551, 158, 5, 1, 10, 7, '2023-08-10'),
(552, 159, 5, 2, 1, 21, '2023-08-10'),
(553, 159, 5, 4, 1, 6, '2023-08-10'),
(554, 159, 5, 1, 1, 89, '2023-08-10'),
(555, 159, 5, 1, 10, 7, '2023-08-10'),
(556, 160, 5, 1, 1, 89, '2023-08-10'),
(557, 160, 5, 2, 1, 21, '2023-08-10'),
(558, 160, 5, 4, 1, 6, '2023-08-10'),
(559, 160, 5, 1, 10, 7, '2023-08-10'),
(560, 161, 5, 4, 1, 6, '2023-08-10'),
(561, 161, 5, 1, 10, 7, '2023-08-10'),
(562, 161, 5, 1, 1, 89, '2023-08-10'),
(563, 161, 5, 2, 1, 21, '2023-08-10'),
(564, 162, 5, 1, 1, 33, '2023-08-10'),
(565, 162, 5, 2, 1, 33, '2023-08-10'),
(566, 162, 5, 4, 1, 33, '2023-08-10'),
(567, 162, 5, 1, 10, 33, '2023-08-10'),
(568, 163, 5, 1, 1, 33, '2023-08-10'),
(569, 163, 5, 1, 10, 33, '2023-08-10'),
(570, 163, 5, 4, 1, 33, '2023-08-10'),
(571, 163, 5, 2, 1, 33, '2023-08-10'),
(572, 164, 5, 4, 1, 33, '2023-08-10'),
(573, 164, 5, 2, 1, 33, '2023-08-10'),
(574, 164, 5, 1, 1, 33, '2023-08-10'),
(575, 164, 5, 1, 10, 33, '2023-08-10'),
(576, 165, 5, 2, 1, 33, '2023-08-10'),
(577, 165, 5, 4, 1, 33, '2023-08-10'),
(578, 165, 5, 1, 1, 33, '2023-08-10'),
(579, 165, 5, 1, 10, 33, '2023-08-10'),
(580, 166, 5, 1, 1, 33, '2023-08-10'),
(581, 166, 5, 1, 10, 33, '2023-08-10'),
(582, 166, 5, 4, 1, 33, '2023-08-10'),
(583, 166, 5, 2, 1, 33, '2023-08-10'),
(584, 166, 5, 3, 2, 1, '2023-08-10'),
(585, 166, 5, 3, 3, 1, '2023-08-10'),
(586, 167, 5, 4, 1, 33, '2023-08-10'),
(587, 167, 5, 2, 1, 33, '2023-08-10'),
(588, 167, 5, 1, 1, 33, '2023-08-10'),
(589, 167, 5, 1, 10, 33, '2023-08-10'),
(590, 167, 5, 3, 2, 1, '2023-08-10'),
(591, 167, 5, 3, 3, 1, '2023-08-10'),
(592, 168, 5, 2, 1, 1, '2023-08-10'),
(593, 168, 5, 4, 1, 1, '2023-08-10'),
(594, 168, 5, 1, 1, 1, '2023-08-10'),
(595, 168, 5, 1, 10, 1, '2023-08-10'),
(596, 168, 5, 3, 2, 1, '2023-08-10'),
(597, 168, 5, 3, 3, 1, '2023-08-10'),
(598, 169, 5, 2, 1, 1, '2023-08-10'),
(599, 169, 5, 1, 1, 1, '2023-08-10'),
(600, 169, 5, 4, 1, 1, '2023-08-10'),
(601, 169, 5, 1, 10, 1, '2023-08-10'),
(602, 169, 5, 3, 2, 1, '2023-08-10'),
(603, 169, 5, 3, 3, 1, '2023-08-10'),
(604, 170, 5, 2, 1, 1, '2023-08-10'),
(605, 170, 5, 4, 1, 1, '2023-08-10'),
(606, 170, 5, 1, 1, 1, '2023-08-10'),
(607, 170, 5, 1, 10, 1, '2023-08-10'),
(608, 170, 5, 3, 2, 1, '2023-08-10'),
(609, 170, 5, 3, 3, 1, '2023-08-10'),
(610, 171, 5, 2, 1, 1, '2023-08-10'),
(611, 171, 5, 4, 1, 1, '2023-08-10'),
(612, 171, 5, 1, 1, 1, '2023-08-10'),
(613, 171, 5, 1, 10, 1, '2023-08-10'),
(614, 171, 5, 3, 2, 1, '2023-08-10'),
(615, 171, 5, 3, 3, 1, '2023-08-10'),
(616, 172, 5, 2, 1, 1, '2023-08-10'),
(617, 172, 5, 4, 1, 1, '2023-08-10'),
(618, 172, 5, 1, 1, 1, '2023-08-10'),
(619, 172, 5, 1, 10, 1, '2023-08-10'),
(620, 172, 5, 3, 2, 1, '2023-08-10'),
(621, 172, 5, 3, 3, 1, '2023-08-10'),
(622, 173, 5, 2, 1, 1, '2023-08-10'),
(623, 173, 5, 1, 10, 1, '2023-08-10'),
(624, 173, 5, 3, 2, 1, '2023-08-10'),
(625, 173, 5, 4, 1, 1, '2023-08-10'),
(626, 173, 5, 1, 1, 1, '2023-08-10'),
(627, 173, 5, 3, 3, 1, '2023-08-10'),
(628, 174, 5, 1, 1, 1, '2023-08-10'),
(629, 174, 5, 4, 1, 1, '2023-08-10'),
(630, 174, 5, 2, 1, 1, '2023-08-10'),
(631, 174, 5, 1, 10, 1, '2023-08-10'),
(632, 174, 5, 3, 2, 1, '2023-08-10'),
(633, 174, 5, 3, 3, 1, '2023-08-10'),
(634, 175, 5, 2, 1, 1, '2023-08-10'),
(635, 175, 5, 1, 1, 1, '2023-08-10'),
(636, 175, 5, 4, 1, 1, '2023-08-10'),
(637, 175, 5, 1, 10, 1, '2023-08-10'),
(638, 175, 5, 3, 2, 1, '2023-08-10'),
(639, 175, 5, 3, 3, 1, '2023-08-10'),
(640, 176, 5, 2, 1, 1, '2023-08-10'),
(641, 176, 5, 4, 1, 1, '2023-08-10'),
(642, 176, 5, 1, 1, 1, '2023-08-10'),
(643, 176, 5, 1, 10, 1, '2023-08-10'),
(644, 176, 5, 3, 2, 1, '2023-08-10'),
(645, 176, 5, 3, 3, 1, '2023-08-10'),
(646, 177, 5, 4, 1, 1, '2023-08-10'),
(647, 177, 5, 2, 1, 1, '2023-08-10'),
(648, 177, 5, 1, 1, 1, '2023-08-10'),
(649, 177, 5, 1, 10, 1, '2023-08-10'),
(650, 177, 5, 3, 2, 1, '2023-08-10'),
(651, 177, 5, 3, 3, 1, '2023-08-10'),
(652, 178, 5, 2, 1, 1, '2023-08-10'),
(653, 178, 5, 1, 1, 1, '2023-08-10'),
(654, 178, 5, 4, 1, 1, '2023-08-10'),
(655, 178, 5, 1, 10, 1, '2023-08-10'),
(656, 178, 5, 3, 2, 4, '2023-08-10'),
(657, 178, 5, 3, 3, 1, '2023-08-10'),
(658, 179, 5, 4, 1, 1, '2023-08-10'),
(659, 179, 5, 2, 1, 1, '2023-08-10'),
(660, 179, 5, 1, 1, 1, '2023-08-10'),
(661, 179, 5, 1, 10, 1, '2023-08-10'),
(662, 179, 5, 3, 2, 4, '2023-08-10'),
(663, 179, 5, 3, 3, 1, '2023-08-10'),
(664, 180, 5, 4, 1, 1, '2023-08-10'),
(665, 180, 5, 1, 1, 1, '2023-08-10'),
(666, 180, 5, 2, 1, 1, '2023-08-10'),
(667, 180, 5, 1, 10, 1, '2023-08-10'),
(668, 180, 5, 3, 2, 4, '2023-08-10'),
(669, 180, 5, 3, 3, 1, '2023-08-10'),
(670, 181, 5, 2, 1, 1, '2023-08-10'),
(671, 181, 5, 1, 10, 1, '2023-08-10'),
(672, 181, 5, 3, 2, 6, '2023-08-10'),
(673, 181, 5, 4, 1, 1, '2023-08-10'),
(674, 181, 5, 1, 1, 1, '2023-08-10'),
(675, 181, 5, 3, 3, 1, '2023-08-10'),
(676, 182, 5, 4, 1, 1, '2023-08-10'),
(677, 182, 5, 2, 1, 1, '2023-08-10'),
(678, 182, 5, 1, 1, 1, '2023-08-10'),
(679, 182, 5, 1, 10, 1, '2023-08-10'),
(680, 182, 5, 3, 2, 6, '2023-08-10'),
(681, 182, 5, 3, 3, 2, '2023-08-10'),
(682, 183, 5, 2, 1, 1, '2023-08-11'),
(683, 183, 5, 4, 1, 1, '2023-08-11'),
(684, 183, 5, 1, 1, 1, '2023-08-11'),
(685, 183, 5, 1, 10, 1, '2023-08-11'),
(686, 183, 5, 3, 2, 6, '2023-08-11'),
(687, 183, 5, 3, 3, 2, '2023-08-11'),
(688, 184, 5, 1, 1, 4, '2023-08-11'),
(689, 185, 5, 1, 5, 1, '2023-08-11'),
(690, 186, 5, 1, 5, 8, '2023-08-11'),
(691, 187, 5, 1, 5, 1, '2023-08-11'),
(692, 187, 5, 1, 1, 1, '2023-08-11'),
(693, 187, 5, 1, 6, 1, '2023-08-11'),
(694, 188, 5, 1, 8, 6, '2023-08-11'),
(695, 188, 5, 1, 7, 1, '2023-08-11'),
(696, 188, 5, 1, 10, 1, '2023-08-11'),
(697, 190, 5, 1, 5, 1, '2023-08-11'),
(698, 190, 5, 1, 6, 1, '2023-08-11'),
(699, 190, 5, 1, 7, 1, '2023-08-11'),
(700, 191, 5, 1, 7, 2, '2023-08-11'),
(701, 191, 5, 1, 6, 1, '2023-08-11'),
(702, 191, 5, 1, 5, 1, '2023-08-11'),
(703, 191, 5, 2, 3, 1, '2023-08-11'),
(704, 192, 5, 1, 5, 1, '2023-08-11'),
(705, 192, 5, 1, 7, 1, '2023-08-11'),
(706, 192, 5, 1, 6, 1, '2023-08-11'),
(707, 192, 5, 2, 3, 1, '2023-08-11'),
(708, 193, 5, 2, 3, 1, '2023-08-11'),
(709, 194, 5, 1, 5, 1, '2023-08-11'),
(710, 195, 5, 1, 5, 1, '2023-08-11'),
(711, 196, 5, 1, 5, 1, '2023-08-11'),
(712, 197, 5, 1, 6, 1, '2023-08-11'),
(713, 198, 5, 3, 1, 1, '2023-08-11'),
(714, 198, 5, 2, 3, 1, '2023-08-11'),
(715, 198, 5, 2, 2, 1, '2023-08-11'),
(716, 198, 5, 3, 2, 1, '2023-08-11'),
(717, 199, 5, 1, 5, 2, '2023-08-11');

-- --------------------------------------------------------

--
-- Table structure for table `order_main`
--

DROP TABLE IF EXISTS `order_main`;
CREATE TABLE `order_main` (
  `sid` int(11) NOT NULL,
  `member_sid` int(11) NOT NULL,
  `amount` int(11) NOT NULL,
  `buy_time` datetime NOT NULL,
  `pay_time` datetime DEFAULT NULL,
  `method_sid` int(11) DEFAULT NULL,
  `name` varchar(255) DEFAULT NULL,
  `address` varchar(255) DEFAULT NULL,
  `phone` varchar(255) DEFAULT NULL,
  `email` varchar(255) DEFAULT NULL,
  `orderNumber` varchar(255) DEFAULT NULL
) ENGINE=InnoDB DEFAULT CHARSET=utf8mb4;

--
-- Dumping data for table `order_main`
--

INSERT INTO `order_main` (`sid`, `member_sid`, `amount`, `buy_time`, `pay_time`, `method_sid`, `name`, `address`, `phone`, `email`, `orderNumber`) VALUES
(13, 5, 3, '2023-08-02 16:15:14', '2023-08-08 11:58:37', 1, '不知道', '新北市汐止區工建路160號11樓', '0926292479', 'jim6050482@gmail.com', NULL),
(91, 5, 4, '2023-08-08 15:42:16', NULL, 5, '林咖波', '台北市北投區復興二路29號', '0918768068', 'mail62055@test.com', NULL),
(92, 5, 4, '2023-08-09 14:33:27', NULL, 4, '林咖波', '台北市北投區復興二路29號', '0918768068', 'mail62055@test.com', NULL),
(93, 5, 4, '2023-08-09 15:49:19', NULL, 5, '林咖波', '台北市北投區復興二路29號', '0918768068', 'mail62055@test.com', NULL),
(94, 5, 4, '2023-08-09 16:44:00', NULL, 4, '林咖波', '台北市北投區復興二路29號', '0918768068', 'mail62055@test.com', NULL),
(96, 5, 4, '2023-08-09 16:52:29', NULL, 4, '林咖波', '台北市北投區復興二路29號', '0918768068', 'mail62055@test.com', NULL),
(101, 5, 3, '2023-08-09 17:31:38', NULL, 4, '林咖波', '台北市北投區復興二路29號', '0918768068', 'mail62055@test.com', NULL),
(103, 5, 3, '2023-08-10 11:42:58', NULL, 4, '林咖波', '台北市北投區復興二路29號', '0918768068', 'mail62055@test.com', NULL),
(104, 5, 3, '2023-08-10 12:09:15', NULL, 4, '林咖波', '台北市北投區復興二路29號', '0918768068', 'mail62055@test.com', NULL),
(106, 5, 3, '2023-08-10 12:14:47', NULL, 5, '林咖波', '台北市北投區復興二路29號', '0918768068', 'mail62055@test.com', NULL),
(107, 5, 3, '2023-08-10 12:15:28', NULL, 4, '林咖波', '台北市北投區復興二路29號', '0918768068', 'mail62055@test.com', NULL),
(109, 5, 3, '2023-08-10 12:21:00', NULL, 5, '林咖波', '台北市北投區復興二路29號', '0918768068', 'mail62055@test.com', NULL),
(110, 5, 3, '2023-08-10 12:21:31', NULL, 1, '林咖波', '台北市北投區復興二路29號', '0918768068', 'mail62055@test.com', NULL),
(122, 5, 3, '2023-08-10 15:29:49', NULL, 4, '林咖波', '台北市北投區復興二路29號', '0918768068', 'mail62055@test.com', NULL),
(123, 5, 3, '2023-08-10 15:34:36', NULL, 5, '林咖波', '台北市北投區復興二路29號', '0918768068', 'mail62055@test.com', NULL),
(124, 5, 3, '2023-08-10 16:27:20', NULL, 5, '王緯宸', '台北市北投區復興二路29號', '0918768068', 'mail62055@test.com', NULL),
(125, 5, 3, '2023-08-10 16:27:37', NULL, 5, '王緯宸', '台北市北投區復興二路29號', '0918768068', 'mail62055@test.com', NULL),
(126, 5, 3, '2023-08-10 16:31:53', NULL, 5, '王緯宸', '台北市北投區復興二路29號', '0918768068', 'mail62055@test.com', NULL),
(127, 5, 3, '2023-08-10 16:40:08', NULL, 5, '王緯宸', '台北市北投區復興二路29號', '0918768068', 'projectforg4webapp@gmail.com', NULL),
(129, 5, 3, '2023-08-10 16:46:31', NULL, 5, '王緯宸', '台北市北投區復興二路29號', '0918768068', 'projectforg4webapp@gmail.com', NULL),
(130, 5, 3, '2023-08-10 16:47:01', NULL, 5, '王緯宸', '台北市北投區復興二路29號', '0918768068', 'projectforg4webapp@gmail.com', NULL),
(131, 5, 3, '2023-08-10 16:47:12', NULL, 1, '王緯宸', '台北市北投區復興二路29號', '0918768068', 'projectforg4webapp@gmail.com', NULL),
(133, 5, 3, '2023-08-10 16:47:30', NULL, 4, '王緯宸', '台北市北投區復興二路29號', '0918768068', 'projectforg4webapp@gmail.com', NULL),
(134, 5, 3, '2023-08-10 16:47:49', NULL, 2, '王緯宸', '台北市北投區復興二路29號', '0918768068', 'projectforg4webapp@gmail.com', NULL),
(135, 5, 4, '2023-08-10 16:48:12', NULL, 2, '王緯宸', '台北市北投區復興二路29號', '0918768068', 'projectforg4webapp@gmail.com', NULL),
(136, 5, 4, '2023-08-10 16:48:25', NULL, 5, '王緯宸', '台北市北投區復興二路29號', '0918768068', 'projectforg4webapp@gmail.com', NULL),
(138, 5, 4, '2023-08-10 16:48:40', NULL, 1, '王緯宸', '台北市北投區復興二路29號', '0918768068', 'projectforg4webapp@gmail.com', NULL),
(139, 5, 4, '2023-08-10 16:49:39', NULL, 4, '王緯宸', '台北市北投區復興二路29號', '0918768068', 'projectforg4webapp@gmail.com', NULL),
(140, 5, 4, '2023-08-10 16:49:57', NULL, 4, '王緯宸', '台北市北投區復興二路29號', '0918768068', 'projectforg4webapp@gmail.com', NULL),
(142, 5, 4, '2023-08-10 16:56:41', '2023-08-10 16:56:45', 5, '王緯宸', '台北市北投區復興二路29號', '0918768068', 'projectforg4webapp@gmail.com', NULL),
(143, 5, 4, '2023-08-10 16:57:16', '2023-08-10 16:57:21', 1, '王緯宸', '台北市北投區復興二路29號', '0918768068', 'projectforg4webapp@gmail.com', NULL),
(145, 5, 4, '2023-08-10 17:12:58', '2023-08-10 17:13:04', 4, '王緯宸', '台北市北投區復興二路29號', '0918768068', 'projectforg4webapp@gmail.com', NULL),
(146, 5, 4, '2023-08-10 17:13:16', '2023-08-10 17:17:25', 1, '王緯宸', '台北市北投區復興二路29號', '0918768068', 'projectforg4webapp@gmail.com', NULL),
(147, 5, 4, '2023-08-10 17:17:28', '2023-08-10 17:17:32', 4, '王緯宸', '台北市北投區復興二路29號', '0918768068', 'projectforg4webapp@gmail.com', NULL),
(152, 5, 4, '2023-08-10 17:23:20', '2023-08-10 17:25:09', 4, '王緯宸', '台北市北投區復興二路29號', '0918768068', 'projectforg4webapp@gmail.com', NULL),
(153, 5, 4, '2023-08-10 17:25:34', '2023-08-10 17:25:44', 4, '王緯宸', '台北市北投區復興二路29號', '0918768068', 'projectforg4webapp@gmail.com', NULL),
(154, 5, 4, '2023-08-10 17:30:51', '2023-08-10 17:43:18', 4, '王緯宸', '台北市北投區復興二路29號', '0918768068', 'projectforg4webapp@gmail.com', NULL),
(155, 5, 4, '2023-08-10 17:43:37', '2023-08-10 17:44:16', 4, '王緯宸', '台北市北投區復興二路29號', '0918768068', 'projectforg4webapp@gmail.com', NULL),
(157, 5, 4, '2023-08-10 17:45:52', '2023-08-10 17:57:12', 4, '王緯宸', '台北市北投區復興二路29號', '0918768068', 'projectforg4webapp@gmail.com', NULL),
(158, 5, 4, '2023-08-10 18:06:17', '2023-08-10 18:17:48', 4, '王緯宸', '台北市北投區復興二路29號', '0918768068', 'projectforg4webapp@gmail.com', NULL),
(160, 5, 4, '2023-08-10 18:32:31', '2023-08-10 18:45:40', 4, '王緯宸', '台北市北投區復興二路29號', '0918768068', 'projectforg4webapp@gmail.com', NULL),
(173, 5, 6, '2023-08-10 20:07:08', '2023-08-10 20:10:27', 2, '王緯宸', '台北市北投區復興二路29號', '0918768068', 'projectforg4webapp@gmail.com', NULL),
(176, 5, 6, '2023-08-10 20:28:34', '2023-08-10 20:28:43', 1, '王緯宸', '台北市北投區復興二路29號', '0918768068', 'projectforg4webapp@gmail.com', NULL),
(177, 5, 6, '2023-08-10 20:32:50', '2023-08-10 20:32:57', 2, '王緯宸', '台北市北投區復興二路29號', '0918768068', 'projectforg4webapp@gmail.com', '2023-08-10 20:32:57'),
(178, 5, 6, '2023-08-10 20:33:32', '2023-08-10 20:33:38', 2, '王緯宸', '台北市北投區復興二路29號', '0918768068', 'projectforg4webapp@gmail.com', '2023-08-10 20:33:38'),
(179, 5, 6, '2023-08-10 20:37:11', '2023-08-10 20:37:17', 2, '王緯宸', '台北市北投區復興二路29號', '0918768068', 'projectforg4webapp@gmail.com', '2023-08-10 20:37:17'),
(181, 5, 6, '2023-08-10 20:45:10', '2023-08-10 20:45:15', 2, '王緯宸', '台北市北投區復興二路29號', '0918768068', 'projectforg4webapp@gmail.com', '2023-08-10 20:45:15'),
(187, 5, 3, '2023-08-11 14:56:47', '2023-08-11 14:56:53', 5, '王緯宸', '台北市北投區復興二路29號', '0918768068', 'projectforg4webapp@gmail.com', '2023-08-11 14:56:53'),
(192, 5, 4, '2023-08-11 15:19:21', '2023-08-11 15:20:59', 4, '王緯宸', '台北市北投區復興二路29號', '0918768068', 'projectforg4webapp@gmail.com', 'J1691738459538'),
(193, 5, 1, '2023-08-11 15:23:18', '2023-08-11 15:23:24', 4, '王緯宸', '台北市北投區復興二路29號', '0918768068', 'projectforg4webapp@gmail.com', 'J1691738604868'),
(194, 5, 1, '2023-08-11 15:27:41', '2023-08-11 15:27:59', 4, '王緯', '台北市北投區復興二路29號', '0918768068', 'projectforg4webapp@gmail.com', 'J1691738879976'),
(195, 5, 1, '2023-08-11 15:29:18', '2023-08-11 15:29:45', 4, '王緯宸', '台北市北投區復興二路29號', '0918768068', 'ebapp@gmail.com', 'J1691738985523'),
(196, 5, 1, '2023-08-11 15:38:05', '2023-08-11 15:38:13', 4, '王緯宸', '台北市北投區復興二路29號', '0918768068', 'projectforg4webapp@gmail.com', 'J1691739493240'),
(197, 5, 1, '2023-08-11 15:39:04', '2023-08-11 15:39:14', 5, '王緯宸', '台北市北投區復興二路29號', '0918768068', 'projectforg4webapp@gmail.com', '2023-08-11 15:39:14'),
(198, 5, 4, '2023-08-11 15:45:07', '2023-08-11 15:45:17', 2, '王緯宸', '台北市北投區復興二路29號', '0918768068', 'projectforg4webapp@gmail.com', '2023-08-11 15:45:17');

-- --------------------------------------------------------

--
-- Table structure for table `order_method`
--

DROP TABLE IF EXISTS `order_method`;
CREATE TABLE `order_method` (
  `sid` int(11) NOT NULL,
  `Method` varchar(255) NOT NULL
) ENGINE=InnoDB DEFAULT CHARSET=utf8mb4;

--
-- Dumping data for table `order_method`
--

INSERT INTO `order_method` (`sid`, `Method`) VALUES
(1, 'ATM轉帳'),
(2, 'LinePay'),
(3, 'ApplePay'),
(4, '信用卡支付'),
(5, '現金支付');

-- --------------------------------------------------------

--
-- Table structure for table `order_payment`
--

DROP TABLE IF EXISTS `order_payment`;
CREATE TABLE `order_payment` (
  `sid` int(11) NOT NULL,
  `payment` varchar(20) NOT NULL
) ENGINE=InnoDB DEFAULT CHARSET=utf8;

--
-- Dumping data for table `order_payment`
--

INSERT INTO `order_payment` (`sid`, `payment`) VALUES
(1, 'finished');

-- --------------------------------------------------------

--
-- Table structure for table `order_product_type`
--

DROP TABLE IF EXISTS `order_product_type`;
CREATE TABLE `order_product_type` (
  `sid` int(11) NOT NULL,
  `product_type` varchar(255) NOT NULL
) ENGINE=InnoDB DEFAULT CHARSET=utf8;

--
-- Dumping data for table `order_product_type`
--

INSERT INTO `order_product_type` (`sid`, `product_type`) VALUES
(1, '課程(1)'),
(2, '衣服(2)'),
(3, '設備(3)'),
(4, '食品(4)');

-- --------------------------------------------------------

--
-- Table structure for table `product_categories`
--

DROP TABLE IF EXISTS `product_categories`;
CREATE TABLE `product_categories` (
  `sid` int(19) NOT NULL,
  `categories_name` varchar(255) NOT NULL,
  `parent_sid` int(11) NOT NULL
) ENGINE=InnoDB DEFAULT CHARSET=utf8mb4;

--
-- Dumping data for table `product_categories`
--

INSERT INTO `product_categories` (`sid`, `categories_name`, `parent_sid`) VALUES
(1, '運動衣物', 0),
(2, '健身食品', 0),
(3, '健身器材', 0),
(4, '教練課程', 0),
(5, '上衣類', 1),
(6, '外套類', 1),
(7, '下身類', 1),
(8, '鞋類', 1),
(9, '襪子', 1),
(10, '蛋白粉', 2),
(11, '能量補給', 2),
(12, '重量訓練', 3),
(13, '瑜珈', 3),
(14, '有氧運動', 3),
(15, '短袖上衣', 5),
(16, '長袖上衣', 5),
(17, '內衣', 5);

-- --------------------------------------------------------

--
-- Table structure for table `product_color`
--

DROP TABLE IF EXISTS `product_color`;
CREATE TABLE `product_color` (
  `sid` int(19) NOT NULL,
  `color_name` varchar(255) NOT NULL,
  `color_code` varchar(255) DEFAULT NULL
) ENGINE=InnoDB DEFAULT CHARSET=utf8mb4;

--
-- Dumping data for table `product_color`
--

INSERT INTO `product_color` (`sid`, `color_name`, `color_code`) VALUES
(1, '黑', '#000000'),
(2, '白', '#ffffff'),
(3, '紅', '#c4342d'),
(4, '橘', '#ff8800'),
(5, '黃', '#eca20c'),
(6, '綠', '#a1eca7'),
(7, '藍', '#0000ff'),
(8, '紫', NULL),
(9, '深藍', NULL),
(10, '灰', '#808080'),
(11, '咖啡', NULL);

-- --------------------------------------------------------

--
-- Table structure for table `product_comment`
--

DROP TABLE IF EXISTS `product_comment`;
CREATE TABLE `product_comment` (
  `sid` int(19) NOT NULL,
  `member_sid` int(19) NOT NULL,
  `product_name_sid` int(19) NOT NULL,
  `comment` varchar(255) DEFAULT NULL
) ENGINE=InnoDB DEFAULT CHARSET=utf8mb4;

-- --------------------------------------------------------

--
-- Table structure for table `product_description`
--

DROP TABLE IF EXISTS `product_description`;
CREATE TABLE `product_description` (
  `sid` int(19) NOT NULL,
  `col1` varchar(255) DEFAULT NULL
) ENGINE=InnoDB DEFAULT CHARSET=utf8mb4;

--
-- Dumping data for table `product_description`
--

INSERT INTO `product_description` (`sid`, `col1`) VALUES
(5, '在勃朗峰腳下，我們的徒步愛好者團隊設計了這款透氣T恤，專為偶爾的徒步旅行而打造。,這是您初次登山徒步的完美T恤！,透氣快乾,面料吸收身體的濕氣並將其向外轉移。,活動自由度,彈性面料（23％氨綸）提供極佳的運動舒適度。,輕盈,L號尺碼僅110克！,快乾,合成纖維的面料在濕潤時迅速乾燥，如遇汗水也能快速乾爽。,透氣性,絎縫材質的結構自然透氣'),
(7, '我們的徒步設計師為在低地、森林或海岸地區的偶爾徒步旅行而設計了這款褲子。,褲子採用彈性面料，剪裁舒適。無論是在徒步旅行還是在城鎮漫步，您都會顯得時尚。,活動自由度,彈性面料（2％氨綸）和寬鬆剪裁,口袋設計,4個口袋 | 1個帶魔術貼的大腿口袋 | 2個手袋 | 1個後袋,柔軟舒適度,主要成分含有79％棉,人體工學設計,常規剪裁 | 可選擇S號至3XL號,使用者舒適度,寬腰帶環和按扣門扣'),
(8, '你是否想嘗試在雪地小徑上行走？我們的工程師為偶爾徒步旅行開發了這些靴子。非常適合在緊實的雪地上行走。,保暖且防水，搭配雪地接觸橡膠鞋底，確保更好的抓地力，讓您在緊實雪地的徒步旅行中充滿信心前進。,保暖性,舒適溫度 - 靜止時：12°F，移動時：-4°F。,防水性,防水透氣薄膜，讓您的雙腳保持乾燥。,抓地力,採用SNOWCONTACT技術：鞋底材料和紋路設計提供優異的抓地力。,牽引力,3毫米釘的位置和深度提供在雪地上的牽引力。,合腳性,中筒設計，腳背處設有眼lets方便收緊鞋帶。'),
(9, '專為尋找適合其運動的舒適、耐用襪子的初學者網球運動員而設計。,這些富含棉質的運動襪保持原樣，耐用且舒適。 非常適合初學者打網球，也適合其他球拍運動。每包 3 雙出售。,耐磨性,襯有加強處理的腳後跟和腳趾，使襪子更耐穿。,減少刺激,柔軟的刷毛棉，加強處理並加厚的環繞易擦擦擦部位。,穩定性,具彈性的針織面料，配有彈性的非標記中足帶。,透氣性,採用透氣材料，讓腳部保持涼爽舒適，即使在激烈運動中也能保持通風。,防臭功能,特殊處理的面料，有效防止異味產生，讓您在多次穿著後仍保持清新。');

-- --------------------------------------------------------

--
-- Table structure for table `product_detail`
--

DROP TABLE IF EXISTS `product_detail`;
CREATE TABLE `product_detail` (
  `sid` int(19) NOT NULL,
  `product_name_sid` varchar(255) NOT NULL,
  `stocks` int(19) NOT NULL,
  `picture` varchar(255) DEFAULT NULL,
  `created_at` datetime NOT NULL,
  `color_id` int(19) NOT NULL,
  `size_id` int(19) NOT NULL
) ENGINE=InnoDB DEFAULT CHARSET=utf8mb4;

--
-- Dumping data for table `product_detail`
--

INSERT INTO `product_detail` (`sid`, `product_name_sid`, `stocks`, `picture`, `created_at`, `color_id`, `size_id`) VALUES
(1, '1', 100, 'st0010101.jpg,st0010102.jpg,st0010103.jpg,st0010104.jpg', '2023-05-16 10:17:13', 10, 1),
(2, '1', 100, 'st0010101.jpg,st0010102.jpg,st0010103.jpg,st0010104.jpg', '2023-05-16 10:17:13', 10, 2),
(3, '1', 100, 'st0010101.jpg,st0010102.jpg,st0010103.jpg,st0010104.jpg', '2023-05-16 10:17:13', 10, 3),
(4, '1', 100, 'st0010101.jpg,st0010102.jpg,st0010103.jpg,st0010104.jpg', '2023-05-16 10:17:13', 10, 4),
(5, '1', 100, 'st0010201.jpg', '2023-05-16 10:17:13', 3, 1),
(6, '1', 100, 'st0010201.jpg', '2023-05-16 10:17:13', 3, 2),
(7, '1', 100, 'st0010201.jpg', '2023-05-16 10:17:13', 3, 3),
(8, '1', 100, 'st0010201.jpg', '2023-05-16 10:17:13', 3, 4),
(9, '2', 100, 'st0020101.jpg,st0020102.jpg,st0020103.jpg,st0020104.jpg,st0020105.jpg', '2023-05-16 10:17:13', 7, 1),
(10, '2', 100, 'st0020101.jpg,st0020102.jpg,st0020103.jpg,st0020104.jpg,st0020105.jpg', '2023-05-16 10:17:13', 7, 5),
(11, '2', 100, 'st0020101.jpg,st0020102.jpg,st0020103.jpg,st0020104.jpg,st0020105.jpg', '2023-05-16 10:17:13', 7, 6),
(12, '2', 100, 'st0020101.jpg,st0020102.jpg,st0020103.jpg,st0020104.jpg,st0020105.jpg', '2023-05-16 10:17:13', 7, 4),
(13, '2', 100, 'st0020201.jpg,st0020202.jpg,st0020203.jpg,st0020204.jpg,st0020205.jpg,st0020206.jpg,st0020207.jpg,st0020208.jpg', '2023-05-16 10:17:13', 10, 1),
(14, '2', 100, 'st0020201.jpg,st0020202.jpg,st0020203.jpg,st0020204.jpg,st0020205.jpg,st0020206.jpg,st0020207.jpg,st0020208.jpg', '2023-05-16 10:17:13', 10, 2),
(15, '2', 100, 'st0020201.jpg,st0020202.jpg,st0020203.jpg,st0020204.jpg,st0020205.jpg,st0020206.jpg,st0020207.jpg,st0020208.jpg', '2023-05-16 10:17:13', 10, 3),
(16, '2', 100, 'st0020201.jpg,st0020202.jpg,st0020203.jpg,st0020204.jpg,st0020205.jpg,st0020206.jpg,st0020207.jpg,st0020208.jpg', '2023-05-16 10:17:13', 10, 4),
(17, '3', 100, 'st0030101.jpg,st0030102.jpg,st0030103.jpg,st0030104.jpg,st0030105.jpg,st0030106.jpg', '2023-05-16 10:17:13', 2, 1),
(18, '3', 100, 'st0030101.jpg,st0030102.jpg,st0030103.jpg,st0030104.jpg,st0030105.jpg,st0030106.jpg', '2023-05-16 10:17:13', 2, 2),
(19, '3', 100, 'st0030101.jpg,st0030102.jpg,st0030103.jpg,st0030104.jpg,st0030105.jpg,st0030106.jpg', '2023-05-16 10:17:13', 2, 3),
(20, '3', 100, 'st0030101.jpg,st0030102.jpg,st0030103.jpg,st0030104.jpg,st0030105.jpg,st0030106.jpg', '2023-05-16 10:17:13', 2, 4),
(21, '3', 100, 'st0030201.jpg,st0030202.jpg,st0030203.jpg,st0030204.jpg,st0030205.jpg', '2023-05-16 10:17:13', 1, 1),
(22, '3', 100, 'st0030201.jpg,st0030202.jpg,st0030203.jpg,st0030204.jpg,st0030205.jpg', '2023-05-16 10:17:13', 1, 2),
(23, '3', 100, 'st0030201.jpg,st0030202.jpg,st0030203.jpg,st0030204.jpg,st0030205.jpg', '2023-05-16 10:17:13', 1, 3),
(24, '3', 100, 'st0030201.jpg,st0030202.jpg,st0030203.jpg,st0030204.jpg,st0030205.jpg', '2023-05-16 10:17:13', 1, 4),
(25, '4', 100, 'st0040101.jpg,st0040102.jpg,st0040103.jpg,st0040104.jpg,st0040105.jpg,st0040106.jpg,st0040107.jpg', '2023-05-16 10:17:13', 1, 1),
(26, '4', 100, 'st0040101.jpg,st0040102.jpg,st0040103.jpg,st0040104.jpg,st0040105.jpg,st0040106.jpg,st0040107.jpg', '2023-05-16 10:17:13', 1, 2),
(27, '4', 100, 'st0040101.jpg,st0040102.jpg,st0040103.jpg,st0040104.jpg,st0040105.jpg,st0040106.jpg,st0040107.jpg', '2023-05-16 10:17:13', 1, 3),
(28, '4', 100, 'st0040101.jpg,st0040102.jpg,st0040103.jpg,st0040104.jpg,st0040105.jpg,st0040106.jpg,st0040107.jpg', '2023-05-16 10:17:13', 1, 4),
(29, '4', 100, 'st0040201.jpg,st0040202.jpg,st0040203.jpg,st0040204.jpg,st0040205.jpg', '2023-05-16 10:17:13', 2, 1),
(30, '4', 100, 'st0040201.jpg,st0040202.jpg,st0040203.jpg,st0040204.jpg,st0040205.jpg', '2023-05-16 10:17:13', 2, 2),
(31, '4', 100, 'st0040201.jpg,st0040202.jpg,st0040203.jpg,st0040204.jpg,st0040205.jpg', '2023-05-16 10:17:13', 2, 3),
(32, '4', 100, 'st0040201.jpg,st0040202.jpg,st0040203.jpg,st0040204.jpg,st0040205.jpg', '2023-05-16 10:17:13', 2, 4),
(33, '5', 100, 'st0050101.jpg,st0050102.jpg,st0050103.jpg,st0050104.jpg,st0050105.jpg,st0050106.jpg,st0050107.jpg', '2023-05-16 10:17:13', 1, 1),
(34, '5', 100, 'st0050101.jpg,st0050102.jpg,st0050103.jpg,st0050104.jpg,st0050105.jpg,st0050106.jpg,st0050107.jpg', '2023-05-16 10:17:13', 1, 2),
(35, '5', 100, 'st0050101.jpg,st0050102.jpg,st0050103.jpg,st0050104.jpg,st0050105.jpg,st0050106.jpg,st0050107.jpg', '2023-05-16 10:17:13', 1, 3),
(36, '5', 100, 'st0050101.jpg,st0050102.jpg,st0050103.jpg,st0050104.jpg,st0050105.jpg,st0050106.jpg,st0050107.jpg', '2023-05-16 10:17:13', 1, 4),
(37, '5', 100, 'st0050201.jpg,st0050202.jpg,st0050203.jpg,st0050204.jpg,st0050205.jpg,st0050206.jpg', '2023-05-16 10:17:13', 7, 1),
(38, '5', 100, 'st0050201.jpg,st0050202.jpg,st0050203.jpg,st0050204.jpg,st0050205.jpg,st0050206.jpg', '2023-05-16 10:17:13', 7, 2),
(39, '5', 100, 'st0050201.jpg,st0050202.jpg,st0050203.jpg,st0050204.jpg,st0050205.jpg,st0050206.jpg', '2023-05-16 10:17:13', 7, 3),
(40, '5', 100, 'st0050201.jpg,st0050202.jpg,st0050203.jpg,st0050204.jpg,st0050205.jpg,st0050206.jpg', '2023-05-16 10:17:13', 7, 4);

-- --------------------------------------------------------

--
-- Table structure for table `product_name`
--

DROP TABLE IF EXISTS `product_name`;
CREATE TABLE `product_name` (
  `sid` int(19) NOT NULL,
  `product_name` varchar(255) NOT NULL,
  `category_id` int(19) DEFAULT NULL,
  `price` int(19) DEFAULT NULL,
  `picture` varchar(255) NOT NULL,
  `created_at` timestamp NOT NULL DEFAULT CURRENT_TIMESTAMP
) ENGINE=InnoDB DEFAULT CHARSET=utf8mb4;

--
-- Dumping data for table `product_name`
--

INSERT INTO `product_name` (`sid`, `product_name`, `category_id`, `price`, `picture`, `created_at`) VALUES
(1, '男士合成短袖遠足T恤', 5, 100, 'st0010101.jpg', '2022-10-27 14:07:38'),
(2, '男士透氣圓領 Essential Fitness T恤 - 斑駁灰色', 5, 100, 'st0020101.jpg', '2023-01-06 11:49:13'),
(3, '男士健身 T 卹 100 Sportee - 白色', 5, 100, 'st0030101.jpg', '2023-04-15 09:49:47'),
(4, '男士圓領透氣健身 T 卹 - 米色', 5, 100, 'st0040101.jpg', '2023-01-22 06:47:50'),
(5, 'Triban Essential 吸濕排汗短袖公路自行車騎行服男式', 5, 100, 'st0050101.jpg', '2023-02-08 21:36:21'),
(6, '男士跑步透氣 T 卹 Dry+ - 黑色', 5, 150, 'st0060101.jpg', '2023-01-12 08:44:50'),
(7, 'Inesis，短袖高爾夫 Polo 衫，男士', 5, 150, 'st0070101.jpg', '2022-07-05 20:01:43'),
(8, 'Forclaz Travel 100 美利奴羊毛遠足 T 恤男式', 5, 150, 'st0080101.jpg', '2023-02-15 19:00:40'),
(9, '男士基本款短袖網球 T 恤 - 白色', 5, 150, 'st0090101.jpg', '2022-10-10 04:04:46'),
(10, 'Van Rysel 透氣公路自行車賽車服男式', 5, 150, 'st0100101.jpg', '2023-03-01 04:28:23'),
(11, '男士基本款短袖網球 Polo 衫 - 海軍藍', 5, 200, 'st0110101.jpg', '2023-03-02 03:14:12'),
(12, '男士徒步合成短袖 T 卹 MH500', 5, 200, 'st0120101.jpg', '2023-01-04 19:52:24'),
(13, '男式 Quechua NH500 棉混紡遠足 T 卹', 5, 200, 'st0130101.jpg', '2023-03-26 10:46:00'),
(14, 'NH550 Fresh 徒步旅行 T 卹男式', 5, 200, 'st0140101.jpg', '2022-10-19 11:19:21'),
(15, 'Forclaz Trek 500 長袖美利奴羊毛徒步 T 卹男式', 5, 200, 'st0150101.jpg', '2022-12-21 17:25:19'),
(16, '男士短袖公路自行車夏季騎行服 RC500 - 海軍藍', 5, 200, 'st0160101.jpg', '2023-02-19 22:15:07'),
(17, '男式短袖棉質迷彩狩獵 T 卹', 5, 200, 'st0170101.jpg', '2022-06-11 04:06:11'),
(18, '男士普拉提和溫和健身房修身運動 T 卹 520', 5, 200, 'st0180101.jpg', '2022-06-21 18:52:08'),
(19, 'Nyamba 500 彈力棉質健身 T 卹男式', 5, 200, 'st0190101.jpg', '2022-09-14 03:08:43'),
(20, 'Forclaz Trek 500 拉鍊長袖美利奴羊毛徒步 T 卹男式', 5, 200, 'st0200101.jpg', '2022-10-09 00:13:45'),
(21, 'Inesis 男士輕質高爾夫 Polo 衫', 5, 250, 'st0210101.jpg', '2022-06-02 08:49:09'),
(22, 'Domyos 動悅適 無縫短袖力量瑜伽 T 卹 男士', 5, 250, 'st0220101.jpg', '2022-06-14 12:31:03'),
(23, 'Kiprun Skincare 男士透氣跑步 T 卹', 5, 250, 'st0230101.jpg', '2022-09-04 05:14:26'),
(24, 'Neo Racer 男式公路自行車騎行服', 5, 250, 'st0240101.jpg', '2022-09-11 05:45:35'),
(25, '男式高爾夫馬球長袖 - MW500 海軍藍', 5, 250, 'st0250101.jpg', '2023-02-13 06:11:11'),
(26, 'Kiprun Care 男式透氣跑步 T 卹', 5, 100, 'st0260101.jpg', '2023-03-09 06:45:46'),
(27, 'Solognac 100 男士透氣短袖狩獵 T 卹', 5, 100, 'st0270101.jpg', '2023-03-29 08:21:52'),
(28, 'Kiprun 男士輕薄透氣跑步 T 卹', 5, 100, 'st0280101.jpg', '2023-04-26 14:38:34'),
(29, 'Forclaz Travel 500 男式可調節登山襯衫', 5, 100, 'st0290101.jpg', '2022-07-16 17:13:51'),
(30, '男士長袖健身 T 卹 100 - 黑色', 5, 100, 'st0300101.jpg', '2022-06-02 11:20:06'),
(31, '男士步行長褲 - 灰色', 7, 100, 'pt0010101.jpg', '2023-02-22 22:05:31'),
(32, '城市騎行防雨褲帶內置套鞋 100 - 黑色', 7, 100, 'pt0020101.jpg', '2023-02-22 21:33:50'),
(33, 'Quechua MH150 多種穿法登山褲 男士', 7, 100, 'pt0030101.jpg', '2022-12-18 10:39:14'),
(34, '男士山地徒步耐用二合一拉鍊長褲 MT100', 7, 100, 'pt0040101.jpg', '2023-01-20 05:41:13'),
(35, 'Kalenji Run 男式保暖跑步緊身褲', 7, 100, 'pt0050101.jpg', '2023-01-18 13:34:57'),
(36, '男士防水登山褲 NH500 Imper', 7, 100, 'pt0060101.jpg', '2022-10-03 19:57:43'),
(37, 'Btwin 100 男士公路自行車緊身褲', 7, 100, 'pt0070101.jpg', '2023-04-23 04:10:16'),
(38, 'Quechua SH100 X-Warm 防水男式雪地徒步褲', 7, 100, 'pt0080101.jpg', '2022-12-11 02:04:45'),
(39, 'Travel 100 男士旅行背包工裝褲', 7, 100, 'pt0090101.jpg', '2022-06-19 14:59:33'),
(40, '男士保暖滑雪褲 100 - 黑色', 7, 100, 'pt0100101.jpg', '2023-03-03 13:50:04'),
(41, '男士跑步透氣長褲襪 - 黑色', 7, 100, 'pt0110101.jpg', '2023-02-14 17:18:16'),
(42, 'Quechua MH100M 男士登山褲', 7, 100, 'pt0120101.jpg', '2022-10-12 14:07:43'),
(43, '男式堅固山地背包褲 - MT500', 7, 100, 'pt0130101.jpg', '2023-03-16 11:50:22'),
(44, 'Quechua SH500 X-Warm 防水雪地徒步褲男式', 7, 100, 'pt0140101.jpg', '2022-05-10 09:55:14'),
(45, '男士保暖滑雪褲 180 - 黑色', 7, 100, 'pt0150101.jpg', '2022-11-01 07:11:41');

-- --------------------------------------------------------

--
-- Table structure for table `product_rating`
--

DROP TABLE IF EXISTS `product_rating`;
CREATE TABLE `product_rating` (
  `sid` int(19) NOT NULL,
  `rating` int(1) DEFAULT NULL,
  `product_name_sid` int(11) NOT NULL,
  `member_sid` int(11) NOT NULL
) ENGINE=InnoDB DEFAULT CHARSET=utf8mb4;

-- --------------------------------------------------------

--
-- Table structure for table `product_size`
--

DROP TABLE IF EXISTS `product_size`;
CREATE TABLE `product_size` (
  `sid` int(19) NOT NULL,
  `size` varchar(255) NOT NULL
) ENGINE=InnoDB DEFAULT CHARSET=utf8mb4;

--
-- Dumping data for table `product_size`
--

INSERT INTO `product_size` (`sid`, `size`) VALUES
(1, 'S'),
(2, 'M'),
(3, 'L'),
(4, 'XL'),
(5, '2XL'),
(6, '3XL');

-- --------------------------------------------------------

--
-- Table structure for table `record_body_part`
--

DROP TABLE IF EXISTS `record_body_part`;
CREATE TABLE `record_body_part` (
  `sid` int(11) NOT NULL,
  `bodyPart_name` varchar(255) NOT NULL
) ENGINE=InnoDB DEFAULT CHARSET=utf8mb4;

--
-- Dumping data for table `record_body_part`
--

INSERT INTO `record_body_part` (`sid`, `bodyPart_name`) VALUES
(11, '三頭'),
(6, '上背'),
(7, '下背'),
(12, '二頭'),
(9, '前臂'),
(10, '小腿'),
(2, '核心'),
(3, '肩膀'),
(1, '胸'),
(4, '腿前側'),
(5, '腿後側'),
(8, '臀部');

-- --------------------------------------------------------

--
-- Table structure for table `record_condition`
--

DROP TABLE IF EXISTS `record_condition`;
CREATE TABLE `record_condition` (
  `sid` int(11) NOT NULL,
  `member_sid` int(11) NOT NULL,
  `height` float NOT NULL,
  `weight` float NOT NULL,
  `bodyfat` float NOT NULL,
  `record_time` datetime NOT NULL
) ENGINE=InnoDB DEFAULT CHARSET=utf8;

--
-- Dumping data for table `record_condition`
--

INSERT INTO `record_condition` (`sid`, `member_sid`, `height`, `weight`, `bodyfat`, `record_time`) VALUES
(2, 1, 175.5, 60.8, 15.4, '2023-01-31 00:00:00'),
(3, 1, 175.6, 61.9, 16.9, '2023-02-28 00:00:00'),
(5, 1, 176, 61.7, 15.7, '2023-01-31 00:00:00'),
(7, 1, 175.7, 63, 16.9, '2023-01-31 00:00:00'),
(14, 1, 175.8, 60.1, 16.6, '2023-02-28 00:00:00'),
(16, 2, 181, 75.7, 20.7, '2023-03-31 00:00:00'),
(17, 2, 180.6, 75.7, 20.9, '2023-01-31 00:00:00'),
(18, 2, 180.8, 76.4, 20.5, '2023-03-31 00:00:00'),
(19, 2, 180.8, 76.4, 21.4, '2023-04-30 00:00:00'),
(20, 2, 180.9, 75.3, 21.1, '2023-01-31 00:00:00'),
(21, 2, 180.6, 76, 21.8, '2023-03-31 00:00:00'),
(23, 2, 180.8, 76.4, 20.3, '2023-02-28 00:00:00'),
(24, 2, 180.2, 76.6, 22, '2023-05-31 00:00:00'),
(25, 2, 180.9, 76.6, 21, '2023-04-30 00:00:00'),
(26, 2, 180.8, 76.4, 21.1, '2023-02-28 00:00:00'),
(27, 2, 180.1, 75.5, 21.6, '2023-02-28 00:00:00'),
(28, 2, 180.3, 75, 20.4, '2023-01-31 00:00:00'),
(29, 2, 180.6, 75.4, 21.4, '2023-03-31 00:00:00'),
(30, 2, 180.3, 76.8, 21, '2023-02-28 00:00:00'),
(31, 2, 180.5, 76, 20.1, '2023-05-31 00:00:00'),
(32, 2, 180.3, 76, 21, '2023-02-28 00:00:00'),
(33, 2, 181, 75.2, 21.5, '2023-05-31 00:00:00'),
(34, 2, 181, 75.1, 20.7, '2023-05-31 00:00:00'),
(35, 2, 180.5, 76.3, 20, '2023-04-30 00:00:00'),
(36, 2, 180.6, 76.1, 20.7, '2023-01-31 00:00:00'),
(37, 2, 180, 76.2, 20.8, '2023-01-31 00:00:00'),
(38, 2, 181, 76.3, 20.8, '2023-02-28 00:00:00'),
(39, 2, 180.6, 75.2, 20.5, '2023-03-31 00:00:00'),
(40, 2, 180.3, 76.1, 21.1, '2023-03-31 00:00:00'),
(41, 2, 180, 75.1, 21.3, '2023-01-31 00:00:00'),
(42, 2, 180.8, 76.7, 21.4, '2023-03-31 00:00:00'),
(43, 2, 180.1, 75.8, 20.4, '2023-03-31 00:00:00'),
(44, 1, 180.6, 76.6, 20.4, '2023-01-31 00:00:00'),
(45, 1, 180.4, 76.9, 21.1, '2023-02-28 00:00:00'),
(46, 1, 180.9, 76.5, 20.9, '2023-01-31 00:00:00'),
(47, 1, 180.2, 75.6, 20.5, '2023-01-31 00:00:00'),
(48, 1, 180.8, 75.1, 20.6, '2023-01-31 00:00:00'),
(49, 1, 180.4, 75.4, 21.8, '2023-03-31 00:00:00'),
(50, 1, 180.7, 75.8, 20, '2023-03-31 00:00:00'),
(51, 1, 180.7, 75.8, 20.1, '2023-01-31 00:00:00'),
(52, 1, 180.4, 75.2, 20, '2023-04-30 00:00:00'),
(53, 1, 180.2, 75.9, 21.3, '2023-02-28 00:00:00'),
(54, 1, 180.7, 75.9, 21.3, '2023-02-28 00:00:00'),
(55, 1, 180.4, 75.6, 21.9, '2023-01-31 00:00:00'),
(56, 1, 180.8, 76, 21.7, '2023-01-31 00:00:00'),
(57, 1, 180.5, 76.6, 21.5, '2023-02-28 00:00:00'),
(58, 1, 180.5, 76.8, 20.4, '2023-04-30 00:00:00'),
(60, 1, 180.5, 76.3, 20.6, '2023-01-31 00:00:00'),
(61, 1, 180.4, 76.9, 21.5, '2023-01-31 00:00:00'),
(62, 1, 181, 76.1, 22, '2023-03-31 00:00:00'),
(64, 1, 180.9, 76, 20.1, '2023-02-28 00:00:00'),
(65, 1, 181, 75.1, 20.8, '2023-01-31 00:00:00'),
(66, 1, 180.6, 76.5, 20.1, '2023-01-31 00:00:00'),
(67, 1, 180.5, 76.1, 20.2, '2023-02-28 00:00:00'),
(69, 1, 180.8, 75.5, 20.6, '2023-03-31 00:00:00'),
(71, 1, 180.4, 76.3, 20.4, '2023-02-28 00:00:00'),
(72, 1, 180.6, 76.7, 21, '2023-01-31 00:00:00'),
(73, 1, 180.8, 75.9, 21.2, '2023-03-31 00:00:00'),
(74, 1, 180.4, 75.7, 22, '2023-03-31 00:00:00'),
(75, 1, 180.9, 75.9, 20.2, '2023-02-28 00:00:00'),
(76, 1, 180.9, 75, 21.4, '2023-03-31 00:00:00'),
(78, 1, 181, 76.4, 21.6, '2023-02-28 00:00:00'),
(79, 1, 180.5, 75.4, 20.1, '2023-02-28 00:00:00'),
(80, 1, 181, 75.5, 21.9, '2023-02-28 00:00:00'),
(81, 1, 180, 75.4, 20.6, '2023-02-28 00:00:00'),
(84, 1, 180.9, 75, 21.5, '2023-02-28 00:00:00'),
(85, 1, 180.8, 75.1, 22, '2023-01-31 00:00:00'),
(86, 1, 180.5, 77, 21, '2023-01-31 00:00:00'),
(87, 1, 180.7, 76.8, 21.2, '2023-03-31 00:00:00'),
(88, 1, 180.2, 75.7, 20.7, '2023-03-31 00:00:00'),
(89, 1, 180.1, 76.9, 21.1, '2023-05-17 12:47:32'),
(90, 1, 180.2, 75.4, 21.9, '2023-04-30 00:00:00'),
(91, 1, 180.6, 76, 21, '2023-02-28 00:00:00'),
(92, 1, 180.7, 75.9, 20, '2023-01-31 00:00:00'),
(93, 1, 180.7, 75.1, 20.4, '2023-03-31 00:00:00'),
(94, 1, 180.1, 75.5, 20.5, '2023-02-28 00:00:00'),
(95, 1, 181, 75.6, 20.2, '2023-04-30 00:00:00'),
(96, 1, 180.2, 75.8, 22, '2023-02-28 00:00:00'),
(97, 1, 180.6, 75.5, 21.5, '2023-04-30 00:00:00'),
(98, 1, 180.9, 75, 21.4, '2023-02-28 00:00:00'),
(99, 1, 180.7, 75.2, 21.9, '2023-03-31 00:00:00'),
(101, 1, 180.4, 75.7, 21.6, '2023-01-31 00:00:00'),
(102, 1, 180.1, 75.4, 20.6, '2023-02-28 00:00:00'),
(105, 1, 180.2, 75.7, 20.8, '2023-03-31 00:00:00'),
(106, 1, 180.7, 75, 21.9, '2023-01-31 00:00:00'),
(107, 1, 180.3, 76.4, 21.9, '2023-03-31 00:00:00'),
(108, 1, 180.7, 75.9, 20.4, '2023-05-17 12:47:39'),
(110, 1, 181, 75.8, 21.3, '2023-01-31 00:00:00'),
(111, 1, 180.1, 75.6, 20.5, '2023-01-31 00:00:00'),
(112, 1, 180.3, 75.3, 21.9, '2023-03-31 00:00:00'),
(114, 1, 180.5, 75.3, 20.8, '2023-03-31 00:00:00'),
(115, 1, 180.5, 76.7, 21.6, '2023-03-31 00:00:00'),
(116, 1, 180.9, 75, 21.8, '2023-04-30 00:00:00'),
(117, 1, 180, 76, 20, '2023-02-28 00:00:00'),
(118, 1, 180, 76.7, 20.6, '2023-02-28 00:00:00'),
(119, 1, 180.9, 75.8, 20.4, '2023-01-31 00:00:00'),
(126, 5, 181, 76.3, 20.8, '2023-01-31 00:00:00'),
(127, 5, 180.1, 77, 21.7, '2023-02-28 00:00:00'),
(128, 5, 180.6, 75.2, 20.3, '2023-04-30 00:00:00'),
(129, 5, 180.9, 75.8, 21.1, '2023-02-28 00:00:00'),
(130, 5, 180, 76.7, 21.5, '2023-03-31 00:00:00'),
(131, 5, 180.2, 75.2, 21.3, '2023-03-31 00:00:00'),
(132, 5, 180, 76.6, 21.5, '2023-02-28 00:00:00'),
(133, 5, 180.8, 76.5, 21.8, '2023-04-30 00:00:00'),
(134, 5, 180.6, 76.9, 20.7, '2023-01-31 00:00:00'),
(135, 5, 180.1, 76.5, 21.4, '2023-01-31 00:00:00'),
(136, 5, 180, 76.9, 21.7, '2023-04-30 00:00:00'),
(137, 5, 181, 76.7, 20.3, '2023-02-28 00:00:00'),
(138, 5, 180.5, 77, 21.4, '2023-02-28 00:00:00'),
(139, 4, 180, 75, 21.8, '2023-01-31 00:00:00'),
(140, 4, 180.1, 76.5, 20.3, '2023-01-31 00:00:00'),
(141, 4, 180.5, 75.6, 21.5, '2023-03-31 00:00:00'),
(142, 4, 180.1, 75.1, 20.3, '2023-02-28 00:00:00'),
(143, 4, 180.3, 76, 20.2, '2023-03-31 00:00:00'),
(144, 4, 181, 76, 21.1, '2023-02-28 00:00:00'),
(145, 4, 180.4, 75.8, 21.1, '2023-03-31 00:00:00'),
(146, 4, 180.6, 75.5, 20.5, '2023-01-31 00:00:00'),
(147, 4, 181, 75.5, 20.8, '2023-02-28 00:00:00'),
(148, 4, 180.3, 76.9, 20.9, '2023-03-31 00:00:00'),
(149, 4, 180.7, 76.4, 21.4, '2023-03-31 00:00:00'),
(150, 4, 180.2, 75.7, 20.2, '2023-01-31 00:00:00'),
(151, 3, 181, 77, 21, '2023-03-31 00:00:00'),
(152, 3, 180.9, 75.5, 21.9, '2023-02-28 00:00:00'),
(153, 3, 181, 77, 20.1, '2023-04-30 00:00:00'),
(154, 3, 180.3, 76.3, 21.1, '2023-01-31 00:00:00'),
(155, 3, 180, 75, 21.6, '2023-01-31 00:00:00'),
(156, 3, 180.2, 75.1, 20.6, '2023-03-31 00:00:00'),
(157, 3, 180, 77, 21.2, '2023-03-31 00:00:00'),
(158, 3, 181, 75.2, 20.9, '2023-03-31 00:00:00'),
(159, 3, 180.1, 76.6, 21, '2023-05-31 00:00:00'),
(160, 3, 180.6, 75, 21.3, '2023-03-31 00:00:00'),
(161, 3, 180.7, 76, 20.4, '2023-03-31 00:00:00'),
(162, 3, 181, 76.4, 20.5, '2023-05-31 00:00:00'),
(163, 3, 180.3, 76.4, 21.2, '2023-02-28 00:00:00'),
(164, 3, 180.8, 75.4, 21.7, '2023-03-31 00:00:00'),
(165, 2, 180.7, 76.5, 20, '2023-01-31 00:00:00'),
(166, 2, 180, 75.1, 21.5, '2023-02-28 00:00:00'),
(167, 2, 180.6, 75.5, 20.7, '2023-02-28 00:00:00'),
(168, 2, 180.5, 75.9, 20, '2023-04-30 00:00:00'),
(169, 2, 180.2, 77, 20.2, '2023-02-28 00:00:00'),
(170, 2, 181, 75.8, 21, '2023-02-28 00:00:00'),
(171, 2, 180.1, 75.5, 21.7, '2023-01-31 00:00:00'),
(172, 2, 180.6, 76, 20.3, '2023-03-31 00:00:00'),
(173, 2, 180.8, 75.3, 20.6, '2023-05-31 00:00:00'),
(174, 2, 180.8, 76.2, 20, '2023-03-31 00:00:00'),
(175, 2, 180.1, 75.6, 20.2, '2023-01-31 00:00:00'),
(176, 2, 180.9, 77, 21.3, '2023-02-28 00:00:00'),
(177, 2, 180.8, 75.6, 20.8, '2023-05-31 00:00:00');

-- --------------------------------------------------------

--
-- Table structure for table `record_diet_record`
--

DROP TABLE IF EXISTS `record_diet_record`;
CREATE TABLE `record_diet_record` (
  `sid` int(11) NOT NULL,
  `member_sid` int(11) NOT NULL,
  `food_sid` int(11) NOT NULL,
  `quantity` float NOT NULL,
  `diet_time` datetime NOT NULL
) ENGINE=InnoDB DEFAULT CHARSET=utf8mb4;

--
-- Dumping data for table `record_diet_record`
--

INSERT INTO `record_diet_record` (`sid`, `member_sid`, `food_sid`, `quantity`, `diet_time`) VALUES
(1, 1, 19, 0.6, '2023-03-31 00:00:00'),
(3, 1, 14, 3, '2023-03-31 00:00:00'),
(4, 1, 21, 0.7, '2023-01-31 00:00:00'),
(5, 1, 13, 0.2, '2023-04-30 00:00:00'),
(6, 1, 31, 2.7, '2023-02-28 00:00:00'),
(7, 1, 11, 1.8, '2023-01-31 00:00:00'),
(8, 1, 14, 2.1, '2023-04-30 00:00:00'),
(9, 1, 26, 2.2, '2023-01-31 00:00:00'),
(10, 1, 14, 2.2, '2023-03-31 00:00:00'),
(11, 1, 21, 1.7, '2023-03-31 00:00:00'),
(12, 1, 29, 0.3, '2023-02-28 00:00:00'),
(13, 1, 23, 1.5, '2023-03-31 00:00:00'),
(14, 1, 15, 2.4, '2023-01-31 00:00:00'),
(15, 1, 18, 2.1, '2023-04-30 00:00:00'),
(16, 2, 13, 0.7, '2023-03-31 00:00:00'),
(17, 2, 15, 2.3, '2023-02-28 00:00:00'),
(18, 2, 30, 1.7, '2023-04-30 00:00:00'),
(19, 2, 17, 0.8, '2023-02-28 00:00:00'),
(20, 2, 11, 1.8, '2023-03-31 00:00:00'),
(21, 2, 24, 0.7, '2023-03-31 00:00:00'),
(23, 2, 13, 1.5, '2023-03-31 00:00:00'),
(24, 2, 11, 1.6, '2023-03-31 00:00:00'),
(25, 2, 29, 3, '2023-04-30 00:00:00'),
(26, 2, 24, 1.1, '2023-02-28 00:00:00'),
(27, 2, 15, 2.4, '2023-04-30 00:00:00'),
(28, 2, 22, 2, '2023-01-31 00:00:00'),
(29, 2, 17, 1.8, '2023-04-30 00:00:00'),
(30, 2, 13, 1, '2023-03-31 00:00:00'),
(31, 2, 22, 2.1, '2023-03-31 00:00:00'),
(32, 2, 22, 0.4, '2023-04-30 00:00:00'),
(33, 2, 25, 1.7, '2023-04-30 00:00:00'),
(34, 2, 28, 0.6, '2023-03-31 00:00:00'),
(35, 2, 12, 0.5, '2023-05-31 00:00:00'),
(36, 2, 28, 1.4, '2023-02-28 00:00:00'),
(37, 2, 15, 2.7, '2023-05-31 00:00:00'),
(38, 2, 19, 1.8, '2023-03-31 00:00:00'),
(39, 2, 25, 2, '2023-02-28 00:00:00'),
(40, 2, 17, 3, '2023-01-31 00:00:00'),
(41, 2, 20, 1.9, '2023-01-31 00:00:00'),
(42, 2, 14, 1, '2023-05-31 00:00:00'),
(43, 2, 12, 2.2, '2023-04-30 00:00:00'),
(44, 2, 19, 0.7, '2023-03-31 00:00:00'),
(45, 2, 12, 0.8, '2023-02-28 00:00:00'),
(46, 2, 31, 1.3, '2023-05-31 00:00:00'),
(47, 2, 12, 0.7, '2023-04-30 00:00:00'),
(48, 2, 18, 2, '2023-02-28 00:00:00'),
(49, 2, 20, 1.1, '2023-03-31 00:00:00'),
(50, 2, 15, 1.7, '2023-02-28 00:00:00'),
(51, 2, 21, 1.2, '2023-04-30 00:00:00'),
(52, 2, 29, 1, '2023-04-30 00:00:00'),
(53, 2, 23, 1.3, '2023-04-30 00:00:00'),
(54, 2, 20, 2.2, '2023-01-31 00:00:00'),
(55, 2, 25, 2.3, '2023-02-28 00:00:00'),
(56, 2, 29, 2.6, '2023-04-30 00:00:00'),
(57, 2, 12, 0.5, '2023-01-31 00:00:00'),
(58, 2, 30, 2.3, '2023-03-31 00:00:00'),
(59, 2, 28, 1.6, '2023-02-28 00:00:00'),
(60, 2, 26, 0.6, '2023-01-31 00:00:00'),
(61, 2, 29, 1.9, '2023-04-30 00:00:00'),
(62, 2, 11, 1.1, '2023-01-31 00:00:00'),
(63, 2, 26, 2.5, '2023-03-31 00:00:00'),
(64, 2, 13, 1.6, '2023-03-31 00:00:00'),
(65, 2, 19, 1.5, '2023-04-30 00:00:00'),
(66, 2, 29, 0.1, '2023-01-31 00:00:00'),
(67, 2, 23, 0.8, '2023-02-28 00:00:00'),
(68, 2, 29, 3, '2023-02-28 00:00:00'),
(69, 1, 23, 1, '2023-03-31 00:00:00'),
(70, 1, 23, 2.1, '2023-03-31 00:00:00'),
(71, 1, 31, 0.5, '2023-01-31 00:00:00'),
(73, 1, 12, 0.1, '2023-03-31 00:00:00'),
(74, 1, 25, 1.8, '2023-02-28 00:00:00'),
(75, 1, 23, 2.4, '2023-02-28 00:00:00'),
(76, 1, 19, 0.6, '2023-03-31 00:00:00'),
(77, 1, 13, 2, '2023-01-31 00:00:00'),
(78, 1, 21, 0.2, '2023-02-28 00:00:00'),
(79, 1, 15, 1.1, '2023-02-28 00:00:00'),
(80, 1, 20, 2.7, '2023-03-31 00:00:00'),
(81, 1, 28, 1.2, '2023-01-31 00:00:00'),
(82, 1, 24, 0.8, '2023-04-30 00:00:00'),
(83, 1, 18, 2, '2023-02-28 00:00:00'),
(84, 1, 20, 0.7, '2023-01-31 00:00:00'),
(86, 1, 18, 0.1, '2023-03-31 00:00:00'),
(87, 1, 17, 0.6, '2023-02-28 00:00:00'),
(88, 1, 17, 1.3, '2023-01-31 00:00:00'),
(89, 1, 15, 0.9, '2023-03-31 00:00:00'),
(90, 1, 12, 1.8, '2023-04-30 00:00:00'),
(91, 1, 17, 1, '2023-03-31 00:00:00'),
(92, 1, 11, 22, '2023-05-16 07:27:09'),
(93, 5, 17, 0.9, '2023-02-28 00:00:00'),
(94, 5, 26, 1.9, '2023-02-28 00:00:00'),
(95, 10, 31, 1.7, '2023-03-31 00:00:00'),
(96, 3, 14, 1.4, '2023-04-30 00:00:00'),
(97, 9, 13, 0.3, '2023-04-30 00:00:00'),
(98, 1, 26, 1.2, '2023-04-30 00:00:00'),
(99, 4, 26, 1.1, '2023-04-30 00:00:00'),
(100, 10, 11, 1.3, '2023-01-31 00:00:00'),
(101, 6, 20, 2.1, '2023-03-31 00:00:00'),
(102, 3, 31, 1.7, '2023-01-31 00:00:00'),
(103, 10, 14, 1.7, '2023-03-31 00:00:00'),
(104, 7, 24, 0.5, '2023-01-31 00:00:00'),
(105, 9, 22, 2.4, '2023-02-28 00:00:00'),
(106, 10, 18, 0.1, '2023-02-28 00:00:00'),
(107, 5, 14, 2.1, '2023-04-30 00:00:00'),
(108, 5, 13, 2.8, '2023-03-31 00:00:00'),
(109, 3, 25, 1.2, '2023-02-28 00:00:00'),
(110, 10, 25, 2.5, '2023-04-30 00:00:00'),
(111, 8, 31, 2.6, '2023-05-31 00:00:00'),
(112, 2, 24, 0.1, '2023-02-28 00:00:00'),
(113, 9, 21, 2.3, '2023-04-30 00:00:00'),
(114, 10, 28, 0.9, '2023-01-31 00:00:00'),
(115, 1, 15, 0.7, '2023-02-28 00:00:00'),
(116, 3, 21, 2.3, '2023-02-28 00:00:00'),
(117, 7, 17, 0.5, '2023-04-30 00:00:00'),
(118, 9, 19, 1.2, '2023-02-28 00:00:00'),
(119, 7, 28, 0.2, '2023-03-31 00:00:00'),
(120, 8, 26, 2.9, '2023-02-28 00:00:00'),
(121, 4, 24, 1.4, '2023-02-28 00:00:00'),
(122, 10, 29, 2.8, '2023-03-31 00:00:00'),
(123, 3, 11, 1, '2023-04-30 00:00:00'),
(124, 2, 22, 0.9, '2023-04-30 00:00:00'),
(125, 2, 19, 1, '2023-04-30 00:00:00'),
(126, 5, 22, 2.6, '2023-02-28 00:00:00'),
(127, 8, 13, 1.7, '2023-02-28 00:00:00'),
(128, 10, 26, 1.8, '2023-04-30 00:00:00'),
(129, 1, 15, 2.4, '2023-01-31 00:00:00'),
(130, 6, 23, 0.3, '2023-01-31 00:00:00'),
(131, 7, 15, 0.6, '2023-04-30 00:00:00'),
(132, 10, 30, 0.7, '2023-04-30 00:00:00'),
(133, 4, 11, 2.6, '2023-01-31 00:00:00'),
(134, 3, 15, 2, '2023-02-28 00:00:00'),
(135, 1, 21, 0.9, '2023-04-30 00:00:00'),
(136, 7, 21, 2.5, '2023-02-28 00:00:00'),
(137, 6, 14, 2, '2023-02-28 00:00:00'),
(138, 10, 12, 2.6, '2023-04-30 00:00:00'),
(139, 9, 26, 2.5, '2023-03-31 00:00:00'),
(140, 4, 11, 2.7, '2023-01-31 00:00:00'),
(141, 10, 12, 1.3, '2023-03-31 00:00:00'),
(142, 6, 18, 1.7, '2023-03-31 00:00:00'),
(143, 7, 13, 1.9, '2023-05-31 00:00:00'),
(144, 9, 14, 1.1, '2023-02-28 00:00:00'),
(145, 1, 15, 1.4, '2023-04-30 00:00:00'),
(146, 2, 29, 1.9, '2023-01-31 00:00:00'),
(147, 9, 14, 1.2, '2023-03-31 00:00:00'),
(148, 10, 25, 1.7, '2023-04-30 00:00:00'),
(149, 7, 19, 0.1, '2023-04-30 00:00:00'),
(150, 7, 22, 2.7, '2023-02-28 00:00:00'),
(151, 1, 22, 2.5, '2023-03-31 00:00:00'),
(152, 2, 24, 0.8, '2023-05-31 00:00:00'),
(153, 10, 21, 2.4, '2023-01-31 00:00:00'),
(154, 3, 23, 1.3, '2023-03-31 00:00:00'),
(155, 1, 29, 1.4, '2023-04-30 00:00:00'),
(156, 6, 19, 0.6, '2023-01-31 00:00:00'),
(157, 2, 22, 2.7, '2023-03-31 00:00:00'),
(158, 8, 30, 2.1, '2023-05-31 00:00:00'),
(159, 2, 20, 0.3, '2023-03-31 00:00:00'),
(160, 6, 19, 2.6, '2023-02-28 00:00:00'),
(161, 3, 28, 0.1, '2023-05-31 00:00:00'),
(162, 10, 18, 0.1, '2023-04-30 00:00:00'),
(163, 3, 19, 1.7, '2023-04-30 00:00:00'),
(164, 1, 26, 2.7, '2023-01-31 00:00:00'),
(165, 3, 15, 1.4, '2023-01-31 00:00:00'),
(166, 1, 29, 2, '2023-01-31 00:00:00'),
(167, 10, 23, 3, '2023-01-31 00:00:00'),
(168, 4, 15, 2.3, '2023-03-31 00:00:00'),
(169, 9, 19, 1.4, '2023-01-31 00:00:00'),
(170, 2, 17, 2.6, '2023-02-28 00:00:00'),
(171, 5, 19, 1.2, '2023-02-28 00:00:00'),
(172, 3, 26, 3, '2023-04-30 00:00:00'),
(173, 5, 18, 2, '2023-03-31 00:00:00'),
(174, 8, 25, 0.9, '2023-04-30 00:00:00'),
(175, 2, 25, 2.2, '2023-04-30 00:00:00'),
(176, 9, 30, 0.7, '2023-02-28 00:00:00'),
(177, 10, 19, 1.5, '2023-03-31 00:00:00'),
(178, 5, 20, 1.8, '2023-03-31 00:00:00'),
(179, 6, 19, 2.9, '2023-02-28 00:00:00'),
(180, 4, 24, 1.9, '2023-04-30 00:00:00'),
(181, 9, 24, 3, '2023-02-28 00:00:00'),
(182, 7, 30, 1.1, '2023-03-31 00:00:00'),
(183, 5, 24, 0.7, '2023-01-31 00:00:00'),
(184, 10, 11, 1.2, '2023-01-31 00:00:00'),
(185, 5, 15, 2.2, '2023-03-31 00:00:00'),
(186, 3, 15, 0.2, '2023-03-31 00:00:00'),
(187, 2, 24, 1.7, '2023-04-30 00:00:00'),
(188, 5, 21, 0.5, '2023-03-31 00:00:00'),
(189, 1, 21, 2.2, '2023-02-28 00:00:00'),
(190, 5, 11, 2.7, '2023-03-31 00:00:00'),
(191, 6, 29, 1.5, '2023-03-31 00:00:00'),
(192, 9, 23, 0.1, '2023-01-31 00:00:00'),
(193, 8, 30, 1.6, '2023-02-28 00:00:00'),
(194, 8, 31, 2, '2023-03-31 00:00:00'),
(195, 8, 15, 0.5, '2023-04-30 00:00:00'),
(196, 8, 14, 2, '2023-02-28 00:00:00'),
(197, 1, 25, 2.9, '2023-04-30 00:00:00'),
(198, 9, 26, 2.3, '2023-05-31 00:00:00'),
(199, 6, 25, 0.8, '2023-04-30 00:00:00'),
(200, 9, 17, 2.2, '2023-01-31 00:00:00'),
(201, 3, 29, 2.6, '2023-02-28 00:00:00'),
(202, 8, 11, 2.8, '2023-01-31 00:00:00'),
(203, 7, 20, 2, '2023-04-30 00:00:00'),
(204, 7, 12, 0.5, '2023-01-31 00:00:00'),
(205, 9, 17, 0.7, '2023-01-31 00:00:00'),
(206, 9, 18, 0.2, '2023-01-31 00:00:00'),
(207, 4, 14, 0.1, '2023-02-28 00:00:00'),
(208, 6, 23, 0.7, '2023-04-30 00:00:00'),
(209, 5, 28, 2.7, '2023-04-30 00:00:00'),
(210, 7, 14, 0.4, '2023-01-31 00:00:00'),
(211, 4, 30, 2, '2023-02-28 00:00:00'),
(212, 5, 13, 2.7, '2023-01-31 00:00:00'),
(213, 3, 11, 0.1, '2023-04-30 00:00:00'),
(214, 8, 23, 2.1, '2023-02-28 00:00:00'),
(215, 1, 13, 1.4, '2023-02-28 00:00:00'),
(216, 9, 13, 2.2, '2023-04-30 00:00:00'),
(217, 3, 11, 2, '2023-03-31 00:00:00'),
(218, 7, 15, 0.8, '2023-03-31 00:00:00'),
(219, 5, 31, 1.2, '2023-04-30 00:00:00'),
(220, 6, 12, 1.2, '2023-02-28 00:00:00'),
(221, 10, 28, 1.4, '2023-01-31 00:00:00'),
(222, 4, 15, 0.4, '2023-01-31 00:00:00'),
(223, 9, 26, 2.6, '2023-02-28 00:00:00'),
(224, 10, 13, 0.7, '2023-02-28 00:00:00'),
(225, 5, 29, 2.4, '2023-01-31 00:00:00'),
(226, 7, 25, 2.9, '2023-03-31 00:00:00'),
(227, 2, 12, 0.2, '2023-01-31 00:00:00'),
(228, 7, 30, 2.4, '2023-05-31 00:00:00'),
(229, 2, 29, 2.5, '2023-04-30 00:00:00'),
(230, 5, 14, 1.1, '2023-04-30 00:00:00'),
(231, 10, 22, 2.3, '2023-04-30 00:00:00'),
(232, 7, 18, 1.6, '2023-04-30 00:00:00'),
(233, 6, 30, 0.7, '2023-01-31 00:00:00'),
(234, 3, 22, 2.4, '2023-02-28 00:00:00'),
(235, 8, 30, 0.4, '2023-02-28 00:00:00'),
(236, 2, 28, 2.1, '2023-01-31 00:00:00'),
(237, 9, 18, 0.7, '2023-01-31 00:00:00'),
(238, 9, 25, 1.4, '2023-02-28 00:00:00'),
(239, 5, 30, 0.5, '2023-02-28 00:00:00'),
(240, 2, 13, 2.3, '2023-04-30 00:00:00'),
(241, 4, 14, 2.9, '2023-04-30 00:00:00'),
(242, 10, 15, 2.5, '2023-03-31 00:00:00'),
(243, 9, 26, 0.3, '2023-04-30 00:00:00'),
(244, 7, 11, 0.8, '2023-02-28 00:00:00'),
(245, 1, 11, 1.6, '2023-01-31 00:00:00'),
(246, 5, 24, 0.4, '2023-03-31 00:00:00'),
(247, 1, 19, 2.7, '2023-02-28 00:00:00'),
(248, 8, 23, 1.8, '2023-04-30 00:00:00'),
(249, 8, 31, 2.8, '2023-05-31 00:00:00'),
(250, 7, 23, 1.4, '2023-05-31 00:00:00'),
(251, 5, 19, 1.2, '2023-02-28 00:00:00'),
(252, 6, 26, 2.2, '2023-01-31 00:00:00'),
(253, 2, 20, 2.9, '2023-05-31 00:00:00'),
(254, 9, 19, 1.1, '2023-01-31 00:00:00'),
(255, 3, 29, 3, '2023-02-28 00:00:00'),
(256, 8, 28, 2.7, '2023-04-30 00:00:00'),
(257, 9, 13, 2.6, '2023-02-28 00:00:00'),
(258, 1, 14, 2.1, '2023-04-30 00:00:00'),
(259, 2, 31, 1.5, '2023-01-31 00:00:00'),
(260, 1, 22, 2.9, '2023-05-31 00:00:00'),
(261, 3, 20, 0.1, '2023-05-31 00:00:00'),
(262, 8, 22, 1.9, '2023-05-31 00:00:00'),
(263, 6, 23, 1.2, '2023-02-28 00:00:00'),
(264, 5, 26, 2.1, '2023-03-31 00:00:00'),
(265, 2, 17, 1.3, '2023-03-31 00:00:00'),
(266, 10, 18, 0.3, '2023-04-30 00:00:00'),
(267, 1, 20, 1.5, '2023-02-28 00:00:00'),
(268, 6, 14, 1.3, '2023-03-31 00:00:00'),
(269, 6, 24, 3, '2023-02-28 00:00:00'),
(270, 6, 17, 1.5, '2023-02-28 00:00:00'),
(271, 1, 26, 2.8, '2023-01-31 00:00:00'),
(272, 1, 19, 1.4, '2023-02-28 00:00:00'),
(273, 4, 14, 2, '2023-03-31 00:00:00'),
(274, 1, 13, 0.3, '2023-01-31 00:00:00'),
(275, 3, 20, 0.3, '2023-01-31 00:00:00'),
(276, 7, 30, 1.5, '2023-04-30 00:00:00'),
(277, 1, 22, 2.2, '2023-04-30 00:00:00'),
(278, 9, 12, 0.5, '2023-01-31 00:00:00'),
(279, 8, 17, 1, '2023-05-31 00:00:00'),
(280, 6, 11, 2.8, '2023-02-28 00:00:00'),
(281, 4, 22, 0.2, '2023-02-28 00:00:00'),
(282, 1, 17, 2.8, '2023-03-31 00:00:00'),
(283, 3, 30, 0.1, '2023-01-31 00:00:00'),
(284, 1, 21, 1.3, '2023-04-30 00:00:00'),
(285, 3, 30, 0.2, '2023-03-31 00:00:00'),
(286, 3, 18, 0.1, '2023-04-30 00:00:00'),
(287, 8, 11, 0.3, '2023-04-30 00:00:00'),
(288, 6, 12, 2.3, '2023-02-28 00:00:00'),
(289, 2, 21, 1.4, '2023-01-31 00:00:00'),
(290, 6, 21, 1.2, '2023-05-31 00:00:00'),
(291, 8, 14, 1.4, '2023-04-30 00:00:00'),
(292, 1, 25, 1.1, '2023-03-31 00:00:00');

-- --------------------------------------------------------

--
-- Stand-in structure for view `record_diet_ref`
-- (See below for the actual view)
--
DROP VIEW IF EXISTS `record_diet_ref`;
CREATE TABLE `record_diet_ref` (
`sid` int(11)
,`name` varchar(255)
,`food_type` varchar(255)
,`quantity` float
,`diet_time` datetime
);

-- --------------------------------------------------------

--
-- Table structure for table `record_exercise_record`
--

DROP TABLE IF EXISTS `record_exercise_record`;
CREATE TABLE `record_exercise_record` (
  `sid` int(11) NOT NULL,
  `member_sid` int(11) NOT NULL,
  `exe_type_sid` int(11) NOT NULL,
  `weight` float NOT NULL,
  `sets` int(11) NOT NULL,
  `reps` int(11) NOT NULL,
  `exe_date` datetime NOT NULL
) ENGINE=InnoDB DEFAULT CHARSET=utf8mb4;

--
-- Dumping data for table `record_exercise_record`
--

INSERT INTO `record_exercise_record` (`sid`, `member_sid`, `exe_type_sid`, `weight`, `sets`, `reps`, `exe_date`) VALUES
(1, 1, 4, 12.1, 2, 4, '2023-04-30 00:00:00'),
(2, 1, 11, 43.7, 1, 4, '2023-01-31 00:00:00'),
(3, 1, 12, 38.5, 6, 5, '2023-03-31 00:00:00'),
(4, 1, 14, 24.7, 4, 11, '2023-01-31 00:00:00'),
(5, 1, 21, 21.2, 2, 6, '2023-02-28 00:00:00'),
(6, 1, 21, 29.6, 3, 8, '2023-03-31 00:00:00'),
(8, 1, 20, 10.2, 1, 6, '2023-04-30 00:00:00'),
(9, 1, 18, 38, 3, 10, '2023-02-28 00:00:00'),
(10, 1, 22, 36.5, 1, 5, '2023-02-28 00:00:00'),
(12, 1, 4, 23.7, 6, 10, '2023-04-30 00:00:00'),
(13, 1, 8, 37.8, 1, 5, '2023-01-31 00:00:00'),
(14, 1, 21, 34.2, 6, 12, '2023-02-28 00:00:00'),
(15, 1, 3, 38.1, 5, 5, '2023-03-31 00:00:00'),
(16, 2, 13, 41.4, 5, 6, '2023-02-28 00:00:00'),
(17, 2, 3, 16.5, 1, 11, '2023-03-31 00:00:00'),
(18, 2, 4, 26.8, 1, 11, '2023-02-28 00:00:00'),
(19, 2, 20, 27.5, 6, 15, '2023-01-31 00:00:00'),
(20, 2, 19, 32.1, 5, 4, '2023-02-28 00:00:00'),
(21, 2, 8, 56.7, 1, 13, '2023-04-30 00:00:00'),
(22, 2, 20, 26.2, 4, 13, '2023-04-30 00:00:00'),
(23, 2, 14, 49.3, 5, 15, '2023-01-31 00:00:00'),
(24, 2, 8, 46.7, 1, 7, '2023-05-31 00:00:00'),
(25, 2, 11, 16.8, 5, 12, '2023-01-31 00:00:00'),
(26, 2, 5, 45.5, 2, 12, '2023-03-31 00:00:00'),
(27, 2, 12, 29.3, 2, 6, '2023-02-28 00:00:00'),
(28, 2, 17, 18.7, 4, 11, '2023-04-30 00:00:00'),
(29, 2, 22, 23.4, 3, 5, '2023-02-28 00:00:00'),
(30, 2, 19, 15.2, 5, 7, '2023-03-31 00:00:00'),
(31, 2, 8, 57.9, 2, 11, '2023-01-31 00:00:00'),
(32, 2, 20, 24.6, 3, 11, '2023-02-28 00:00:00'),
(33, 2, 14, 43.9, 5, 8, '2023-02-28 00:00:00'),
(34, 2, 9, 17.7, 2, 7, '2023-03-31 00:00:00'),
(35, 2, 2, 53.3, 2, 8, '2023-01-31 00:00:00'),
(36, 2, 1, 22.3, 5, 6, '2023-02-28 00:00:00'),
(37, 2, 19, 44, 1, 4, '2023-01-31 00:00:00'),
(38, 2, 11, 52.7, 4, 8, '2023-03-31 00:00:00'),
(39, 2, 2, 31, 2, 4, '2023-05-31 00:00:00'),
(40, 2, 17, 46.6, 1, 8, '2023-04-30 00:00:00'),
(41, 2, 16, 47.8, 5, 4, '2023-01-31 00:00:00'),
(42, 2, 12, 30.7, 2, 15, '2023-02-28 00:00:00'),
(43, 2, 2, 23.1, 2, 7, '2023-03-31 00:00:00'),
(44, 2, 11, 58.1, 1, 13, '2023-03-31 00:00:00'),
(45, 2, 22, 20.1, 6, 11, '2023-02-28 00:00:00'),
(46, 3, 22, 29.7, 5, 5, '2023-02-28 00:00:00'),
(47, 3, 11, 38.9, 6, 11, '2023-01-31 00:00:00'),
(48, 3, 12, 14, 3, 12, '2023-02-28 00:00:00'),
(49, 3, 14, 15, 1, 13, '2023-04-30 00:00:00'),
(50, 3, 15, 51.1, 5, 4, '2023-04-30 00:00:00'),
(52, 3, 15, 47.8, 1, 14, '2023-04-30 00:00:00'),
(53, 3, 8, 56.4, 3, 15, '2023-04-30 00:00:00'),
(54, 3, 22, 38, 1, 7, '2023-04-30 00:00:00'),
(55, 3, 19, 15.4, 5, 9, '2023-01-31 00:00:00'),
(56, 3, 11, 47.9, 5, 9, '2023-02-28 00:00:00'),
(57, 3, 9, 57.8, 6, 4, '2023-04-30 00:00:00'),
(59, 3, 19, 37, 6, 15, '2023-05-18 02:09:14'),
(60, 4, 21, 53.2, 4, 7, '2023-02-28 00:00:00'),
(61, 1, 19, 34.3, 1, 6, '2023-03-31 00:00:00'),
(62, 7, 7, 16.3, 4, 12, '2023-05-31 00:00:00'),
(63, 4, 6, 14.3, 2, 14, '2023-05-31 00:00:00'),
(64, 1, 18, 12.9, 6, 12, '2023-05-31 00:00:00'),
(65, 2, 17, 47.1, 2, 8, '2023-01-31 00:00:00'),
(66, 7, 1, 12.2, 3, 15, '2023-04-30 00:00:00'),
(67, 8, 5, 48.5, 2, 13, '2023-01-31 00:00:00'),
(68, 7, 6, 25.8, 1, 6, '2023-02-28 00:00:00'),
(69, 2, 18, 31.5, 1, 6, '2023-02-28 00:00:00'),
(70, 1, 13, 18.7, 4, 11, '2023-03-31 00:00:00'),
(71, 4, 2, 22.3, 1, 13, '2023-04-30 00:00:00'),
(72, 10, 4, 46.3, 5, 7, '2023-01-31 00:00:00'),
(73, 3, 5, 44.2, 3, 15, '2023-05-31 00:00:00'),
(74, 9, 5, 29.7, 5, 13, '2023-04-30 00:00:00'),
(75, 3, 12, 36, 3, 6, '2023-03-31 00:00:00'),
(76, 5, 21, 12.9, 3, 10, '2023-04-30 00:00:00'),
(77, 8, 19, 18.1, 5, 10, '2023-02-28 00:00:00'),
(78, 10, 6, 47, 3, 4, '2023-04-30 00:00:00'),
(79, 1, 4, 53.7, 5, 8, '2023-02-28 00:00:00'),
(80, 2, 2, 54.9, 4, 9, '2023-02-28 00:00:00'),
(81, 2, 10, 21.1, 4, 5, '2023-04-30 00:00:00'),
(82, 5, 12, 52.6, 1, 14, '2023-01-31 00:00:00'),
(83, 8, 3, 30.2, 2, 8, '2023-04-30 00:00:00'),
(84, 6, 22, 28.3, 5, 9, '2023-03-31 00:00:00'),
(85, 8, 1, 40.8, 6, 9, '2023-04-30 00:00:00'),
(86, 9, 4, 18.6, 5, 11, '2023-02-28 00:00:00'),
(87, 9, 12, 22.6, 2, 7, '2023-02-28 00:00:00'),
(88, 5, 18, 50.6, 3, 8, '2023-04-30 00:00:00'),
(89, 6, 15, 43.8, 3, 6, '2023-05-31 00:00:00'),
(90, 2, 9, 29.1, 4, 6, '2023-02-28 00:00:00'),
(91, 4, 10, 47.2, 4, 15, '2023-03-31 00:00:00'),
(92, 1, 2, 38.4, 3, 11, '2023-03-31 00:00:00'),
(93, 1, 17, 25.2, 3, 5, '2023-02-28 00:00:00'),
(94, 6, 15, 35.3, 3, 11, '2023-05-31 00:00:00'),
(95, 10, 17, 50.6, 2, 5, '2023-04-30 00:00:00'),
(96, 6, 5, 48, 5, 9, '2023-01-31 00:00:00'),
(97, 1, 2, 58.3, 2, 6, '2023-04-30 00:00:00'),
(98, 1, 17, 58.1, 2, 5, '2023-04-30 00:00:00'),
(99, 9, 2, 24.2, 3, 5, '2023-02-28 00:00:00'),
(100, 10, 20, 27.6, 3, 10, '2023-01-31 00:00:00'),
(101, 9, 17, 47.8, 4, 8, '2023-03-31 00:00:00'),
(102, 6, 5, 51.5, 4, 9, '2023-04-30 00:00:00'),
(103, 1, 17, 28.5, 1, 7, '2023-03-31 00:00:00'),
(104, 10, 10, 13.3, 5, 10, '2023-03-31 00:00:00'),
(105, 7, 11, 55.8, 5, 7, '2023-04-30 00:00:00'),
(106, 9, 2, 37.9, 4, 11, '2023-05-31 00:00:00'),
(107, 7, 9, 49.1, 2, 14, '2023-01-31 00:00:00'),
(108, 7, 11, 33.2, 4, 11, '2023-03-31 00:00:00'),
(109, 3, 17, 40.4, 4, 6, '2023-01-31 00:00:00'),
(110, 6, 2, 42.9, 1, 9, '2023-02-28 00:00:00'),
(111, 5, 7, 26.7, 4, 9, '2023-01-31 00:00:00'),
(112, 10, 8, 23.1, 6, 4, '2023-05-31 00:00:00'),
(113, 1, 10, 56.5, 6, 11, '2023-05-31 00:00:00'),
(114, 1, 14, 34.1, 3, 8, '2023-03-31 00:00:00'),
(115, 2, 18, 47.4, 5, 5, '2023-02-28 00:00:00'),
(116, 9, 4, 13.8, 5, 14, '2023-04-30 00:00:00'),
(117, 3, 9, 25.4, 2, 4, '2023-01-31 00:00:00'),
(118, 6, 21, 14.1, 4, 6, '2023-02-28 00:00:00'),
(119, 5, 15, 34.8, 1, 4, '2023-04-30 00:00:00'),
(120, 5, 11, 58.5, 5, 15, '2023-02-28 00:00:00'),
(121, 4, 2, 53, 4, 14, '2023-02-28 00:00:00'),
(122, 7, 15, 27.7, 2, 15, '2023-01-31 00:00:00'),
(123, 10, 2, 58.1, 1, 4, '2023-04-30 00:00:00'),
(124, 7, 15, 25.8, 1, 13, '2023-02-28 00:00:00'),
(125, 8, 8, 23, 6, 12, '2023-01-31 00:00:00'),
(126, 8, 1, 45.9, 4, 10, '2023-04-30 00:00:00'),
(127, 8, 17, 29.3, 6, 5, '2023-01-31 00:00:00'),
(128, 9, 5, 56, 3, 8, '2023-04-30 00:00:00'),
(129, 5, 2, 57.9, 3, 9, '2023-01-31 00:00:00'),
(130, 1, 6, 44.7, 4, 10, '2023-03-31 00:00:00'),
(131, 2, 12, 20.8, 4, 13, '2023-02-28 00:00:00'),
(132, 2, 13, 51.8, 6, 8, '2023-01-31 00:00:00'),
(133, 8, 11, 37, 6, 4, '2023-03-31 00:00:00'),
(134, 3, 2, 48.8, 3, 4, '2023-03-31 00:00:00'),
(135, 3, 16, 40, 6, 15, '2023-02-28 00:00:00'),
(136, 4, 6, 24.8, 4, 6, '2023-04-30 00:00:00'),
(137, 8, 7, 25.6, 1, 11, '2023-01-31 00:00:00'),
(138, 5, 1, 38.7, 4, 4, '2023-01-31 00:00:00'),
(139, 2, 9, 43.8, 3, 14, '2023-01-31 00:00:00'),
(140, 3, 16, 15.7, 6, 7, '2023-03-31 00:00:00'),
(141, 3, 16, 19.5, 1, 13, '2023-02-28 00:00:00'),
(142, 3, 3, 58.3, 2, 11, '2023-01-31 00:00:00'),
(143, 3, 7, 31.1, 3, 15, '2023-04-30 00:00:00'),
(144, 4, 2, 49.4, 5, 11, '2023-02-28 00:00:00'),
(145, 8, 21, 14.4, 2, 10, '2023-01-31 00:00:00'),
(146, 1, 16, 15.4, 6, 12, '2023-01-31 00:00:00'),
(147, 6, 22, 33.4, 1, 7, '2023-02-28 00:00:00'),
(148, 5, 5, 38.1, 6, 4, '2023-01-31 00:00:00'),
(149, 9, 5, 53.2, 1, 7, '2023-03-31 00:00:00'),
(150, 10, 9, 34.7, 2, 9, '2023-02-28 00:00:00'),
(151, 1, 5, 56.5, 5, 15, '2023-04-30 00:00:00'),
(152, 7, 3, 28.2, 1, 7, '2023-04-30 00:00:00'),
(153, 10, 13, 39.8, 5, 13, '2023-02-28 00:00:00'),
(154, 1, 14, 52.2, 5, 9, '2023-02-28 00:00:00'),
(155, 7, 10, 30.2, 6, 9, '2023-03-31 00:00:00'),
(156, 3, 2, 24.8, 2, 10, '2023-03-31 00:00:00'),
(157, 5, 1, 47.7, 4, 5, '2023-02-28 00:00:00'),
(158, 1, 1, 41.2, 3, 4, '2023-04-30 00:00:00'),
(159, 3, 8, 55.3, 1, 11, '2023-02-28 00:00:00'),
(160, 3, 7, 23.9, 5, 6, '2023-03-31 00:00:00'),
(161, 3, 18, 44.3, 2, 15, '2023-01-31 00:00:00'),
(162, 2, 10, 50.1, 4, 11, '2023-02-28 00:00:00'),
(163, 6, 11, 51.5, 5, 9, '2023-01-31 00:00:00'),
(164, 7, 15, 44.4, 6, 10, '2023-03-31 00:00:00'),
(165, 6, 8, 59, 6, 9, '2023-01-31 00:00:00'),
(166, 1, 10, 38, 6, 8, '2023-02-28 00:00:00'),
(167, 1, 16, 31.4, 4, 13, '2023-03-31 00:00:00'),
(168, 7, 7, 39.3, 3, 6, '2023-01-31 00:00:00'),
(169, 9, 8, 39, 2, 8, '2023-01-31 00:00:00'),
(170, 7, 10, 35, 4, 9, '2023-02-28 00:00:00'),
(171, 4, 13, 22.1, 6, 6, '2023-02-28 00:00:00'),
(172, 10, 16, 51.7, 5, 13, '2023-03-31 00:00:00'),
(173, 1, 8, 50.2, 4, 11, '2023-04-30 00:00:00'),
(174, 5, 12, 34.5, 1, 13, '2023-04-30 00:00:00'),
(175, 9, 11, 14.7, 2, 6, '2023-01-31 00:00:00'),
(176, 2, 11, 30.7, 4, 12, '2023-04-30 00:00:00'),
(177, 1, 14, 24.6, 2, 15, '2023-01-31 00:00:00'),
(178, 5, 12, 45, 3, 13, '2023-01-31 00:00:00'),
(179, 9, 15, 58.1, 1, 8, '2023-02-28 00:00:00'),
(180, 4, 10, 27.3, 3, 10, '2023-02-28 00:00:00'),
(181, 2, 6, 23, 6, 15, '2023-03-31 00:00:00'),
(182, 2, 11, 56.9, 4, 15, '2023-03-31 00:00:00'),
(183, 3, 2, 35, 6, 10, '2023-03-31 00:00:00'),
(184, 7, 21, 46, 3, 14, '2023-01-31 00:00:00'),
(185, 8, 1, 38.9, 6, 13, '2023-04-30 00:00:00'),
(186, 3, 20, 39.8, 4, 7, '2023-05-31 00:00:00'),
(187, 10, 12, 20.5, 5, 15, '2023-03-31 00:00:00'),
(188, 2, 15, 57.7, 5, 4, '2023-02-28 00:00:00'),
(189, 10, 12, 24.6, 6, 5, '2023-03-31 00:00:00'),
(190, 9, 10, 37.1, 5, 10, '2023-02-28 00:00:00'),
(191, 1, 18, 13.2, 3, 9, '2023-03-31 00:00:00'),
(192, 8, 4, 47.1, 4, 6, '2023-03-31 00:00:00'),
(193, 6, 9, 50.2, 1, 10, '2023-04-30 00:00:00'),
(194, 10, 5, 24.5, 3, 4, '2023-02-28 00:00:00'),
(195, 7, 14, 20.7, 4, 14, '2023-04-30 00:00:00'),
(196, 6, 18, 15.6, 4, 11, '2023-01-31 00:00:00'),
(197, 10, 5, 18.2, 3, 14, '2023-01-31 00:00:00'),
(198, 8, 6, 29, 3, 8, '2023-01-31 00:00:00'),
(199, 2, 12, 35.2, 1, 9, '2023-03-31 00:00:00'),
(200, 7, 9, 37.9, 5, 4, '2023-04-30 00:00:00'),
(201, 8, 1, 20.2, 1, 5, '2023-03-31 00:00:00'),
(202, 3, 18, 16.9, 1, 6, '2023-03-31 00:00:00'),
(203, 10, 14, 49.5, 5, 12, '2023-01-31 00:00:00'),
(204, 9, 12, 48.8, 3, 10, '2023-04-30 00:00:00'),
(205, 9, 9, 13.9, 1, 9, '2023-01-31 00:00:00'),
(206, 8, 6, 29.4, 6, 7, '2023-03-31 00:00:00'),
(207, 6, 3, 29.1, 4, 10, '2023-02-28 00:00:00'),
(208, 10, 13, 54, 5, 14, '2023-03-31 00:00:00'),
(209, 2, 18, 40.5, 2, 4, '2023-04-30 00:00:00'),
(210, 4, 9, 15.3, 3, 10, '2023-04-30 00:00:00'),
(211, 5, 19, 24.3, 3, 15, '2023-03-31 00:00:00'),
(212, 7, 16, 50.1, 4, 9, '2023-03-31 00:00:00'),
(213, 8, 2, 13.8, 1, 6, '2023-03-31 00:00:00'),
(214, 8, 1, 33.5, 2, 9, '2023-03-31 00:00:00'),
(215, 10, 15, 16.8, 4, 6, '2023-04-30 00:00:00'),
(216, 1, 11, 30.9, 6, 5, '2023-02-28 00:00:00'),
(217, 2, 8, 31.5, 2, 9, '2023-05-31 00:00:00'),
(218, 7, 13, 44.8, 5, 11, '2023-03-31 00:00:00'),
(219, 2, 22, 16.5, 5, 11, '2023-01-31 00:00:00'),
(220, 10, 10, 12.8, 2, 8, '2023-02-28 00:00:00'),
(221, 3, 14, 31.6, 3, 9, '2023-01-31 00:00:00'),
(222, 3, 15, 44.8, 3, 5, '2023-05-31 00:00:00'),
(223, 4, 15, 19.8, 1, 15, '2023-02-28 00:00:00'),
(224, 4, 22, 54.7, 3, 10, '2023-03-31 00:00:00'),
(225, 8, 3, 18.8, 3, 15, '2023-04-30 00:00:00'),
(226, 3, 10, 22, 2, 11, '2023-02-28 00:00:00'),
(227, 4, 13, 17.4, 4, 10, '2023-04-30 00:00:00'),
(228, 6, 15, 23, 1, 13, '2023-01-31 00:00:00'),
(229, 1, 3, 49.1, 4, 13, '2023-03-31 00:00:00'),
(230, 9, 10, 49, 6, 7, '2023-02-28 00:00:00'),
(231, 7, 18, 39.4, 5, 6, '2023-04-30 00:00:00'),
(232, 6, 11, 45.3, 3, 13, '2023-01-31 00:00:00'),
(233, 9, 4, 48, 2, 8, '2023-01-31 00:00:00'),
(234, 8, 20, 26, 6, 4, '2023-04-30 00:00:00'),
(235, 10, 17, 30.6, 3, 7, '2023-01-31 00:00:00'),
(236, 5, 15, 47, 6, 9, '2023-01-31 00:00:00'),
(237, 2, 18, 21.2, 1, 12, '2023-05-31 00:00:00'),
(238, 8, 6, 45.6, 3, 5, '2023-01-31 00:00:00'),
(239, 6, 8, 17.9, 2, 6, '2023-04-30 00:00:00'),
(240, 10, 13, 40.9, 2, 12, '2023-04-30 00:00:00'),
(241, 4, 16, 40.2, 1, 14, '2023-03-31 00:00:00'),
(242, 9, 8, 15.8, 2, 14, '2023-04-30 00:00:00'),
(243, 3, 2, 33.4, 4, 7, '2023-04-30 00:00:00'),
(244, 4, 3, 59.4, 2, 6, '2023-01-31 00:00:00'),
(245, 4, 15, 45.3, 2, 12, '2023-01-31 00:00:00'),
(246, 9, 8, 17.8, 1, 10, '2023-01-31 00:00:00'),
(247, 9, 12, 46.5, 2, 8, '2023-04-30 00:00:00'),
(248, 6, 6, 56.7, 3, 10, '2023-04-30 00:00:00'),
(249, 5, 10, 18.3, 6, 6, '2023-04-30 00:00:00'),
(250, 9, 15, 22.7, 4, 15, '2023-04-30 00:00:00'),
(251, 8, 6, 54.6, 1, 13, '2023-03-31 00:00:00'),
(252, 2, 13, 23.7, 6, 6, '2023-05-31 00:00:00'),
(253, 4, 14, 22.2, 3, 12, '2023-04-30 00:00:00'),
(254, 3, 6, 51.1, 3, 6, '2023-01-31 00:00:00'),
(255, 7, 5, 19.3, 5, 6, '2023-02-28 00:00:00'),
(256, 5, 13, 39.6, 5, 10, '2023-01-31 00:00:00'),
(257, 5, 17, 25.6, 2, 10, '2023-04-30 00:00:00'),
(258, 5, 9, 21.4, 6, 11, '2023-03-31 00:00:00'),
(259, 7, 21, 35.7, 2, 12, '2023-01-31 00:00:00'),
(420, 3, 17, 20.2, 5, 15, '2023-07-07 00:00:00'),
(421, 5, 2, 26.4, 4, 4, '2023-07-05 00:00:00'),
(435, 3, 21, 49.5, 1, 14, '2023-07-04 00:00:00'),
(438, 3, 20, 39.5, 4, 7, '2023-07-04 00:00:00'),
(440, 4, 7, 22.3, 1, 10, '2023-07-21 00:00:00'),
(441, 3, 12, 49.3, 5, 6, '2023-08-03 00:00:00'),
(443, 3, 14, 34.4, 1, 9, '2023-08-04 00:00:00'),
(445, 4, 3, 53.4, 1, 10, '2023-07-03 00:00:00'),
(446, 4, 9, 25.6, 6, 11, '2023-07-27 00:00:00'),
(447, 4, 15, 51.7, 6, 10, '2023-08-06 00:00:00'),
(448, 4, 7, 41.2, 2, 11, '2023-07-14 00:00:00'),
(449, 4, 16, 58.8, 4, 12, '2023-07-27 00:00:00'),
(451, 5, 22, 17.8, 4, 5, '2023-08-08 00:00:00'),
(452, 3, 21, 36.5, 1, 6, '2023-08-05 00:00:00'),
(453, 5, 9, 47.1, 2, 10, '2023-08-03 00:00:00'),
(454, 4, 10, 36.9, 3, 7, '2023-08-08 00:00:00'),
(455, 5, 21, 15.1, 5, 15, '2023-07-09 00:00:00'),
(456, 3, 13, 21.7, 3, 11, '2023-07-15 00:00:00'),
(457, 5, 7, 27.3, 1, 4, '2023-08-03 00:00:00'),
(458, 4, 18, 23.3, 1, 5, '2023-07-12 00:00:00'),
(459, 3, 17, 47.8, 1, 11, '2023-08-01 00:00:00'),
(460, 5, 11, 59.7, 6, 9, '2023-08-09 00:00:00'),
(461, 5, 5, 55, 5, 13, '2023-07-17 00:00:00'),
(462, 5, 11, 16.8, 2, 5, '2023-07-30 00:00:00'),
(463, 3, 12, 26.7, 5, 10, '2023-07-28 00:00:00'),
(464, 3, 4, 16.7, 1, 9, '2023-07-06 00:00:00'),
(466, 4, 11, 50.1, 1, 12, '2023-07-09 00:00:00'),
(467, 4, 11, 56, 2, 8, '2023-08-06 00:00:00'),
(468, 5, 5, 42.1, 1, 4, '2023-07-28 00:00:00'),
(470, 5, 7, 12.5, 5, 11, '2023-08-08 00:00:00'),
(471, 3, 18, 26.8, 5, 5, '2023-07-30 00:00:00'),
(472, 4, 4, 16.6, 2, 4, '2023-07-27 00:00:00'),
(473, 4, 15, 14.8, 2, 9, '2023-07-22 00:00:00'),
(474, 4, 14, 36.6, 1, 10, '2023-07-05 00:00:00'),
(475, 4, 20, 47.1, 3, 12, '2023-08-11 00:00:00'),
(476, 5, 19, 29.2, 3, 12, '2023-07-17 00:00:00'),
(477, 4, 6, 16.4, 2, 13, '2023-07-28 00:00:00'),
(478, 5, 19, 49.7, 6, 8, '2023-07-24 00:00:00'),
(479, 5, 12, 48.9, 3, 8, '2023-07-24 00:00:00'),
(480, 3, 8, 33.3, 1, 10, '2023-07-28 00:00:00'),
(481, 3, 11, 13.4, 6, 8, '2023-07-04 00:00:00'),
(482, 4, 19, 15.2, 4, 14, '2023-07-17 00:00:00'),
(483, 3, 4, 39.5, 1, 14, '2023-07-09 00:00:00'),
(484, 5, 12, 32.6, 1, 5, '2023-07-25 00:00:00'),
(485, 5, 9, 26.9, 5, 11, '2023-08-09 00:00:00'),
(487, 3, 3, 26.1, 2, 11, '2023-07-09 00:00:00'),
(489, 5, 1, 39.3, 2, 12, '2023-08-03 00:00:00'),
(490, 4, 1, 52.8, 3, 11, '2023-07-24 00:00:00'),
(491, 3, 13, 18, 1, 6, '2023-07-24 00:00:00'),
(492, 3, 21, 21.6, 6, 11, '2023-07-13 00:00:00'),
(493, 4, 9, 26.2, 2, 9, '2023-07-30 00:00:00'),
(494, 4, 14, 18.9, 1, 13, '2023-07-26 00:00:00'),
(495, 5, 10, 30.3, 3, 11, '2023-08-04 00:00:00'),
(497, 3, 5, 34.7, 1, 6, '2023-07-07 00:00:00'),
(498, 5, 7, 21.2, 4, 10, '2023-07-03 00:00:00'),
(499, 4, 5, 50.9, 6, 8, '2023-08-11 00:00:00'),
(500, 5, 19, 28.6, 5, 9, '2023-07-29 00:00:00'),
(501, 5, 21, 37.3, 2, 4, '2023-08-03 00:00:00'),
(502, 3, 16, 20.7, 6, 5, '2023-08-11 00:00:00'),
(503, 4, 12, 44.4, 4, 15, '2023-07-13 00:00:00'),
(504, 5, 10, 16.4, 5, 13, '2023-07-27 00:00:00'),
(506, 5, 9, 25.1, 2, 13, '2023-08-09 00:00:00'),
(507, 3, 2, 59, 3, 7, '2023-08-04 00:00:00'),
(508, 3, 14, 46, 6, 8, '2023-07-24 00:00:00'),
(509, 5, 10, 14.6, 4, 7, '2023-07-30 00:00:00'),
(510, 5, 18, 38.8, 5, 9, '2023-07-03 00:00:00'),
(511, 5, 17, 54.3, 3, 15, '2023-08-03 00:00:00'),
(512, 5, 16, 57.7, 1, 4, '2023-08-01 00:00:00'),
(513, 4, 2, 25, 3, 15, '2023-08-01 00:00:00'),
(514, 3, 14, 25.1, 4, 9, '2023-07-23 00:00:00'),
(515, 4, 14, 53, 6, 9, '2023-07-06 00:00:00'),
(516, 5, 12, 39, 4, 9, '2023-07-26 00:00:00'),
(517, 3, 5, 25, 2, 11, '2023-07-29 00:00:00'),
(520, 5, 6, 48.6, 5, 13, '2023-07-23 00:00:00'),
(521, 5, 5, 54.3, 5, 9, '2023-08-09 00:00:00'),
(522, 5, 7, 42.8, 1, 13, '2023-07-17 00:00:00'),
(523, 5, 14, 31.2, 6, 9, '2023-08-08 00:00:00'),
(524, 3, 13, 26.7, 5, 6, '2023-08-06 00:00:00'),
(525, 4, 5, 48, 2, 7, '2023-07-30 00:00:00'),
(526, 5, 11, 55.4, 1, 10, '2023-07-31 00:00:00'),
(527, 4, 21, 28.2, 5, 12, '2023-07-23 00:00:00'),
(530, 4, 8, 42.3, 6, 4, '2023-08-09 00:00:00'),
(531, 3, 9, 17, 2, 6, '2023-07-25 00:00:00'),
(532, 3, 9, 15.5, 4, 5, '2023-08-11 00:00:00'),
(535, 4, 6, 13.8, 2, 4, '2023-07-04 00:00:00'),
(536, 4, 7, 29.3, 6, 9, '2023-08-09 00:00:00'),
(538, 5, 19, 29.5, 4, 6, '2023-07-23 00:00:00'),
(539, 4, 7, 22, 1, 9, '2023-07-13 00:00:00'),
(540, 5, 18, 44, 2, 9, '2023-07-09 00:00:00'),
(541, 4, 2, 13.1, 3, 12, '2023-07-15 00:00:00'),
(542, 5, 6, 43.9, 3, 11, '2023-08-06 00:00:00'),
(543, 3, 13, 45.6, 4, 7, '2023-07-20 00:00:00'),
(544, 5, 4, 42.9, 3, 9, '2023-07-31 00:00:00'),
(545, 4, 1, 41.4, 6, 12, '2023-08-11 00:00:00'),
(546, 5, 22, 13.3, 4, 5, '2023-07-17 00:00:00'),
(547, 3, 16, 33.4, 6, 14, '2023-07-18 00:00:00'),
(548, 4, 14, 25, 6, 15, '2023-07-24 00:00:00'),
(550, 3, 14, 21.8, 6, 14, '2023-07-27 00:00:00'),
(551, 5, 1, 35.7, 4, 5, '2023-08-10 00:00:00'),
(552, 4, 4, 45.6, 6, 12, '2023-07-18 00:00:00'),
(553, 4, 4, 54.8, 5, 6, '2023-07-24 00:00:00'),
(555, 4, 16, 42.5, 4, 7, '2023-07-13 00:00:00'),
(556, 3, 18, 24.6, 5, 6, '2023-07-26 00:00:00'),
(557, 3, 15, 16.4, 3, 12, '2023-07-22 00:00:00'),
(558, 5, 4, 15, 2, 9, '2023-07-29 00:00:00'),
(559, 5, 15, 25.1, 1, 13, '2023-07-23 00:00:00'),
(560, 4, 13, 17.4, 1, 7, '2023-08-06 00:00:00'),
(561, 3, 21, 45.1, 3, 13, '2023-07-28 00:00:00'),
(562, 4, 1, 13.8, 4, 7, '2023-07-06 00:00:00'),
(563, 4, 8, 52.7, 2, 13, '2023-08-04 00:00:00'),
(564, 4, 20, 59.7, 1, 12, '2023-08-04 00:00:00'),
(565, 4, 15, 20, 1, 6, '2023-08-01 00:00:00'),
(566, 4, 12, 27.3, 4, 5, '2023-07-19 00:00:00'),
(567, 4, 15, 53, 1, 10, '2023-07-24 00:00:00'),
(568, 3, 10, 58, 3, 6, '2023-07-26 00:00:00'),
(570, 3, 14, 26.2, 5, 9, '2023-07-29 00:00:00'),
(571, 3, 11, 44.4, 2, 5, '2023-07-30 00:00:00'),
(573, 3, 9, 39.4, 4, 11, '2023-07-17 00:00:00'),
(574, 5, 12, 37, 2, 12, '2023-08-04 00:00:00'),
(575, 5, 4, 40.9, 2, 13, '2023-07-05 00:00:00'),
(576, 3, 21, 34.6, 6, 7, '2023-07-05 00:00:00'),
(577, 4, 7, 45.5, 2, 4, '2023-07-09 00:00:00'),
(578, 5, 12, 45.5, 4, 15, '2023-08-02 00:00:00'),
(579, 4, 13, 59.9, 5, 5, '2023-07-16 00:00:00'),
(580, 5, 2, 24.1, 1, 4, '2023-07-31 00:00:00'),
(581, 4, 16, 17.1, 6, 9, '2023-07-25 00:00:00'),
(582, 4, 13, 51.6, 4, 5, '2023-07-04 00:00:00'),
(583, 5, 3, 39.5, 6, 10, '2023-07-24 00:00:00'),
(584, 5, 21, 27.5, 6, 10, '2023-08-04 00:00:00'),
(585, 4, 4, 52.2, 6, 13, '2023-07-26 00:00:00'),
(586, 3, 19, 17.2, 2, 10, '2023-07-09 00:00:00'),
(588, 4, 1, 31.8, 2, 10, '2023-07-27 00:00:00'),
(589, 4, 18, 19.9, 6, 14, '2023-07-25 00:00:00'),
(590, 4, 9, 47.7, 1, 6, '2023-07-29 00:00:00'),
(591, 4, 15, 49.3, 5, 11, '2023-08-07 00:00:00'),
(592, 3, 3, 51.3, 4, 9, '2023-07-21 00:00:00'),
(593, 3, 15, 34.8, 2, 11, '2023-07-28 00:00:00'),
(594, 5, 4, 59.3, 2, 14, '2023-08-02 00:00:00'),
(596, 3, 21, 12.2, 6, 14, '2023-07-19 00:00:00'),
(597, 4, 3, 14.5, 4, 12, '2023-07-30 00:00:00'),
(598, 5, 9, 25.2, 4, 6, '2023-07-21 00:00:00'),
(599, 3, 14, 18.2, 2, 15, '2023-07-15 00:00:00'),
(600, 3, 14, 57.7, 5, 15, '2023-07-12 00:00:00'),
(602, 5, 17, 33.8, 1, 4, '2023-07-27 00:00:00'),
(603, 5, 22, 23, 2, 13, '2023-07-21 00:00:00'),
(604, 3, 22, 31.6, 4, 14, '2023-07-18 00:00:00'),
(605, 3, 6, 18.2, 4, 14, '2023-07-29 00:00:00'),
(606, 5, 2, 36.2, 3, 12, '2023-07-29 00:00:00'),
(607, 4, 10, 56.4, 6, 14, '2023-08-04 00:00:00'),
(608, 3, 4, 57.5, 5, 8, '2023-07-22 00:00:00'),
(609, 5, 1, 57.3, 1, 8, '2023-07-09 00:00:00'),
(610, 3, 18, 39.1, 5, 15, '2023-08-09 00:00:00'),
(611, 4, 3, 31.4, 3, 5, '2023-07-29 00:00:00'),
(612, 4, 1, 51.5, 4, 4, '2023-08-02 00:00:00'),
(614, 3, 8, 45.7, 6, 8, '2023-07-06 00:00:00'),
(615, 4, 2, 32.6, 4, 9, '2023-07-06 00:00:00'),
(616, 4, 17, 25.4, 1, 7, '2023-08-05 00:00:00'),
(617, 3, 11, 52.4, 2, 8, '2023-07-30 00:00:00'),
(618, 4, 20, 45.4, 6, 12, '2023-07-07 00:00:00'),
(619, 3, 15, 25.9, 5, 14, '2023-07-04 00:00:00'),
(620, 5, 20, 57.5, 2, 9, '2023-07-31 00:00:00'),
(621, 3, 12, 31, 3, 12, '2023-07-03 00:00:00'),
(623, 4, 22, 44.8, 3, 13, '2023-07-27 00:00:00'),
(625, 3, 10, 37.9, 2, 11, '2023-08-09 00:00:00'),
(626, 4, 11, 38.6, 4, 11, '2023-08-09 00:00:00'),
(627, 5, 12, 41.8, 5, 7, '2023-07-27 00:00:00'),
(628, 4, 13, 51.8, 3, 15, '2023-07-19 00:00:00'),
(630, 4, 9, 27.2, 6, 5, '2023-07-26 00:00:00'),
(631, 5, 21, 39.3, 6, 7, '2023-07-31 00:00:00'),
(633, 5, 15, 49.2, 5, 10, '2023-07-18 00:00:00'),
(634, 5, 12, 25.3, 4, 7, '2023-07-09 00:00:00'),
(635, 4, 4, 30.9, 5, 14, '2023-07-18 00:00:00'),
(636, 4, 20, 12.1, 2, 14, '2023-07-06 00:00:00'),
(637, 4, 12, 37.2, 1, 7, '2023-07-25 00:00:00'),
(638, 4, 21, 14.1, 2, 4, '2023-07-14 00:00:00'),
(639, 3, 20, 14, 2, 8, '2023-07-20 00:00:00'),
(640, 3, 18, 53.5, 4, 15, '2023-08-03 00:00:00'),
(642, 4, 19, 34.2, 6, 6, '2023-07-28 00:00:00'),
(643, 5, 15, 12.6, 1, 8, '2023-07-25 00:00:00'),
(644, 3, 6, 23.3, 5, 11, '2023-07-25 00:00:00'),
(645, 3, 17, 21.1, 2, 15, '2023-07-13 00:00:00'),
(646, 3, 21, 50.4, 4, 13, '2023-08-05 00:00:00'),
(647, 3, 7, 23.9, 5, 5, '2023-07-19 00:00:00'),
(648, 3, 8, 25, 2, 15, '2023-07-23 00:00:00'),
(651, 4, 9, 45.9, 6, 8, '2023-07-31 00:00:00'),
(652, 4, 22, 19.3, 5, 13, '2023-08-08 00:00:00'),
(653, 4, 20, 44.4, 1, 10, '2023-07-30 00:00:00'),
(654, 3, 13, 21, 3, 7, '2023-08-04 00:00:00'),
(655, 5, 13, 31.2, 2, 11, '2023-07-07 00:00:00'),
(656, 4, 20, 52.2, 5, 10, '2023-07-14 00:00:00'),
(657, 3, 6, 21, 3, 4, '2023-08-10 00:00:00'),
(658, 5, 17, 58.3, 4, 6, '2023-07-21 00:00:00'),
(659, 3, 16, 31.4, 2, 8, '2023-07-17 00:00:00'),
(662, 4, 20, 30.8, 6, 7, '2023-08-09 00:00:00'),
(663, 3, 21, 40.7, 2, 15, '2023-07-19 00:00:00'),
(664, 3, 13, 26, 2, 15, '2023-08-01 00:00:00'),
(666, 3, 8, 21, 5, 6, '2023-07-23 00:00:00'),
(667, 3, 12, 19.4, 2, 6, '2023-07-03 00:00:00'),
(668, 4, 20, 19.9, 3, 7, '2023-07-22 00:00:00'),
(669, 3, 9, 41.1, 4, 14, '2023-08-10 00:00:00'),
(670, 3, 10, 22.2, 6, 13, '2023-07-20 00:00:00'),
(671, 5, 6, 15.1, 4, 11, '2023-07-24 00:00:00'),
(673, 4, 10, 15.6, 4, 14, '2023-07-25 00:00:00'),
(674, 4, 12, 49.1, 6, 4, '2023-07-24 00:00:00'),
(675, 4, 5, 26.9, 1, 10, '2023-07-18 00:00:00'),
(676, 4, 14, 18.4, 5, 12, '2023-08-08 00:00:00'),
(677, 3, 7, 45.9, 2, 15, '2023-08-10 00:00:00'),
(678, 4, 12, 40.3, 1, 13, '2023-07-27 00:00:00'),
(679, 4, 2, 49, 1, 11, '2023-07-16 00:00:00'),
(680, 5, 2, 34.9, 2, 11, '2023-08-02 00:00:00'),
(681, 5, 10, 38.4, 6, 15, '2023-07-30 00:00:00'),
(682, 3, 9, 35.7, 1, 11, '2023-07-20 00:00:00'),
(683, 4, 14, 56.3, 4, 11, '2023-07-20 00:00:00'),
(684, 4, 8, 37.1, 4, 4, '2023-08-01 00:00:00'),
(687, 3, 21, 21.3, 5, 5, '2023-07-30 00:00:00'),
(688, 4, 19, 16.5, 1, 4, '2023-08-06 00:00:00'),
(689, 4, 20, 17.8, 4, 15, '2023-07-22 00:00:00'),
(690, 3, 10, 29.4, 5, 7, '2023-07-22 00:00:00'),
(691, 4, 13, 17, 5, 8, '2023-08-02 00:00:00'),
(692, 4, 18, 18.3, 6, 10, '2023-07-05 00:00:00'),
(693, 4, 12, 54.2, 2, 6, '2023-07-26 00:00:00'),
(694, 3, 13, 30.8, 3, 12, '2023-07-28 00:00:00'),
(695, 4, 8, 22.9, 2, 12, '2023-07-17 00:00:00'),
(696, 3, 13, 44.5, 3, 7, '2023-07-21 00:00:00'),
(697, 5, 7, 54.5, 4, 8, '2023-07-27 00:00:00'),
(699, 5, 11, 50.6, 6, 6, '2023-07-24 00:00:00'),
(700, 3, 12, 15.1, 1, 14, '2023-08-04 00:00:00'),
(701, 4, 11, 37.3, 2, 5, '2023-08-02 00:00:00'),
(702, 4, 19, 20.4, 2, 7, '2023-07-26 00:00:00'),
(703, 3, 20, 39.1, 3, 15, '2023-08-02 00:00:00'),
(704, 3, 22, 16.4, 1, 7, '2023-08-11 00:00:00'),
(705, 4, 1, 41, 1, 9, '2023-08-08 00:00:00'),
(706, 3, 18, 48.6, 3, 5, '2023-07-21 00:00:00'),
(708, 5, 20, 16.2, 1, 9, '2023-08-06 00:00:00'),
(709, 3, 9, 31.6, 4, 8, '2023-07-09 00:00:00'),
(711, 4, 3, 57.7, 3, 10, '2023-08-08 00:00:00'),
(713, 3, 4, 39, 2, 12, '2023-07-06 00:00:00'),
(715, 5, 12, 18.1, 2, 6, '2023-07-03 00:00:00'),
(716, 4, 10, 37.8, 5, 15, '2023-07-26 00:00:00'),
(717, 4, 20, 43.4, 4, 14, '2023-08-10 00:00:00'),
(718, 4, 9, 18.5, 4, 4, '2023-07-29 00:00:00'),
(719, 3, 6, 26.4, 4, 6, '2023-07-28 00:00:00'),
(720, 5, 3, 29.4, 3, 14, '2023-07-29 00:00:00'),
(721, 5, 19, 18, 5, 10, '2023-08-02 00:00:00'),
(722, 3, 4, 56.7, 1, 12, '2023-08-08 00:00:00'),
(724, 5, 14, 28.7, 6, 11, '2023-07-29 00:00:00'),
(725, 5, 10, 33.2, 2, 7, '2023-08-02 00:00:00'),
(726, 5, 2, 42.2, 1, 4, '2023-07-28 00:00:00'),
(727, 4, 16, 31.4, 3, 11, '2023-08-09 00:00:00'),
(729, 5, 18, 45.4, 3, 14, '2023-07-20 00:00:00'),
(731, 3, 10, 41.2, 6, 7, '2023-07-03 00:00:00'),
(732, 5, 3, 43.8, 6, 13, '2023-08-03 00:00:00'),
(733, 5, 6, 33.4, 6, 4, '2023-07-21 00:00:00'),
(734, 5, 11, 44.5, 6, 8, '2023-07-28 00:00:00'),
(735, 5, 17, 26.1, 2, 9, '2023-07-07 00:00:00'),
(736, 5, 1, 39, 2, 8, '2023-08-08 00:00:00'),
(737, 3, 8, 36.8, 4, 14, '2023-07-27 00:00:00'),
(738, 4, 17, 36.4, 3, 11, '2023-07-30 00:00:00'),
(739, 3, 16, 12.4, 1, 13, '2023-08-04 00:00:00'),
(740, 3, 21, 49, 2, 14, '2023-07-21 00:00:00'),
(741, 4, 2, 46.4, 5, 7, '2023-08-04 00:00:00'),
(742, 3, 4, 41.9, 3, 8, '2023-07-11 00:00:00'),
(743, 4, 4, 38, 4, 14, '2023-07-30 00:00:00'),
(745, 4, 20, 47.8, 5, 15, '2023-07-13 00:00:00'),
(746, 4, 15, 28.6, 5, 12, '2023-07-09 00:00:00'),
(748, 4, 15, 58.4, 5, 9, '2023-07-03 00:00:00'),
(749, 5, 12, 51.6, 6, 13, '2023-07-28 00:00:00'),
(750, 5, 7, 13.7, 5, 15, '2023-07-30 00:00:00'),
(751, 3, 20, 51.7, 2, 11, '2023-07-06 00:00:00'),
(752, 4, 3, 46.6, 6, 12, '2023-07-25 00:00:00'),
(753, 4, 1, 31.1, 4, 9, '2023-07-19 00:00:00'),
(754, 4, 16, 40.2, 5, 13, '2023-08-01 00:00:00'),
(755, 5, 14, 40.4, 4, 7, '2023-07-21 00:00:00'),
(756, 5, 1, 47.2, 5, 9, '2023-07-28 00:00:00'),
(758, 3, 20, 14.5, 2, 8, '2023-07-05 00:00:00'),
(760, 4, 20, 16.8, 6, 5, '2023-07-04 00:00:00'),
(761, 4, 18, 54.9, 3, 9, '2023-07-03 00:00:00'),
(762, 4, 17, 31.7, 5, 12, '2023-08-05 00:00:00'),
(763, 4, 22, 37.8, 6, 15, '2023-07-20 00:00:00'),
(764, 5, 5, 49, 1, 5, '2023-08-09 00:00:00'),
(766, 5, 7, 44.3, 3, 10, '2023-07-03 00:00:00'),
(767, 4, 22, 49.7, 5, 5, '2023-07-22 00:00:00'),
(768, 5, 19, 46.6, 4, 5, '2023-08-01 00:00:00'),
(769, 3, 16, 16.4, 1, 8, '2023-08-09 00:00:00'),
(770, 5, 15, 12.4, 5, 13, '2023-07-30 00:00:00'),
(771, 3, 2, 14.1, 2, 11, '2023-07-20 00:00:00'),
(772, 3, 19, 31.2, 1, 15, '2023-07-07 00:00:00'),
(773, 3, 4, 24.8, 2, 8, '2023-07-30 00:00:00'),
(774, 4, 19, 30.9, 6, 7, '2023-07-11 00:00:00'),
(775, 5, 9, 41.4, 6, 4, '2023-07-07 00:00:00'),
(776, 3, 21, 51.3, 5, 8, '2023-07-27 00:00:00'),
(777, 4, 19, 43.1, 3, 12, '2023-07-23 00:00:00'),
(778, 4, 20, 53, 3, 4, '2023-07-12 00:00:00'),
(780, 4, 12, 40, 4, 14, '2023-07-28 00:00:00'),
(781, 4, 15, 56.7, 4, 13, '2023-07-04 00:00:00'),
(782, 5, 15, 36.9, 3, 10, '2023-07-18 00:00:00'),
(783, 4, 20, 12, 6, 6, '2023-08-11 00:00:00'),
(784, 4, 15, 35.1, 3, 7, '2023-07-17 00:00:00'),
(785, 3, 5, 20, 3, 9, '2023-07-29 00:00:00'),
(786, 4, 5, 14.6, 2, 12, '2023-08-11 00:00:00'),
(787, 3, 16, 21.8, 3, 12, '2023-07-24 00:00:00'),
(788, 4, 3, 26.7, 1, 11, '2023-07-09 00:00:00'),
(789, 5, 22, 41.3, 2, 15, '2023-07-17 00:00:00'),
(790, 5, 5, 35.8, 3, 11, '2023-08-03 00:00:00'),
(791, 3, 18, 30.8, 6, 4, '2023-08-02 00:00:00'),
(792, 3, 6, 27.9, 1, 9, '2023-08-11 00:00:00'),
(794, 5, 2, 41, 5, 4, '2023-07-28 00:00:00'),
(795, 5, 22, 25.3, 5, 8, '2023-07-24 00:00:00'),
(796, 5, 8, 49.3, 1, 4, '2023-07-05 00:00:00'),
(797, 4, 7, 45.1, 3, 14, '2023-07-29 00:00:00'),
(798, 3, 21, 37, 2, 5, '2023-07-24 00:00:00'),
(799, 5, 14, 18.1, 3, 4, '2023-07-07 00:00:00'),
(801, 5, 3, 34.8, 3, 14, '2023-08-02 00:00:00'),
(802, 4, 14, 30.8, 4, 14, '2023-07-20 00:00:00'),
(803, 4, 6, 45.7, 2, 15, '2023-07-27 00:00:00'),
(804, 5, 14, 50.1, 1, 14, '2023-07-27 00:00:00'),
(805, 5, 18, 44.2, 6, 12, '2023-07-23 00:00:00'),
(806, 5, 3, 32.1, 2, 7, '2023-07-17 00:00:00'),
(807, 4, 17, 18.3, 4, 14, '2023-07-28 00:00:00'),
(808, 4, 21, 49.2, 4, 12, '2023-07-03 00:00:00'),
(809, 4, 2, 19.9, 4, 9, '2023-07-13 00:00:00'),
(810, 3, 21, 13.8, 1, 7, '2023-07-16 00:00:00'),
(812, 4, 18, 53, 4, 7, '2023-08-04 00:00:00'),
(814, 4, 6, 36.2, 4, 15, '2023-07-05 00:00:00'),
(815, 3, 19, 12.7, 3, 12, '2023-07-26 00:00:00'),
(816, 4, 1, 21.5, 2, 13, '2023-07-09 00:00:00'),
(817, 3, 3, 57.2, 5, 7, '2023-07-07 00:00:00'),
(818, 5, 21, 22.9, 5, 5, '2023-08-08 00:00:00'),
(819, 4, 11, 38, 3, 15, '2023-07-26 00:00:00'),
(820, 3, 18, 28.9, 1, 9, '2023-07-22 00:00:00'),
(821, 4, 17, 22, 3, 15, '2023-08-06 00:00:00'),
(822, 3, 10, 18.3, 6, 13, '2023-07-12 00:00:00'),
(823, 3, 15, 41.6, 3, 9, '2023-07-18 00:00:00'),
(824, 4, 15, 43.9, 1, 6, '2023-07-18 00:00:00'),
(825, 4, 15, 16.6, 3, 8, '2023-07-12 00:00:00'),
(826, 3, 22, 25.2, 1, 11, '2023-08-10 00:00:00'),
(827, 4, 21, 26, 3, 4, '2023-08-07 00:00:00'),
(828, 4, 7, 31.3, 3, 9, '2023-08-06 00:00:00'),
(829, 5, 14, 54.7, 1, 14, '2023-07-18 00:00:00'),
(830, 4, 5, 50.6, 4, 8, '2023-07-21 00:00:00'),
(831, 3, 18, 19.9, 1, 12, '2023-07-31 00:00:00'),
(832, 5, 4, 22.2, 2, 9, '2023-07-24 00:00:00'),
(833, 5, 4, 55.6, 5, 12, '2023-07-26 00:00:00'),
(834, 4, 14, 24.8, 6, 5, '2023-07-16 00:00:00'),
(835, 3, 4, 34.8, 4, 10, '2023-08-02 00:00:00'),
(837, 4, 1, 35.9, 5, 12, '2023-07-18 00:00:00'),
(839, 3, 9, 37.6, 6, 13, '2023-08-05 00:00:00'),
(840, 4, 17, 13.3, 2, 9, '2023-08-11 00:00:00'),
(841, 4, 1, 39.1, 3, 9, '2023-07-03 00:00:00'),
(842, 3, 2, 19.3, 4, 9, '2023-08-09 00:00:00'),
(843, 4, 4, 36.8, 1, 11, '2023-08-10 00:00:00'),
(844, 5, 19, 31.1, 5, 12, '2023-08-06 00:00:00'),
(845, 5, 4, 26.8, 5, 9, '2023-07-07 00:00:00'),
(846, 3, 14, 23.5, 1, 8, '2023-08-03 00:00:00'),
(847, 3, 20, 57.8, 3, 4, '2023-08-08 00:00:00'),
(848, 4, 10, 14, 4, 4, '2023-07-21 00:00:00'),
(849, 4, 20, 48.6, 4, 4, '2023-08-01 00:00:00'),
(850, 3, 9, 28.1, 3, 11, '2023-07-22 00:00:00'),
(853, 3, 5, 45.6, 6, 15, '2023-07-21 00:00:00'),
(854, 5, 12, 55.1, 6, 14, '2023-07-30 00:00:00'),
(855, 3, 7, 52.9, 1, 5, '2023-08-09 00:00:00'),
(856, 4, 17, 33.2, 3, 12, '2023-07-11 00:00:00'),
(857, 4, 18, 41.4, 4, 9, '2023-08-03 00:00:00'),
(858, 5, 1, 29.4, 2, 10, '2023-07-17 00:00:00'),
(859, 3, 15, 39.9, 3, 5, '2023-07-29 00:00:00'),
(860, 4, 6, 40.4, 3, 15, '2023-08-05 00:00:00'),
(861, 5, 11, 24.1, 1, 4, '2023-07-20 00:00:00'),
(862, 5, 5, 23.1, 2, 11, '2023-07-03 00:00:00'),
(863, 3, 22, 53.8, 1, 7, '2023-07-17 00:00:00'),
(864, 3, 19, 41.8, 2, 11, '2023-07-26 00:00:00'),
(865, 5, 15, 49.9, 2, 13, '2023-08-09 00:00:00'),
(866, 3, 16, 12, 1, 5, '2023-07-19 00:00:00'),
(867, 5, 19, 35.5, 3, 15, '2023-07-03 00:00:00'),
(868, 5, 6, 25.8, 1, 4, '2023-08-09 00:00:00'),
(870, 4, 20, 18.9, 3, 7, '2023-07-30 00:00:00'),
(871, 5, 10, 22.2, 2, 12, '2023-07-23 00:00:00'),
(872, 3, 12, 53.5, 1, 6, '2023-07-16 00:00:00'),
(873, 3, 17, 46.9, 6, 7, '2023-07-22 00:00:00'),
(875, 5, 3, 37.4, 1, 4, '2023-07-31 00:00:00'),
(876, 3, 1, 12.8, 3, 15, '2023-07-30 00:00:00'),
(877, 3, 15, 41.5, 1, 12, '2023-07-13 00:00:00'),
(878, 3, 6, 44.9, 5, 8, '2023-08-06 00:00:00'),
(879, 5, 5, 59.6, 3, 15, '2023-07-27 00:00:00'),
(881, 3, 10, 19.4, 3, 5, '2023-07-19 00:00:00'),
(882, 3, 14, 30.8, 2, 15, '2023-08-01 00:00:00'),
(883, 3, 13, 59.7, 2, 4, '2023-07-09 00:00:00'),
(884, 3, 6, 17.5, 6, 6, '2023-07-19 00:00:00'),
(885, 5, 16, 36.2, 4, 4, '2023-08-01 00:00:00'),
(886, 5, 8, 58.6, 3, 14, '2023-07-25 00:00:00'),
(887, 3, 7, 40, 1, 15, '2023-07-19 00:00:00'),
(888, 4, 16, 57.7, 1, 5, '2023-08-11 00:00:00'),
(889, 3, 15, 14, 5, 7, '2023-07-27 00:00:00'),
(890, 3, 17, 42.4, 5, 7, '2023-08-09 00:00:00'),
(891, 3, 9, 48.6, 5, 10, '2023-07-24 00:00:00'),
(892, 3, 7, 25.3, 4, 12, '2023-07-19 00:00:00'),
(893, 5, 11, 21, 3, 6, '2023-08-10 00:00:00'),
(894, 3, 1, 31.6, 5, 7, '2023-08-05 00:00:00'),
(895, 4, 13, 36.5, 3, 7, '2023-07-03 00:00:00'),
(896, 4, 22, 54.5, 2, 13, '2023-07-22 00:00:00'),
(897, 4, 12, 33.3, 3, 12, '2023-08-07 00:00:00'),
(898, 4, 14, 60, 6, 9, '2023-07-17 00:00:00'),
(899, 5, 5, 22.5, 6, 14, '2023-07-28 00:00:00'),
(900, 3, 11, 38.9, 6, 13, '2023-07-19 00:00:00'),
(901, 3, 22, 50.8, 6, 6, '2023-08-06 00:00:00'),
(903, 3, 2, 43, 2, 11, '2023-07-07 00:00:00'),
(904, 4, 8, 57.7, 3, 9, '2023-07-24 00:00:00'),
(905, 3, 11, 22.5, 5, 9, '2023-07-05 00:00:00'),
(908, 3, 5, 12.9, 6, 11, '2023-07-15 00:00:00'),
(910, 4, 13, 41.8, 2, 14, '2023-08-10 00:00:00'),
(911, 3, 2, 43.3, 2, 11, '2023-08-05 00:00:00'),
(912, 3, 17, 29.5, 6, 14, '2023-07-20 00:00:00'),
(914, 3, 22, 14.2, 6, 6, '2023-08-01 00:00:00'),
(915, 3, 13, 49.4, 2, 7, '2023-07-27 00:00:00'),
(917, 3, 15, 38.5, 2, 6, '2023-07-13 00:00:00'),
(919, 3, 12, 58.2, 1, 7, '2023-08-09 00:00:00'),
(921, 4, 10, 45.2, 5, 6, '2023-07-21 00:00:00'),
(922, 4, 4, 26, 1, 11, '2023-07-14 00:00:00'),
(923, 3, 16, 33.7, 3, 13, '2023-07-31 00:00:00'),
(924, 4, 15, 21.8, 3, 7, '2023-08-06 00:00:00'),
(925, 4, 3, 30.3, 1, 6, '2023-07-13 00:00:00'),
(926, 4, 15, 34.8, 1, 7, '2023-07-30 00:00:00'),
(927, 5, 12, 58.4, 3, 9, '2023-07-24 00:00:00'),
(928, 3, 15, 30.9, 1, 15, '2023-07-22 00:00:00'),
(930, 3, 7, 35.9, 3, 6, '2023-08-07 00:00:00'),
(931, 3, 16, 32.2, 6, 4, '2023-07-28 00:00:00'),
(932, 4, 16, 42.1, 4, 6, '2023-08-11 00:00:00'),
(933, 3, 13, 58.7, 6, 14, '2023-07-26 00:00:00'),
(934, 4, 13, 17.3, 1, 6, '2023-07-16 00:00:00'),
(935, 3, 13, 29.7, 6, 15, '2023-07-30 00:00:00'),
(936, 5, 11, 53.1, 1, 10, '2023-07-07 00:00:00'),
(937, 4, 12, 41.3, 4, 6, '2023-07-05 00:00:00'),
(938, 4, 1, 47, 4, 13, '2023-08-09 00:00:00'),
(939, 4, 12, 48.4, 5, 9, '2023-07-14 00:00:00'),
(940, 4, 13, 58.7, 1, 11, '2023-08-06 00:00:00'),
(941, 5, 18, 45.8, 5, 8, '2023-07-04 00:00:00'),
(942, 3, 2, 43.7, 2, 6, '2023-07-14 00:00:00'),
(943, 5, 6, 33.4, 2, 14, '2023-08-03 00:00:00'),
(944, 3, 19, 36.2, 2, 10, '2023-07-30 00:00:00'),
(945, 3, 11, 28.1, 6, 9, '2023-07-15 00:00:00'),
(946, 5, 13, 12.7, 1, 12, '2023-07-17 00:00:00'),
(947, 5, 17, 39.6, 1, 5, '2023-07-04 00:00:00'),
(948, 4, 21, 39.4, 5, 12, '2023-08-07 00:00:00'),
(949, 4, 3, 39.6, 5, 9, '2023-07-16 00:00:00'),
(950, 4, 8, 13.5, 6, 9, '2023-07-31 00:00:00'),
(951, 3, 11, 31.5, 1, 11, '2023-07-12 00:00:00'),
(952, 3, 3, 20.4, 2, 15, '2023-07-12 00:00:00'),
(953, 3, 2, 18.4, 3, 10, '2023-07-25 00:00:00'),
(954, 5, 17, 30.1, 1, 6, '2023-07-28 00:00:00'),
(955, 5, 17, 31.7, 6, 10, '2023-08-04 00:00:00'),
(956, 4, 5, 42.4, 4, 9, '2023-07-20 00:00:00'),
(957, 4, 5, 47.1, 6, 11, '2023-07-29 00:00:00'),
(958, 4, 15, 57, 5, 13, '2023-08-03 00:00:00'),
(959, 4, 5, 12.6, 3, 12, '2023-07-07 00:00:00'),
(960, 4, 3, 46.9, 1, 8, '2023-08-01 00:00:00'),
(962, 5, 17, 28.1, 6, 9, '2023-08-10 00:00:00'),
(963, 5, 20, 33.7, 6, 4, '2023-08-10 00:00:00'),
(964, 3, 17, 45.8, 3, 4, '2023-07-23 00:00:00'),
(965, 4, 19, 43.7, 2, 14, '2023-08-10 00:00:00'),
(966, 4, 10, 45.3, 1, 13, '2023-07-05 00:00:00'),
(967, 3, 12, 12.9, 3, 10, '2023-08-01 00:00:00'),
(968, 4, 21, 54.5, 3, 15, '2023-07-07 00:00:00'),
(969, 4, 8, 24.1, 1, 15, '2023-07-14 00:00:00'),
(970, 4, 19, 42.1, 2, 5, '2023-07-12 00:00:00'),
(971, 3, 13, 57.9, 4, 6, '2023-08-10 00:00:00'),
(972, 5, 8, 46.9, 4, 6, '2023-07-05 00:00:00'),
(973, 4, 8, 39.9, 5, 7, '2023-07-27 00:00:00'),
(975, 4, 11, 29, 1, 10, '2023-07-30 00:00:00'),
(976, 3, 7, 28.2, 1, 10, '2023-07-23 00:00:00'),
(977, 5, 5, 42.8, 2, 6, '2023-07-05 00:00:00'),
(978, 3, 8, 42.1, 6, 13, '2023-07-31 00:00:00'),
(979, 3, 15, 12.9, 2, 12, '2023-07-11 00:00:00'),
(980, 5, 15, 41.5, 6, 7, '2023-07-30 00:00:00'),
(981, 4, 5, 49.6, 6, 10, '2023-07-31 00:00:00'),
(982, 5, 7, 36.3, 1, 7, '2023-08-06 00:00:00'),
(983, 4, 16, 12.6, 1, 6, '2023-08-03 00:00:00'),
(984, 3, 19, 59.8, 5, 6, '2023-07-26 00:00:00'),
(985, 4, 10, 53.1, 5, 6, '2023-08-03 00:00:00'),
(986, 4, 6, 34.5, 3, 12, '2023-07-27 00:00:00'),
(988, 4, 5, 54.5, 4, 15, '2023-07-04 00:00:00'),
(989, 3, 12, 57.9, 6, 7, '2023-07-06 00:00:00'),
(990, 4, 21, 54.3, 5, 12, '2023-08-03 00:00:00'),
(991, 3, 8, 22.5, 6, 13, '2023-08-06 00:00:00'),
(992, 3, 1, 51.9, 3, 12, '2023-07-04 00:00:00'),
(995, 4, 3, 53.9, 1, 10, '2023-07-03 00:00:00'),
(996, 5, 15, 47.2, 6, 6, '2023-08-02 00:00:00'),
(997, 4, 14, 54.7, 5, 4, '2023-08-10 00:00:00'),
(999, 5, 10, 35.4, 3, 6, '2023-08-08 00:00:00'),
(1001, 3, 17, 56.8, 2, 8, '2023-07-29 00:00:00'),
(1002, 4, 6, 56.3, 2, 15, '2023-07-11 00:00:00'),
(1003, 3, 6, 41.1, 3, 9, '2023-07-28 00:00:00'),
(1005, 5, 10, 34.9, 4, 15, '2023-08-01 00:00:00'),
(1006, 5, 12, 25.4, 3, 15, '2023-07-21 00:00:00'),
(1007, 3, 5, 22.8, 5, 7, '2023-08-06 00:00:00'),
(1008, 4, 2, 40.8, 1, 6, '2023-08-10 00:00:00'),
(1009, 3, 9, 57.1, 5, 6, '2023-08-06 00:00:00'),
(1011, 5, 22, 39.8, 4, 14, '2023-07-23 00:00:00'),
(1013, 3, 19, 23.3, 3, 14, '2023-08-09 00:00:00'),
(1014, 3, 16, 12, 5, 6, '2023-07-11 00:00:00'),
(1015, 5, 7, 26.2, 1, 12, '2023-07-28 00:00:00'),
(1016, 3, 19, 27.8, 4, 10, '2023-08-08 00:00:00'),
(1017, 3, 8, 40.5, 4, 7, '2023-07-06 00:00:00'),
(1018, 4, 8, 50, 4, 12, '2023-08-04 00:00:00'),
(1020, 4, 8, 22.3, 2, 12, '2023-07-21 00:00:00'),
(1021, 5, 17, 58.2, 1, 11, '2023-07-05 00:00:00'),
(1022, 4, 11, 34.3, 5, 13, '2023-07-18 00:00:00'),
(1023, 4, 14, 23.5, 1, 6, '2023-08-08 00:00:00'),
(1024, 3, 2, 46.2, 4, 4, '2023-07-03 00:00:00'),
(1025, 5, 2, 41.1, 6, 15, '2023-07-25 00:00:00'),
(1026, 5, 11, 22.1, 5, 10, '2023-08-03 00:00:00'),
(1028, 4, 14, 43.4, 1, 14, '2023-07-29 00:00:00'),
(1031, 4, 22, 41, 2, 4, '2023-07-31 00:00:00'),
(1032, 4, 7, 44.7, 3, 15, '2023-07-13 00:00:00'),
(1033, 3, 3, 44.1, 6, 5, '2023-07-13 00:00:00'),
(1035, 3, 8, 29.5, 2, 11, '2023-07-07 00:00:00'),
(1036, 4, 17, 46.4, 1, 8, '2023-07-18 00:00:00'),
(1037, 3, 18, 45.7, 1, 15, '2023-07-22 00:00:00'),
(1038, 4, 11, 42.4, 1, 8, '2023-08-09 00:00:00'),
(1040, 3, 14, 28.2, 6, 7, '2023-06-27 00:00:00'),
(1041, 3, 3, 52.8, 3, 11, '2023-06-18 00:00:00'),
(1042, 5, 19, 55, 6, 6, '2023-06-25 00:00:00'),
(1043, 5, 9, 26.8, 2, 11, '2023-06-29 00:00:00'),
(1044, 3, 17, 23.3, 2, 15, '2023-06-12 00:00:00'),
(1045, 3, 10, 43.6, 3, 15, '2023-06-20 00:00:00'),
(1046, 5, 9, 13.5, 6, 12, '2023-06-10 00:00:00'),
(1047, 3, 4, 51.9, 5, 5, '2023-06-28 00:00:00'),
(1048, 4, 10, 14.7, 3, 8, '2023-06-10 00:00:00'),
(1049, 4, 15, 12.9, 2, 15, '2023-06-27 00:00:00'),
(1050, 4, 4, 31.3, 6, 6, '2023-06-05 00:00:00'),
(1051, 4, 13, 16.7, 3, 13, '2023-06-25 00:00:00'),
(1052, 3, 12, 22.2, 2, 12, '2023-06-07 00:00:00'),
(1053, 4, 1, 19.1, 5, 14, '2023-06-06 00:00:00'),
(1054, 4, 8, 43, 4, 4, '2023-06-19 00:00:00'),
(1055, 3, 9, 55.1, 3, 7, '2023-06-30 00:00:00'),
(1056, 3, 17, 55, 5, 12, '2023-06-05 00:00:00'),
(1057, 5, 11, 30.1, 5, 10, '2023-06-16 00:00:00'),
(1058, 3, 14, 26.1, 1, 6, '2023-06-20 00:00:00'),
(1059, 3, 4, 49.4, 2, 14, '2023-06-26 00:00:00'),
(1060, 4, 6, 53.6, 3, 15, '2023-06-18 00:00:00'),
(1061, 5, 16, 16.7, 3, 4, '2023-06-14 00:00:00'),
(1062, 5, 7, 51.2, 5, 4, '2023-06-10 00:00:00'),
(1063, 5, 18, 18.2, 2, 7, '2023-06-18 00:00:00'),
(1064, 5, 2, 27.3, 6, 14, '2023-06-01 00:00:00'),
(1065, 3, 21, 37.8, 1, 13, '2023-06-14 00:00:00'),
(1066, 3, 5, 16.6, 6, 6, '2023-06-03 00:00:00'),
(1067, 4, 2, 31.1, 5, 13, '2023-06-10 00:00:00'),
(1068, 3, 13, 31.8, 2, 13, '2023-06-29 00:00:00'),
(1069, 5, 21, 38.9, 5, 5, '2023-06-22 00:00:00'),
(1070, 3, 17, 44.9, 2, 6, '2023-06-01 00:00:00'),
(1071, 4, 4, 30.9, 3, 10, '2023-06-19 00:00:00'),
(1072, 5, 3, 13.1, 6, 11, '2023-06-07 00:00:00'),
(1073, 3, 6, 29.2, 5, 5, '2023-06-19 00:00:00'),
(1074, 4, 7, 43.6, 2, 6, '2023-06-01 00:00:00'),
(1075, 3, 2, 55.2, 4, 6, '2023-06-04 00:00:00'),
(1076, 5, 19, 52.2, 5, 8, '2023-06-23 00:00:00'),
(1077, 4, 10, 45.5, 2, 6, '2023-06-18 00:00:00'),
(1078, 4, 20, 54.8, 2, 14, '2023-06-15 00:00:00'),
(1079, 4, 6, 19.7, 1, 7, '2023-06-05 00:00:00'),
(1080, 4, 22, 55, 4, 14, '2023-06-21 00:00:00'),
(1081, 5, 6, 23.7, 2, 4, '2023-06-13 00:00:00'),
(1082, 5, 6, 31.3, 3, 5, '2023-06-30 00:00:00'),
(1083, 3, 18, 17.4, 2, 5, '2023-06-15 00:00:00'),
(1084, 3, 7, 32.9, 2, 13, '2023-06-11 00:00:00'),
(1085, 5, 15, 39.3, 2, 14, '2023-06-23 00:00:00'),
(1086, 5, 10, 50, 6, 13, '2023-06-19 00:00:00'),
(1087, 5, 20, 55.1, 6, 11, '2023-06-18 00:00:00'),
(1088, 5, 3, 31.3, 2, 6, '2023-06-02 00:00:00'),
(1089, 3, 15, 38.1, 1, 6, '2023-06-27 00:00:00'),
(1090, 5, 20, 37.4, 4, 6, '2023-06-21 00:00:00'),
(1091, 4, 13, 52.3, 1, 7, '2023-06-06 00:00:00'),
(1092, 3, 12, 46.7, 3, 6, '2023-06-07 00:00:00'),
(1093, 5, 8, 31.1, 3, 11, '2023-06-25 00:00:00'),
(1094, 4, 7, 20.6, 5, 7, '2023-06-27 00:00:00'),
(1095, 3, 18, 28.3, 4, 5, '2023-06-12 00:00:00'),
(1096, 4, 8, 29.8, 2, 6, '2023-06-16 00:00:00'),
(1097, 5, 13, 45.7, 4, 8, '2023-06-24 00:00:00'),
(1098, 4, 7, 19, 1, 12, '2023-06-11 00:00:00'),
(1099, 4, 10, 50, 1, 12, '2023-06-05 00:00:00'),
(1100, 4, 2, 35.5, 4, 13, '2023-06-30 00:00:00'),
(1101, 4, 19, 37.2, 4, 12, '2023-06-25 00:00:00'),
(1102, 4, 13, 15, 1, 6, '2023-06-09 00:00:00'),
(1103, 5, 11, 19.5, 2, 10, '2023-06-20 00:00:00'),
(1104, 4, 13, 22.2, 2, 14, '2023-06-25 00:00:00'),
(1105, 3, 22, 33.8, 3, 4, '2023-06-20 00:00:00'),
(1106, 5, 16, 26.2, 2, 14, '2023-06-26 00:00:00'),
(1107, 4, 14, 22.8, 2, 8, '2023-06-30 00:00:00'),
(1108, 5, 15, 29.1, 6, 5, '2023-06-21 00:00:00'),
(1109, 3, 19, 34.9, 2, 8, '2023-06-23 00:00:00'),
(1110, 3, 18, 59.3, 2, 13, '2023-06-20 00:00:00'),
(1111, 5, 8, 15.5, 4, 10, '2023-06-22 00:00:00'),
(1112, 5, 11, 57.1, 6, 4, '2023-06-22 00:00:00'),
(1113, 5, 3, 29.4, 5, 8, '2023-06-03 00:00:00'),
(1114, 3, 11, 45.8, 5, 13, '2023-06-14 00:00:00'),
(1115, 3, 15, 43.4, 4, 8, '2023-06-11 00:00:00'),
(1116, 4, 22, 27.9, 4, 8, '2023-06-05 00:00:00'),
(1117, 3, 13, 18.1, 1, 15, '2023-06-27 00:00:00'),
(1118, 5, 10, 35.1, 1, 12, '2023-06-16 00:00:00'),
(1119, 5, 11, 12.8, 6, 4, '2023-06-18 00:00:00'),
(1120, 4, 13, 30.2, 2, 13, '2023-06-12 00:00:00'),
(1121, 3, 20, 57.7, 1, 5, '2023-06-17 00:00:00'),
(1122, 4, 7, 27.1, 1, 12, '2023-06-01 00:00:00'),
(1123, 5, 10, 54.4, 6, 8, '2023-06-21 00:00:00'),
(1124, 3, 6, 30, 4, 4, '2023-06-15 00:00:00'),
(1125, 5, 17, 26.5, 2, 10, '2023-06-15 00:00:00'),
(1126, 5, 2, 28.5, 1, 8, '2023-06-28 00:00:00'),
(1127, 4, 20, 20.5, 5, 14, '2023-06-20 00:00:00'),
(1128, 5, 13, 13.4, 3, 5, '2023-06-24 00:00:00'),
(1129, 4, 22, 49.7, 5, 10, '2023-06-20 00:00:00'),
(1130, 4, 21, 30.2, 1, 15, '2023-06-07 00:00:00'),
(1131, 5, 22, 46.2, 1, 8, '2023-06-29 00:00:00'),
(1132, 3, 22, 57.9, 3, 15, '2023-06-02 00:00:00'),
(1133, 3, 11, 55, 1, 5, '2023-06-15 00:00:00'),
(1134, 4, 16, 60, 3, 5, '2023-06-05 00:00:00'),
(1135, 5, 8, 18, 4, 8, '2023-06-25 00:00:00'),
(1136, 5, 3, 21.6, 4, 10, '2023-06-07 00:00:00'),
(1137, 5, 17, 54.4, 1, 13, '2023-06-16 00:00:00'),
(1138, 3, 2, 54.9, 1, 10, '2023-06-02 00:00:00'),
(1139, 5, 22, 35.6, 4, 11, '2023-06-03 00:00:00'),
(1140, 4, 22, 28.1, 2, 6, '2023-06-12 00:00:00'),
(1141, 5, 16, 16.8, 4, 6, '2023-06-27 00:00:00'),
(1142, 5, 4, 18.5, 3, 7, '2023-06-05 00:00:00'),
(1143, 4, 4, 34.2, 4, 7, '2023-06-13 00:00:00'),
(1144, 3, 9, 49.3, 5, 6, '2023-06-27 00:00:00'),
(1145, 5, 16, 49.8, 1, 5, '2023-06-04 00:00:00'),
(1146, 4, 9, 50.5, 3, 4, '2023-06-26 00:00:00'),
(1147, 5, 17, 30, 1, 8, '2023-06-05 00:00:00'),
(1148, 3, 13, 58.1, 6, 9, '2023-06-09 00:00:00'),
(1149, 3, 5, 29.9, 6, 10, '2023-06-27 00:00:00'),
(1150, 3, 5, 24.7, 5, 13, '2023-06-02 00:00:00'),
(1151, 3, 9, 49.1, 4, 9, '2023-06-12 00:00:00'),
(1152, 3, 16, 43.2, 3, 9, '2023-06-04 00:00:00'),
(1153, 5, 16, 48.6, 5, 11, '2023-06-10 00:00:00'),
(1154, 3, 16, 31.9, 3, 14, '2023-06-30 00:00:00'),
(1155, 4, 15, 38.1, 2, 7, '2023-06-11 00:00:00'),
(1156, 4, 14, 52.8, 3, 6, '2023-06-06 00:00:00'),
(1157, 4, 1, 28.9, 2, 8, '2023-06-24 00:00:00'),
(1158, 4, 18, 55.1, 3, 11, '2023-06-16 00:00:00'),
(1159, 3, 10, 52.7, 6, 11, '2023-06-06 00:00:00'),
(1160, 5, 18, 28.7, 5, 4, '2023-06-23 00:00:00'),
(1161, 5, 4, 22.2, 4, 5, '2023-06-08 00:00:00'),
(1162, 3, 11, 52.1, 1, 9, '2023-06-03 00:00:00'),
(1163, 3, 4, 34.7, 1, 5, '2023-06-14 00:00:00'),
(1164, 4, 16, 21.8, 5, 9, '2023-06-29 00:00:00'),
(1165, 5, 4, 25.8, 4, 15, '2023-06-03 00:00:00'),
(1166, 4, 14, 32.5, 1, 11, '2023-06-12 00:00:00'),
(1167, 5, 15, 13.5, 6, 12, '2023-06-20 00:00:00'),
(1168, 4, 22, 45.2, 4, 11, '2023-06-18 00:00:00'),
(1169, 4, 8, 51, 1, 14, '2023-06-15 00:00:00'),
(1170, 5, 1, 16.3, 2, 7, '2023-06-15 00:00:00'),
(1171, 5, 10, 18.2, 4, 14, '2023-06-08 00:00:00'),
(1172, 3, 15, 55, 6, 10, '2023-06-13 00:00:00'),
(1173, 3, 18, 21.9, 1, 10, '2023-06-01 00:00:00'),
(1174, 3, 3, 14, 4, 4, '2023-06-23 00:00:00'),
(1175, 3, 14, 25.7, 6, 15, '2023-06-18 00:00:00'),
(1176, 5, 9, 17.4, 5, 13, '2023-06-08 00:00:00'),
(1177, 4, 16, 28, 5, 9, '2023-06-19 00:00:00'),
(1178, 5, 21, 12, 6, 14, '2023-06-07 00:00:00'),
(1179, 5, 21, 45.5, 4, 11, '2023-06-29 00:00:00'),
(1180, 5, 11, 15.3, 3, 14, '2023-06-27 00:00:00'),
(1181, 3, 7, 26.7, 6, 4, '2023-06-23 00:00:00'),
(1182, 5, 14, 48.6, 2, 13, '2023-06-19 00:00:00'),
(1183, 4, 5, 19.1, 6, 9, '2023-06-29 00:00:00'),
(1184, 5, 15, 43.8, 6, 11, '2023-06-26 00:00:00'),
(1186, 4, 22, 48.8, 2, 5, '2023-06-22 00:00:00'),
(1187, 5, 16, 31.5, 2, 4, '2023-06-27 00:00:00'),
(1188, 5, 9, 44.5, 4, 8, '2023-06-05 00:00:00'),
(1189, 3, 15, 29.5, 3, 15, '2023-06-05 00:00:00'),
(1190, 3, 19, 48.2, 1, 8, '2023-06-26 00:00:00'),
(1191, 3, 20, 30.2, 5, 10, '2023-06-04 00:00:00'),
(1192, 4, 3, 36.4, 1, 15, '2023-06-11 00:00:00'),
(1193, 3, 1, 19.6, 1, 13, '2023-06-24 00:00:00'),
(1194, 5, 4, 58.1, 4, 12, '2023-06-30 00:00:00'),
(1195, 5, 16, 46.9, 1, 14, '2023-06-04 00:00:00'),
(1196, 3, 15, 19.6, 3, 6, '2023-06-03 00:00:00'),
(1197, 4, 4, 33.7, 4, 12, '2023-06-19 00:00:00'),
(1198, 3, 20, 31.2, 6, 5, '2023-06-05 00:00:00'),
(1199, 5, 19, 20.6, 1, 5, '2023-06-12 00:00:00'),
(1200, 3, 12, 33.3, 4, 7, '2023-06-12 00:00:00'),
(1201, 3, 17, 53.2, 1, 5, '2023-06-17 00:00:00'),
(1202, 3, 8, 25, 4, 11, '2023-06-18 00:00:00'),
(1203, 4, 4, 54.6, 1, 11, '2023-06-04 00:00:00'),
(1204, 5, 16, 24, 3, 4, '2023-06-12 00:00:00'),
(1205, 4, 21, 16.5, 5, 8, '2023-06-18 00:00:00'),
(1206, 3, 21, 58.3, 6, 9, '2023-06-07 00:00:00'),
(1207, 3, 7, 52.9, 1, 8, '2023-06-08 00:00:00'),
(1208, 3, 22, 16.1, 1, 7, '2023-06-03 00:00:00'),
(1209, 4, 8, 17.2, 1, 12, '2023-06-27 00:00:00'),
(1210, 4, 9, 40.9, 4, 14, '2023-06-03 00:00:00'),
(1211, 5, 21, 55.8, 3, 9, '2023-06-20 00:00:00'),
(1212, 5, 11, 28.7, 2, 14, '2023-06-03 00:00:00'),
(1213, 5, 11, 13.8, 6, 6, '2023-06-29 00:00:00'),
(1214, 3, 3, 57.6, 4, 8, '2023-06-14 00:00:00'),
(1215, 4, 4, 36.2, 5, 15, '2023-06-20 00:00:00'),
(1216, 4, 4, 45.2, 4, 7, '2023-06-26 00:00:00'),
(1217, 3, 14, 12.7, 3, 15, '2023-06-22 00:00:00'),
(1218, 5, 19, 32.4, 4, 15, '2023-06-24 00:00:00'),
(1219, 3, 4, 14.4, 2, 5, '2023-06-07 00:00:00'),
(1220, 3, 12, 59.7, 3, 14, '2023-06-12 00:00:00'),
(1221, 3, 1, 52.5, 2, 7, '2023-06-16 00:00:00'),
(1222, 4, 3, 26.8, 5, 4, '2023-06-24 00:00:00'),
(1223, 3, 8, 49.6, 5, 15, '2023-06-06 00:00:00'),
(1224, 3, 21, 57.4, 5, 14, '2023-06-20 00:00:00'),
(1225, 4, 13, 41.6, 1, 13, '2023-06-27 00:00:00'),
(1227, 3, 17, 14.4, 4, 11, '2023-06-25 00:00:00'),
(1228, 3, 3, 59.7, 6, 15, '2023-06-09 00:00:00'),
(1229, 4, 21, 40.9, 3, 10, '2023-06-06 00:00:00'),
(1230, 3, 12, 20.9, 2, 9, '2023-06-29 00:00:00'),
(1231, 3, 9, 36.2, 4, 15, '2023-06-17 00:00:00'),
(1232, 4, 11, 46.3, 3, 6, '2023-06-02 00:00:00'),
(1233, 4, 8, 49.7, 3, 6, '2023-06-10 00:00:00'),
(1234, 4, 19, 43.4, 4, 12, '2023-06-13 00:00:00'),
(1235, 4, 12, 57.1, 5, 13, '2023-06-30 00:00:00'),
(1236, 4, 7, 14.4, 6, 11, '2023-06-01 00:00:00'),
(1237, 4, 12, 22.2, 2, 14, '2023-06-04 00:00:00'),
(1238, 5, 14, 54.7, 3, 9, '2023-06-03 00:00:00'),
(1239, 4, 6, 38.4, 2, 13, '2023-06-14 00:00:00'),
(1240, 3, 1, 36.9, 6, 10, '2023-05-30 00:00:00'),
(1241, 4, 16, 51.2, 1, 12, '2023-05-11 00:00:00'),
(1242, 3, 1, 15.9, 5, 11, '2023-05-28 00:00:00'),
(1243, 5, 15, 51.6, 6, 12, '2023-05-30 00:00:00'),
(1244, 5, 6, 18.4, 4, 15, '2023-05-06 00:00:00'),
(1245, 3, 3, 33.6, 1, 14, '2023-05-11 00:00:00'),
(1246, 3, 2, 48.5, 5, 12, '2023-05-02 00:00:00'),
(1247, 5, 1, 35.2, 4, 5, '2023-05-21 00:00:00'),
(1248, 3, 16, 34.6, 4, 15, '2023-05-03 00:00:00'),
(1249, 3, 6, 44.8, 4, 6, '2023-05-27 00:00:00'),
(1250, 4, 5, 37.4, 1, 11, '2023-05-25 00:00:00'),
(1251, 3, 2, 57, 5, 6, '2023-05-16 00:00:00'),
(1252, 4, 11, 56.2, 1, 11, '2023-05-01 00:00:00'),
(1253, 5, 21, 47.5, 5, 15, '2023-05-04 00:00:00'),
(1254, 5, 19, 26.5, 3, 11, '2023-05-26 00:00:00'),
(1255, 4, 12, 27, 1, 11, '2023-05-03 00:00:00'),
(1256, 4, 14, 54.3, 5, 7, '2023-05-23 00:00:00'),
(1257, 4, 11, 37, 6, 12, '2023-05-03 00:00:00'),
(1258, 4, 11, 51.6, 4, 13, '2023-05-30 00:00:00'),
(1259, 3, 5, 12.3, 5, 6, '2023-05-05 00:00:00'),
(1260, 3, 13, 24.1, 2, 12, '2023-05-26 00:00:00'),
(1261, 4, 7, 16.6, 6, 7, '2023-05-16 00:00:00'),
(1262, 5, 2, 33.2, 5, 12, '2023-05-19 00:00:00'),
(1263, 4, 15, 12.8, 2, 9, '2023-05-11 00:00:00'),
(1264, 5, 19, 12.7, 5, 8, '2023-05-12 00:00:00'),
(1265, 5, 10, 57.8, 6, 10, '2023-05-26 00:00:00'),
(1266, 4, 20, 15.1, 6, 7, '2023-05-22 00:00:00'),
(1267, 5, 17, 57.6, 2, 4, '2023-05-15 00:00:00'),
(1268, 4, 9, 21, 6, 14, '2023-05-01 00:00:00'),
(1269, 3, 1, 31.3, 4, 13, '2023-05-11 00:00:00'),
(1270, 3, 17, 25.4, 2, 11, '2023-05-29 00:00:00'),
(1271, 3, 6, 54.3, 5, 13, '2023-05-15 00:00:00'),
(1272, 5, 2, 26, 3, 8, '2023-05-22 00:00:00'),
(1273, 3, 2, 17.8, 4, 15, '2023-05-03 00:00:00'),
(1274, 5, 8, 16.2, 5, 10, '2023-05-30 00:00:00'),
(1275, 4, 13, 57.5, 6, 9, '2023-05-01 00:00:00'),
(1276, 3, 14, 18.7, 4, 9, '2023-05-29 00:00:00'),
(1277, 5, 8, 56.6, 2, 12, '2023-05-22 00:00:00'),
(1278, 5, 12, 25, 2, 11, '2023-05-24 00:00:00'),
(1279, 4, 18, 58.6, 2, 5, '2023-05-18 00:00:00'),
(1280, 4, 10, 31.5, 1, 4, '2023-05-14 00:00:00'),
(1281, 5, 7, 33.1, 2, 11, '2023-05-08 00:00:00'),
(1282, 4, 19, 27.8, 1, 8, '2023-05-12 00:00:00'),
(1283, 3, 12, 50, 6, 13, '2023-05-04 00:00:00'),
(1284, 3, 18, 53.8, 4, 7, '2023-05-01 00:00:00'),
(1285, 4, 15, 40.1, 2, 11, '2023-05-04 00:00:00'),
(1286, 4, 20, 21.6, 1, 7, '2023-05-25 00:00:00'),
(1287, 4, 14, 57.9, 6, 14, '2023-05-05 00:00:00'),
(1288, 5, 18, 59.9, 1, 4, '2023-05-23 00:00:00'),
(1289, 5, 13, 37.3, 5, 5, '2023-05-17 00:00:00'),
(1290, 4, 6, 25.2, 6, 15, '2023-05-02 00:00:00'),
(1291, 4, 11, 17.7, 4, 11, '2023-05-16 00:00:00'),
(1292, 4, 1, 16.5, 1, 4, '2023-05-21 00:00:00'),
(1293, 3, 6, 53.4, 3, 7, '2023-05-12 00:00:00'),
(1294, 5, 2, 42.9, 2, 15, '2023-05-23 00:00:00'),
(1295, 3, 8, 23.7, 4, 11, '2023-05-01 00:00:00'),
(1296, 3, 5, 29.3, 5, 14, '2023-05-13 00:00:00'),
(1297, 4, 7, 34, 2, 14, '2023-05-11 00:00:00'),
(1298, 5, 18, 54.1, 3, 4, '2023-05-10 00:00:00'),
(1299, 4, 12, 41.9, 5, 4, '2023-05-21 00:00:00'),
(1300, 4, 19, 30.8, 1, 11, '2023-05-26 00:00:00'),
(1301, 3, 10, 24.6, 5, 6, '2023-05-02 00:00:00'),
(1302, 4, 14, 17.5, 3, 15, '2023-05-09 00:00:00'),
(1303, 5, 1, 50.1, 6, 12, '2023-05-29 00:00:00'),
(1304, 5, 2, 53.3, 2, 12, '2023-05-23 00:00:00'),
(1305, 5, 4, 19.8, 6, 12, '2023-05-07 00:00:00'),
(1306, 4, 17, 59, 5, 9, '2023-05-23 00:00:00'),
(1307, 3, 16, 12.5, 2, 7, '2023-05-21 00:00:00'),
(1308, 4, 20, 37.9, 5, 9, '2023-05-10 00:00:00'),
(1309, 3, 9, 53.6, 3, 10, '2023-05-17 00:00:00'),
(1310, 4, 17, 37.9, 3, 6, '2023-05-17 00:00:00'),
(1311, 4, 11, 29.5, 3, 6, '2023-05-15 00:00:00'),
(1312, 5, 18, 34.6, 2, 15, '2023-05-28 00:00:00'),
(1313, 4, 8, 15, 6, 9, '2023-05-11 00:00:00'),
(1314, 3, 22, 30, 1, 14, '2023-05-18 00:00:00'),
(1315, 3, 4, 43.2, 2, 13, '2023-05-14 00:00:00'),
(1316, 5, 1, 55.9, 3, 9, '2023-05-19 00:00:00'),
(1317, 3, 21, 13.7, 1, 11, '2023-05-13 00:00:00'),
(1318, 4, 19, 51.3, 3, 10, '2023-05-10 00:00:00'),
(1319, 5, 7, 34.9, 6, 8, '2023-05-01 00:00:00'),
(1320, 4, 5, 28, 3, 15, '2023-05-27 00:00:00'),
(1321, 5, 2, 14.7, 2, 5, '2023-05-20 00:00:00'),
(1322, 3, 11, 55.8, 6, 6, '2023-05-18 00:00:00'),
(1323, 4, 10, 27.8, 6, 10, '2023-05-10 00:00:00'),
(1324, 4, 2, 21, 1, 4, '2023-05-25 00:00:00'),
(1325, 5, 14, 39.2, 5, 10, '2023-05-01 00:00:00'),
(1326, 3, 8, 54.8, 5, 8, '2023-05-04 00:00:00'),
(1327, 3, 18, 36.9, 1, 15, '2023-05-06 00:00:00'),
(1328, 4, 19, 57.3, 5, 14, '2023-05-09 00:00:00');
INSERT INTO `record_exercise_record` (`sid`, `member_sid`, `exe_type_sid`, `weight`, `sets`, `reps`, `exe_date`) VALUES
(1329, 3, 3, 20, 3, 14, '2023-05-29 00:00:00'),
(1330, 3, 14, 51.3, 2, 14, '2023-05-18 00:00:00'),
(1331, 5, 19, 39.4, 2, 8, '2023-05-25 00:00:00'),
(1332, 4, 22, 43, 3, 7, '2023-05-04 00:00:00'),
(1333, 5, 7, 49, 6, 15, '2023-05-09 00:00:00'),
(1334, 4, 22, 52.8, 4, 11, '2023-05-09 00:00:00'),
(1335, 5, 3, 39.6, 5, 5, '2023-05-19 00:00:00'),
(1336, 5, 9, 54.6, 2, 10, '2023-05-25 00:00:00'),
(1337, 3, 18, 39.6, 6, 9, '2023-05-23 00:00:00'),
(1338, 5, 10, 14.5, 2, 6, '2023-05-25 00:00:00'),
(1339, 3, 20, 59.5, 4, 4, '2023-05-26 00:00:00'),
(1340, 5, 1, 1, 1, 1, '2023-07-23 00:00:00'),
(1422, 5, 3, 70, 6, 10, '2023-09-02 00:00:00'),
(1423, 5, 3, 68, 5, 12, '2023-09-02 00:00:00'),
(1424, 5, 2, 123, 4, 13, '2023-09-02 00:00:00'),
(1425, 5, 3, 123, 6, 7, '2023-09-02 00:00:00'),
(1435, 5, 6, 1, 1, 1, '2023-09-15 00:00:00'),
(1436, 5, 16, 36.7, 6, 5, '2023-09-21 00:00:00'),
(1437, 5, 16, 23.1, 5, 6, '2023-09-21 00:00:00'),
(1438, 5, 9, 43.7, 1, 7, '2023-09-21 00:00:00'),
(1439, 5, 18, 51, 5, 12, '2023-09-21 00:00:00'),
(1441, 5, 3, 123, 7, 1, '2023-09-08 00:00:00'),
(1444, 5, 3, 1, 3, 2, '2023-09-22 00:00:00'),
(1453, 5, 3, 2, 2, 2, '2023-09-14 00:00:00'),
(1465, 5, 3, 1, 1, 1, '2023-09-14 00:00:00'),
(1468, 5, 3, 123, 6, 14, '2023-09-22 00:00:00'),
(1473, 5, 16, 42.5, 3, 6, '2023-07-08 00:00:00'),
(1474, 5, 19, 49.5, 2, 10, '2023-07-08 00:00:00'),
(1476, 5, 2, 1, 3, 2, '2023-09-30 00:00:00'),
(1555, 5, 18, 41.1, 5, 6, '2023-07-14 00:00:00'),
(1558, 5, 22, 50.1, 2, 14, '2023-07-15 00:00:00'),
(1561, 5, 4, 55.4, 4, 9, '2023-07-02 00:00:00'),
(1568, 5, 16, 21.4, 5, 9, '2023-07-06 00:00:00'),
(1569, 5, 14, 37.8, 3, 12, '2023-07-06 00:00:00'),
(1570, 5, 13, 51.6, 6, 7, '2023-07-06 00:00:00'),
(1577, 5, 6, 16.3, 2, 7, '2023-07-19 00:00:00'),
(1578, 5, 6, 50, 5, 5, '2023-07-19 00:00:00'),
(1579, 5, 17, 57.5, 4, 13, '2023-07-19 00:00:00'),
(1592, 5, 9, 5, 5, 5, '2023-08-12 00:00:00'),
(1593, 5, 3, 55, 5, 5, '2023-07-16 00:00:00'),
(1594, 5, 5, 42, 2, 11, '2023-07-16 00:00:00'),
(1595, 5, 5, 42, 2, 11, '2023-07-16 00:00:00'),
(1596, 5, 3, 100, 4, 6, '2023-07-16 00:00:00'),
(1597, 5, 3, 77, 3, 4, '2023-07-16 00:00:00'),
(1598, 5, 3, 56, 5, 5, '2023-07-16 00:00:00'),
(1599, 5, 2, 52, 5, 9, '2023-08-07 00:00:00'),
(1600, 5, 1, 46.2, 6, 10, '2023-08-07 00:00:00'),
(1601, 5, 7, 27.9, 1, 10, '2023-08-07 00:00:00'),
(1602, 5, 10, 47.5, 1, 7, '2023-08-07 00:00:00'),
(1603, 5, 11, 40.9, 5, 5, '2023-08-07 00:00:00'),
(1604, 5, 3, 14.6, 4, 11, '2023-08-07 00:00:00'),
(1605, 5, 9, 36.1, 3, 9, '2023-08-07 00:00:00'),
(1606, 5, 18, 33.7, 4, 8, '2023-08-11 00:00:00'),
(1607, 5, 19, 55.7, 1, 10, '2023-08-11 00:00:00'),
(1608, 5, 4, 45.8, 6, 5, '2023-08-11 00:00:00'),
(1609, 5, 12, 56.8, 1, 9, '2023-08-11 00:00:00'),
(1610, 5, 9, 54, 6, 13, '2023-08-11 00:00:00'),
(1611, 5, 2, 55, 6, 6, '2023-08-02 00:00:00'),
(1613, 5, 6, 65, 5, 5, '2023-10-01 00:00:00'),
(1619, 5, 2, 29, 2, 5, '2023-08-05 00:00:00'),
(1620, 5, 2, 27.3, 5, 13, '2023-08-05 00:00:00'),
(1621, 5, 9, 48.8, 1, 9, '2023-08-05 00:00:00'),
(1622, 5, 3, 55, 3, 2, '2023-09-01 00:00:00'),
(1623, 5, 16, 36.7, 6, 5, '2023-09-01 00:00:00'),
(1624, 5, 18, 51, 5, 12, '2023-09-01 00:00:00'),
(1625, 5, 9, 43.7, 1, 7, '2023-09-01 00:00:00'),
(1626, 5, 18, 51, 5, 12, '2023-09-01 00:00:00'),
(1627, 5, 3, 55, 3, 2, '2023-09-07 00:00:00'),
(1628, 5, 20, 55, 5, 5, '2023-09-07 00:00:00');

-- --------------------------------------------------------

--
-- Table structure for table `record_exercise_type`
--

DROP TABLE IF EXISTS `record_exercise_type`;
CREATE TABLE `record_exercise_type` (
  `sid` int(11) NOT NULL,
  `exercise_name` varchar(255) NOT NULL,
  `exercise_description` varchar(255) NOT NULL,
  `exercise_img` varchar(255) DEFAULT NULL,
  `exercise_vid` varchar(255) DEFAULT NULL,
  `frontBackLow` int(11) NOT NULL,
  `status` int(11) NOT NULL DEFAULT '1'
) ENGINE=InnoDB DEFAULT CHARSET=utf8mb4;

--
-- Dumping data for table `record_exercise_type`
--

INSERT INTO `record_exercise_type` (`sid`, `exercise_name`, `exercise_description`, `exercise_img`, `exercise_vid`, `frontBackLow`, `status`) VALUES
(1, '槓鈴深蹲', '雙腳與肩同寬，腳尖朝前。彎曲膝蓋，降低身體直到大腿與地面平行，然後站起來。', '槓鈴深蹲.jpg', 'https://www.youtube.com/embed/gcNh17Ckjgg?start=154', 2, 1),
(2, '槓鈴臥推', '躺在平板凳上，抓住槓鈴使手臂與肩同寬，然後將槓鈴降低到胸前，再推回原位。', '槓鈴臥推.jpg', 'https://www.youtube.com/embed/4Y2ZdHCOXok?start=18', 0, 1),
(3, '槓鈴硬舉', '雙腳與肩同寬，握住槓鈴，然後通過膝蓋和臀部的伸展將重量從地面上抬起。', '槓鈴硬舉.jpg', 'https://www.youtube.com/embed/VL5Ab0T07e4?start=195', 2, 1),
(4, '弓箭步', '一腳向前邁步，降低身體直到兩腿都彎曲成90度，然後向上推起，換另一隻腳重複練習。', '弓箭步.jpg', 'https://www.youtube.com/embed/3XDriUn0udo?start=39', 2, 1),
(5, '引體向上', '以肩同寬握住橫向的懸浮杠，然後拉起身體直到下巴高於橫杆，再降下身體。', '引體向上.jpg', 'https://www.youtube.com/embed/sIvJTfGxdFo?start=219', 1, 1),
(6, '伏地挺身', '從平板支撐的姿勢開始，以肩同寬的手距降低身體，直到胸部碰到地面，然後推回原位。', '伏地挺身.jpg', 'https://www.youtube.com/embed/AhdtowFDKT0?start=104', 0, 1),
(7, '啞鈴二頭彎舉', '雙腳與肩同寬，握住一支啞鈴，將其向上彎曲到肩膀，然後降低到原位。', '啞鈴二頭彎舉.jpg', 'https://www.youtube.com/embed/ykJmrZ5v0Oo?start=4', 0, 1),
(8, '三頭肌板凳撐體', '坐在長凳邊緣，雙手握住後方邊緣，然後彎曲肘部降低身體，再推回原位。', '三頭肌板凳撐體.jpg', 'https://www.youtube.com/embed/jdFzYGmvDyg?start=120', 1, 1),
(9, '機器腿推舉', '坐在機器上，腳踏在平台上，然後用腿推開平台，再降低到原位。', '機器腿推舉.jpg', 'https://www.youtube.com/embed/IZxyjW7MPJQ?start=4', 2, 1),
(10, '三頭纜繩下拉', '坐在設備下面，握住繩子，然後向下拉到手伸直，然後緩慢地返回原位。', '三頭纜繩下拉.jpg', 'https://www.youtube.com/embed/tMyFe-IL7Ks?start=412', 1, 1),
(11, '卷腹', '這是一種腹肌鍛煉，主要鍛煉腹肌。 你平躺在地上，抬起雙腿，收緊腹部，使上半身離地，然後再慢慢放下。 ', '卷腹.jpg', 'https://www.youtube.com/embed/2_e4I-brfqs?start=60', 0, 1),
(12, '啞鈴側平舉', '這是一種鍛煉，主要鍛煉胸部肌肉的鍛煉。 你躺在板凳上，用啞鈴做“V”字型，然後慢慢下放，再向上舉起。 ', '啞鈴側平舉.jpg', 'https://www.youtube.com/embed/v_ZkxWzYnMc?start=56', 1, 1),
(13, '側平板支撐', '這是一種腰腹肌鍛煉，主要鍛煉腹橫肌和腰肌。 你側著身子，用手肘和膝蓋支撐地面，然後使身體離地，維持一定的時間。 ', '側平板支撐.jpg', 'https://www.youtube.com/embed/2_e4I-brfqs?start=210', 1, 1),
(14, '提踵', '這是一種腿部鍛煉，主要鍛煉小腿肌肉。 你站在踏板上，先讓腳跟下降到低點，然後用小腿力量將身體提起來，再慢慢放下。 ', '提踵.jpg', 'https://www.youtube.com/embed/7gguihMNVSE?start=381', 2, 1),
(15, '平板支撐', '這是一種腹肌鍛煉，主要鍛煉腹部肌肉。 你採取仰臥的姿勢，支撐膝蓋和前臂，使身體保持平衡狀態，直到時間結束。 ', '平板支撐.jpg', 'https://www.youtube.com/embed/pSHjTRCQxIw?start=2', 0, 1),
(16, '啞鈴推舉', '這是一種肩部鍛煉，主要鍛煉肩前束和三角肌。 你雙腳併攏站立，將負重啞鈴放在肩膀兩側，用雙手向上推舉，直到臂展完全伸直。 ', '啞鈴推舉.jpg', 'https://www.youtube.com/embed/0JfYxMRsUCQ?start=5', 0, 1),
(17, '啞鈴俯身划船', '這是一種鍛煉，主要鍛煉背部和手臂的鍛煉。 你俯身，抓住啞鈴，手臂伸直，然後將啞鈴拉向胸部，再慢慢放下。 ', '啞鈴俯身划船.jpg', 'https://www.youtube.com/embed/pYcpY20QaE8?start=11', 1, 1),
(18, '槓鈴肩推', '這是一種肩部鍛煉，主要鍛煉肩前束和三角肌。 你雙腳併攏站立，將槓鈴放在肩膀前方，用雙手向上推舉，直到臂展完全伸直。 ', '槓鈴肩推.jpg', 'https://www.youtube.com/embed/_RlRDWO2jfg?start=13', 0, 1),
(19, '窄距伏地挺身', '這是一種鍛煉，主要鍛煉三頭肌的鍛煉。你雙手放在地上，兩手指尖相碰，然後彎曲肘部，使身體向地面靠近，再用三頭肌力量將身體推回到起始位置。', '窄距伏地挺身.jpg', 'https://www.youtube.com/embed/IcWPQo1i0k4?start=3', 0, 1),
(20, '雙槓撐體', '這是一種鍛煉，主要鍛煉三頭肌的鍛煉。用雙手握住杠桿，將身體向上推，然後彎曲肘部，直到上臂與地面成平行，然後再慢慢放回到起始位置。', '雙槓撐體.jpg', 'https://www.youtube.com/embed/sM6XUdt1rm4?start=12', 0, 1),
(21, '槓鈴直腿硬舉', '如同傳統硬舉一樣，動作起始直接從向心收縮開始，但它臀位更高，且上半身更平行於地面。', '槓鈴直腿硬舉.jpg', 'https://www.youtube.com/embed/1uDiW5--rAE?start=14', 2, 1),
(22, '羅馬椅', '手拿槓片或是徒手的方式，將身體靠在羅馬椅上，確保椅墊約在髖關節的地方。用腿後側與臀部的力量，並注意核心與束脊肌穩定收緊，將上半身往上抬起，讓身體與羅馬椅呈現平行的一直線。', '羅馬椅.jpg', 'https://www.youtube.com/embed/H8Swl1N-uis?start=20', 1, 1),
(23, '啞鈴前平舉', '握著啞鈴，雙手自然下垂，肩膀放鬆。慢慢將啞鈴提升至肩平，保持姿勢穩定，再慢慢降回初始位置。重複動作。', '啞鈴前平舉.jpg', 'https://www.youtube.com/embed/-t7fuZ0KhDA?start=3', 0, 1),
(24, '纜繩側平舉', '握住纜繩，身體站立，腳稍微分開。一手握緊纜繩，手臂自然下垂。以肩膀為軸心，慢慢將手臂往側邊平舉，直到與地面平行。然後緩慢地回到初始位置，完成一次側平舉動作。重複動作，再換另一邊。', '纜繩側平舉.jpg', 'https://www.youtube.com/embed/VOAvDZGHOOI?start=62', 0, 1),
(25, '啞鈴集中彎舉', '坐在椅子上，腳平放地面，背部挺直。握住啞鈴，雙手自然垂放身體兩側。雙手同時彎曲向上，將啞鈴集中向肩膀靠近，然後緩慢地放回初始位置。保持手臂姿勢穩定，重複動作完成集中彎舉。', '啞鈴集中彎舉.jpg', NULL, 0, 1),
(26, '坐姿啞鈴彎舉', '坐在椅子上，握住啞鈴，雙手自然垂放身體兩側。一手或兩手同時彎曲向上，將啞鈴從大腿前方往肩膀靠近，直到手臂彎曲到最大程度。然後慢慢放回初始位置，重複動作完成啞鈴彎舉。', '坐姿啞鈴彎舉.jpg', NULL, 0, 1),
(27, 'V型坐姿保持', 'V型坐姿保持，背部離地，保持姿勢穩定。重複動作。', 'V型坐姿保持.jpg', NULL, 0, 1),
(28, '纜繩收腹', '纜繩收腹，站在纜繩機前，握住纜繩。屈膝下蹲，手臂伸直放在頭頂上方，然後用腹肌力量拉下纜繩至腹部緊縮，再緩慢放回初始位置', '纜繩收腹.jpg', NULL, 0, 1),
(29, '坐姿提踵', '坐在椅子上，雙腳平放地面，腳尖踮起抬高腳跟，再緩慢放回原位。重複動作。', '坐姿提踵.jpg', NULL, 2, 1),
(30, '槓鈴前臂彎舉', '手臂伸直，手握著槓鈴，手心朝上。手腕維持固定，只使用手部力量將槓鈴往上彎曲', '槓鈴前臂彎舉.jpg', NULL, 0, 1),
(31, '農夫走路', '手持啞鈴或壺鈴，核心收緊，往前走。此動作訓練核心在不穩定的情況下的能力', '農夫走路.jpg', NULL, 0, 1),
(32, '纜繩後踢', '纜繩後踢，站立面對纜繩機，用腿後方向上方踢出，強化臀部。', '纜繩後踢.jpg', NULL, 2, 1),
(33, '槓鈴臀推', '槓鈴臀推，仰躺於地，肩部靠椅子，槓鈴放在髖部，臀部向上推舉，加強臀部肌肉。', '槓鈴臀推.jpg', NULL, 2, 1);

-- --------------------------------------------------------

--
-- Table structure for table `record_exercis_bodypart_ref`
--

DROP TABLE IF EXISTS `record_exercis_bodypart_ref`;
CREATE TABLE `record_exercis_bodypart_ref` (
  `sid` int(11) NOT NULL,
  `exerciseType_sid` int(11) NOT NULL,
  `bodyPart_sid` int(11) NOT NULL
) ENGINE=InnoDB DEFAULT CHARSET=utf8mb4;

--
-- Dumping data for table `record_exercis_bodypart_ref`
--

INSERT INTO `record_exercis_bodypart_ref` (`sid`, `exerciseType_sid`, `bodyPart_sid`) VALUES
(1, 1, 4),
(2, 1, 8),
(3, 2, 1),
(4, 2, 11),
(6, 3, 5),
(11, 3, 7),
(5, 3, 8),
(8, 4, 4),
(7, 4, 8),
(10, 5, 6),
(9, 5, 12),
(13, 6, 1),
(12, 6, 2),
(14, 7, 12),
(15, 8, 11),
(16, 9, 4),
(17, 10, 11),
(18, 11, 2),
(19, 12, 3),
(20, 13, 2),
(21, 14, 10),
(22, 15, 2),
(23, 16, 3),
(24, 17, 6),
(26, 19, 1),
(25, 19, 11),
(28, 20, 1),
(27, 20, 11),
(29, 21, 5),
(31, 22, 5),
(44, 22, 7),
(30, 22, 8),
(32, 23, 3),
(33, 24, 3),
(34, 25, 12),
(35, 26, 12),
(36, 27, 2),
(37, 28, 2),
(38, 29, 10),
(39, 30, 9),
(40, 31, 2),
(41, 31, 4),
(43, 32, 5),
(42, 32, 8),
(46, 33, 5),
(47, 33, 7),
(45, 33, 8);

-- --------------------------------------------------------

--
-- Stand-in structure for view `record_exe_bodypart_ref`
-- (See below for the actual view)
--
DROP VIEW IF EXISTS `record_exe_bodypart_ref`;
CREATE TABLE `record_exe_bodypart_ref` (
`sid` int(11)
,`exercise_name` varchar(255)
,`bodyPart_name` varchar(255)
);

-- --------------------------------------------------------

--
-- Stand-in structure for view `record_exe_record_ref`
-- (See below for the actual view)
--
DROP VIEW IF EXISTS `record_exe_record_ref`;
CREATE TABLE `record_exe_record_ref` (
`sid` int(11)
,`name` varchar(255)
,`exercise_name` varchar(255)
,`weight` float
,`sets` int(11)
,`reps` int(11)
,`exe_date` datetime
);

-- --------------------------------------------------------

--
-- Table structure for table `record_food_category`
--

DROP TABLE IF EXISTS `record_food_category`;
CREATE TABLE `record_food_category` (
  `sid` int(11) NOT NULL,
  `category_name` varchar(255) NOT NULL
) ENGINE=InnoDB DEFAULT CHARSET=utf8mb4;

--
-- Dumping data for table `record_food_category`
--

INSERT INTO `record_food_category` (`sid`, `category_name`) VALUES
(1, '海鮮'),
(2, '肉類'),
(3, '豆類'),
(4, '米食'),
(5, '奶製品'),
(6, '堅果'),
(7, '蔬菜'),
(8, '蛋'),
(9, '麥類');

-- --------------------------------------------------------

--
-- Stand-in structure for view `record_food_category_ref`
-- (See below for the actual view)
--
DROP VIEW IF EXISTS `record_food_category_ref`;
CREATE TABLE `record_food_category_ref` (
`sid` int(11)
,`food_type` varchar(255)
,`category_name` varchar(255)
);

-- --------------------------------------------------------

--
-- Table structure for table `record_food_type`
--

DROP TABLE IF EXISTS `record_food_type`;
CREATE TABLE `record_food_type` (
  `sid` int(11) NOT NULL,
  `food_type` varchar(255) NOT NULL,
  `food_description` varchar(255) NOT NULL,
  `calories` float NOT NULL,
  `protein` float NOT NULL,
  `unit` enum('100g','100ml') NOT NULL,
  `food_img` varchar(255) DEFAULT NULL,
  `category_sid` int(11) NOT NULL,
  `status` int(11) NOT NULL DEFAULT '1'
) ENGINE=InnoDB DEFAULT CHARSET=utf8mb4;

--
-- Dumping data for table `record_food_type`
--

INSERT INTO `record_food_type` (`sid`, `food_type`, `food_description`, `calories`, `protein`, `unit`, `food_img`, `category_sid`, `status`) VALUES
(11, '雞胸肉', '低脂肪低卡路里的蛋白質來源。', 165, 31, '100g', '雞胸肉.jpg', 2, 1),
(12, '希臘優格', '一種豐富的蛋白質和低卡路里的奶製品。', 73, 10, '100g', '希臘優格.jpg', 5, 1),
(13, '杏仁', '富含健康脂肪，蛋白質和纖維的堅果。', 576, 21, '100g', '杏仁.jpg', 6, 1),
(14, '鮪魚', '高蛋白質和低卡路里的魚類。', 116, 25, '100g', '鮪魚.jpg', 1, 1),
(15, '扁豆', '富含蛋白質和纖維的豆類。', 116, 9, '100g', '扁豆.jpg', 3, 1),
(17, '起司', '富含蛋白質和鈣的牛奶製品', 98, 11, '100g', '起司.jpg', 5, 1),
(18, '蝦', '低卡路里高蛋白質的海鮮。', 99, 20, '100g', '蝦.jpg', 1, 1),
(19, '蛋白', '高蛋白質低卡路里的蛋清。', 52, 11, '100g', '蛋白.jpg', 8, 1),
(20, '脫脂奶', '高蛋白質和各種維生素和礦物質的低脂肪奶製品。', 35, 3.5, '100ml', '脫脂奶.jpg', 5, 1),
(21, '牛肉', '富含蛋白質和鐵質的肉類。', 250, 26, '100g', '牛肉.jpg', 2, 1),
(22, '燕麥片', '富含蛋白質、纖維和碳水化合物的穀物。', 389, 17, '100g', '燕麥片.jpg', 9, 1),
(23, '雞蛋', '含有高品質蛋白質、維生素和礦物質的食物。', 155, 13, '100g', '雞蛋.jpg', 8, 1),
(24, '南瓜子', '富含蛋白質、纖維和健康脂肪的堅果。', 446, 19, '100g', '南瓜子.jpg', 6, 1),
(25, '鴨肉', '富含蛋白質和鐵質的肉類。', 337, 16, '100g', '鴨肉.jpg', 2, 1),
(26, '黑豆', '富含蛋白質、纖維和礦物質的豆類。', 341, 21, '100g', '黑豆.jpg', 3, 1),
(28, '杏仁奶', '富含蛋白質、健康脂肪和維生素的植物性奶。', 56, 1, '100ml', '杏仁奶.jpg', 6, 1),
(29, '豆漿', '富含蛋白質、纖維和維生素的植物性奶。', 45, 3, '100ml', '豆漿.jpg', 3, 1),
(30, '火雞胸肉', '低脂肪低卡路里的蛋白質來源。', 104, 22, '100g', '火雞胸肉.jpg', 2, 1),
(31, '白飯', '以米為原料製作的主食。', 130, 2.7, '100g', '白飯.jpg', 4, 1);

-- --------------------------------------------------------

--
-- Structure for view `record_diet_ref`
--
DROP TABLE IF EXISTS `record_diet_ref`;

DROP VIEW IF EXISTS `record_diet_ref`;
CREATE ALGORITHM=UNDEFINED DEFINER=`root`@`localhost` SQL SECURITY DEFINER VIEW `record_diet_ref`  AS   (select `dr`.`sid` AS `sid`,`mb`.`name` AS `name`,`ft`.`food_type` AS `food_type`,`dr`.`quantity` AS `quantity`,`dr`.`diet_time` AS `diet_time` from ((`record_diet_record` `dr` join `member` `mb`) join `record_food_type` `ft`) where ((`dr`.`member_sid` = `mb`.`sid`) and (`dr`.`food_sid` = `ft`.`sid`)))  ;

-- --------------------------------------------------------

--
-- Structure for view `record_exe_bodypart_ref`
--
DROP TABLE IF EXISTS `record_exe_bodypart_ref`;

DROP VIEW IF EXISTS `record_exe_bodypart_ref`;
CREATE ALGORITHM=UNDEFINED DEFINER=`root`@`localhost` SQL SECURITY DEFINER VIEW `record_exe_bodypart_ref`  AS   (select `ref`.`sid` AS `sid`,`et`.`exercise_name` AS `exercise_name`,`bp`.`bodyPart_name` AS `bodyPart_name` from ((`record_body_part` `bp` join `record_exercise_type` `et`) join `record_exercis_bodypart_ref` `ref`) where ((`bp`.`sid` = `ref`.`bodyPart_sid`) and (`et`.`sid` = `ref`.`exerciseType_sid`)))  ;

-- --------------------------------------------------------

--
-- Structure for view `record_exe_record_ref`
--
DROP TABLE IF EXISTS `record_exe_record_ref`;

DROP VIEW IF EXISTS `record_exe_record_ref`;
CREATE ALGORITHM=UNDEFINED DEFINER=`root`@`localhost` SQL SECURITY DEFINER VIEW `record_exe_record_ref`  AS   (select `er`.`sid` AS `sid`,`mb`.`name` AS `name`,`et`.`exercise_name` AS `exercise_name`,`er`.`weight` AS `weight`,`er`.`sets` AS `sets`,`er`.`reps` AS `reps`,`er`.`exe_date` AS `exe_date` from ((`record_exercise_record` `er` join `member` `mb`) join `record_exercise_type` `et`) where ((`er`.`member_sid` = `mb`.`sid`) and (`er`.`exe_type_sid` = `et`.`sid`)))  ;

-- --------------------------------------------------------

--
-- Structure for view `record_food_category_ref`
--
DROP TABLE IF EXISTS `record_food_category_ref`;

DROP VIEW IF EXISTS `record_food_category_ref`;
CREATE ALGORITHM=UNDEFINED DEFINER=`root`@`localhost` SQL SECURITY DEFINER VIEW `record_food_category_ref`  AS   (select `ft`.`sid` AS `sid`,`ft`.`food_type` AS `food_type`,`fc`.`category_name` AS `category_name` from (`record_food_type` `ft` join `record_food_category` `fc`) where (`ft`.`category_sid` = `fc`.`sid`))  ;

--
-- Indexes for dumped tables
--

--
-- Indexes for table `c_l_category`
--
ALTER TABLE `c_l_category`
  ADD PRIMARY KEY (`sid`);

--
-- Indexes for table `c_l_certification`
--
ALTER TABLE `c_l_certification`
  ADD PRIMARY KEY (`sid`),
  ADD UNIQUE KEY `name` (`name`);

--
-- Indexes for table `c_l_coachs`
--
ALTER TABLE `c_l_coachs`
  ADD PRIMARY KEY (`sid`),
  ADD UNIQUE KEY `member_sid` (`member_sid`);

--
-- Indexes for table `c_l_lessons`
--
ALTER TABLE `c_l_lessons`
  ADD PRIMARY KEY (`sid`),
  ADD KEY `coach_sid` (`coach_sid`),
  ADD KEY `location_sid` (`location_sid`),
  ADD KEY `category_sid` (`category_sid`);

--
-- Indexes for table `c_l_location`
--
ALTER TABLE `c_l_location`
  ADD PRIMARY KEY (`sid`);

--
-- Indexes for table `c_l_rela_coach_certification`
--
ALTER TABLE `c_l_rela_coach_certification`
  ADD PRIMARY KEY (`sid`),
  ADD UNIQUE KEY `coach_sid_2` (`coach_sid`,`certification_sid`),
  ADD KEY `coach_sid` (`coach_sid`),
  ADD KEY `certification_sid` (`certification_sid`);

--
-- Indexes for table `c_l_rela_lesson_tag`
--
ALTER TABLE `c_l_rela_lesson_tag`
  ADD PRIMARY KEY (`sid`),
  ADD KEY `lession_sid` (`lesson_sid`),
  ADD KEY `tag_sid` (`tag_sid`);

--
-- Indexes for table `c_l_tags`
--
ALTER TABLE `c_l_tags`
  ADD PRIMARY KEY (`sid`),
  ADD UNIQUE KEY `name` (`name`);

--
-- Indexes for table `member`
--
ALTER TABLE `member`
  ADD PRIMARY KEY (`sid`);

--
-- Indexes for table `member_favorite_lessons`
--
ALTER TABLE `member_favorite_lessons`
  ADD PRIMARY KEY (`sid`),
  ADD UNIQUE KEY `lesson_sid` (`lesson_sid`,`member_sid`);

--
-- Indexes for table `member_favorite_products`
--
ALTER TABLE `member_favorite_products`
  ADD PRIMARY KEY (`sid`),
  ADD UNIQUE KEY `member_sid` (`member_sid`,`product_sid`,`category_sid`);

--
-- Indexes for table `member_level`
--
ALTER TABLE `member_level`
  ADD PRIMARY KEY (`sid`);

--
-- Indexes for table `member_reset_token`
--
ALTER TABLE `member_reset_token`
  ADD PRIMARY KEY (`sid`),
  ADD UNIQUE KEY `email` (`email`);

--
-- Indexes for table `member_role`
--
ALTER TABLE `member_role`
  ADD PRIMARY KEY (`sid`);

--
-- Indexes for table `member_sex`
--
ALTER TABLE `member_sex`
  ADD PRIMARY KEY (`sid`);

--
-- Indexes for table `order_cart`
--
ALTER TABLE `order_cart`
  ADD PRIMARY KEY (`sid`);

--
-- Indexes for table `order_delivery_method`
--
ALTER TABLE `order_delivery_method`
  ADD PRIMARY KEY (`sid`);

--
-- Indexes for table `order_detail`
--
ALTER TABLE `order_detail`
  ADD PRIMARY KEY (`sid`);

--
-- Indexes for table `order_main`
--
ALTER TABLE `order_main`
  ADD PRIMARY KEY (`sid`);

--
-- Indexes for table `order_product_type`
--
ALTER TABLE `order_product_type`
  ADD PRIMARY KEY (`sid`);

--
-- Indexes for table `product_color`
--
ALTER TABLE `product_color`
  ADD PRIMARY KEY (`sid`);

--
-- Indexes for table `product_description`
--
ALTER TABLE `product_description`
  ADD PRIMARY KEY (`sid`);

--
-- Indexes for table `product_rating`
--
ALTER TABLE `product_rating`
  ADD PRIMARY KEY (`sid`);

--
-- Indexes for table `product_size`
--
ALTER TABLE `product_size`
  ADD PRIMARY KEY (`sid`);

--
-- Indexes for table `record_body_part`
--
ALTER TABLE `record_body_part`
  ADD PRIMARY KEY (`sid`),
  ADD UNIQUE KEY `bodyPart_name` (`bodyPart_name`);

--
-- Indexes for table `record_condition`
--
ALTER TABLE `record_condition`
  ADD PRIMARY KEY (`sid`),
  ADD KEY `member` (`member_sid`);

--
-- Indexes for table `record_diet_record`
--
ALTER TABLE `record_diet_record`
  ADD PRIMARY KEY (`sid`),
  ADD KEY `member_sid` (`member_sid`),
  ADD KEY `food_sid` (`food_sid`);

--
-- Indexes for table `record_exercise_record`
--
ALTER TABLE `record_exercise_record`
  ADD PRIMARY KEY (`sid`),
  ADD KEY `exeType_to_exeID` (`exe_type_sid`),
  ADD KEY `member_sid` (`member_sid`);

--
-- Indexes for table `record_exercise_type`
--
ALTER TABLE `record_exercise_type`
  ADD PRIMARY KEY (`sid`),
  ADD UNIQUE KEY `exercise_name` (`exercise_name`),
  ADD UNIQUE KEY `exercise_img` (`exercise_img`),
  ADD UNIQUE KEY `exercise_vid` (`exercise_vid`);

--
-- Indexes for table `record_exercis_bodypart_ref`
--
ALTER TABLE `record_exercis_bodypart_ref`
  ADD PRIMARY KEY (`sid`),
  ADD UNIQUE KEY `exerciseType_sid` (`exerciseType_sid`,`bodyPart_sid`),
  ADD KEY `bodyPart_sid` (`bodyPart_sid`);

--
-- Indexes for table `record_food_category`
--
ALTER TABLE `record_food_category`
  ADD PRIMARY KEY (`sid`);

--
-- Indexes for table `record_food_type`
--
ALTER TABLE `record_food_type`
  ADD PRIMARY KEY (`sid`),
  ADD UNIQUE KEY `food_type` (`food_type`),
  ADD UNIQUE KEY `food_img` (`food_img`);

--
-- AUTO_INCREMENT for dumped tables
--

--
-- AUTO_INCREMENT for table `c_l_category`
--
ALTER TABLE `c_l_category`
  MODIFY `sid` int(11) NOT NULL AUTO_INCREMENT, AUTO_INCREMENT=19;

--
-- AUTO_INCREMENT for table `c_l_certification`
--
ALTER TABLE `c_l_certification`
  MODIFY `sid` int(11) NOT NULL AUTO_INCREMENT, AUTO_INCREMENT=50;

--
-- AUTO_INCREMENT for table `c_l_coachs`
--
ALTER TABLE `c_l_coachs`
  MODIFY `sid` int(11) NOT NULL AUTO_INCREMENT, AUTO_INCREMENT=26;

--
-- AUTO_INCREMENT for table `c_l_lessons`
--
ALTER TABLE `c_l_lessons`
  MODIFY `sid` int(11) NOT NULL AUTO_INCREMENT, AUTO_INCREMENT=305;

--
-- AUTO_INCREMENT for table `c_l_location`
--
ALTER TABLE `c_l_location`
  MODIFY `sid` int(11) NOT NULL AUTO_INCREMENT, AUTO_INCREMENT=4;

--
-- AUTO_INCREMENT for table `c_l_rela_coach_certification`
--
ALTER TABLE `c_l_rela_coach_certification`
  MODIFY `sid` int(11) NOT NULL AUTO_INCREMENT, AUTO_INCREMENT=119;

--
-- AUTO_INCREMENT for table `c_l_rela_lesson_tag`
--
ALTER TABLE `c_l_rela_lesson_tag`
  MODIFY `sid` int(11) NOT NULL AUTO_INCREMENT, AUTO_INCREMENT=200;

--
-- AUTO_INCREMENT for table `c_l_tags`
--
ALTER TABLE `c_l_tags`
  MODIFY `sid` int(11) NOT NULL AUTO_INCREMENT, AUTO_INCREMENT=28;

--
-- AUTO_INCREMENT for table `member`
--
ALTER TABLE `member`
  MODIFY `sid` int(255) NOT NULL AUTO_INCREMENT, AUTO_INCREMENT=51;

--
-- AUTO_INCREMENT for table `member_favorite_lessons`
--
ALTER TABLE `member_favorite_lessons`
  MODIFY `sid` int(11) NOT NULL AUTO_INCREMENT, AUTO_INCREMENT=39;

--
-- AUTO_INCREMENT for table `member_favorite_products`
--
ALTER TABLE `member_favorite_products`
  MODIFY `sid` int(11) NOT NULL AUTO_INCREMENT, AUTO_INCREMENT=88;

--
-- AUTO_INCREMENT for table `member_reset_token`
--
ALTER TABLE `member_reset_token`
  MODIFY `sid` int(11) NOT NULL AUTO_INCREMENT, AUTO_INCREMENT=11;

--
-- AUTO_INCREMENT for table `order_cart`
--
ALTER TABLE `order_cart`
  MODIFY `sid` int(11) NOT NULL AUTO_INCREMENT;

--
-- AUTO_INCREMENT for table `order_delivery_method`
--
ALTER TABLE `order_delivery_method`
  MODIFY `sid` int(11) NOT NULL AUTO_INCREMENT, AUTO_INCREMENT=4;

--
-- AUTO_INCREMENT for table `order_detail`
--
ALTER TABLE `order_detail`
  MODIFY `sid` int(255) NOT NULL AUTO_INCREMENT, AUTO_INCREMENT=718;

--
-- AUTO_INCREMENT for table `order_main`
--
ALTER TABLE `order_main`
  MODIFY `sid` int(11) NOT NULL AUTO_INCREMENT, AUTO_INCREMENT=199;

--
-- AUTO_INCREMENT for table `order_product_type`
--
ALTER TABLE `order_product_type`
  MODIFY `sid` int(11) NOT NULL AUTO_INCREMENT, AUTO_INCREMENT=5;

--
-- AUTO_INCREMENT for table `product_color`
--
ALTER TABLE `product_color`
  MODIFY `sid` int(19) NOT NULL AUTO_INCREMENT, AUTO_INCREMENT=12;

--
-- AUTO_INCREMENT for table `product_description`
--
ALTER TABLE `product_description`
  MODIFY `sid` int(19) NOT NULL AUTO_INCREMENT, AUTO_INCREMENT=10;

--
-- AUTO_INCREMENT for table `product_rating`
--
ALTER TABLE `product_rating`
  MODIFY `sid` int(19) NOT NULL AUTO_INCREMENT;

--
-- AUTO_INCREMENT for table `product_size`
--
ALTER TABLE `product_size`
  MODIFY `sid` int(19) NOT NULL AUTO_INCREMENT, AUTO_INCREMENT=7;

--
-- AUTO_INCREMENT for table `record_body_part`
--
ALTER TABLE `record_body_part`
  MODIFY `sid` int(11) NOT NULL AUTO_INCREMENT, AUTO_INCREMENT=13;

--
-- AUTO_INCREMENT for table `record_condition`
--
ALTER TABLE `record_condition`
  MODIFY `sid` int(11) NOT NULL AUTO_INCREMENT, AUTO_INCREMENT=178;

--
-- AUTO_INCREMENT for table `record_diet_record`
--
ALTER TABLE `record_diet_record`
  MODIFY `sid` int(11) NOT NULL AUTO_INCREMENT, AUTO_INCREMENT=293;

--
-- AUTO_INCREMENT for table `record_exercise_record`
--
ALTER TABLE `record_exercise_record`
  MODIFY `sid` int(11) NOT NULL AUTO_INCREMENT, AUTO_INCREMENT=1629;

--
-- AUTO_INCREMENT for table `record_exercise_type`
--
ALTER TABLE `record_exercise_type`
  MODIFY `sid` int(11) NOT NULL AUTO_INCREMENT, AUTO_INCREMENT=34;

--
-- AUTO_INCREMENT for table `record_exercis_bodypart_ref`
--
ALTER TABLE `record_exercis_bodypart_ref`
  MODIFY `sid` int(11) NOT NULL AUTO_INCREMENT, AUTO_INCREMENT=48;

--
-- AUTO_INCREMENT for table `record_food_category`
--
ALTER TABLE `record_food_category`
  MODIFY `sid` int(11) NOT NULL AUTO_INCREMENT, AUTO_INCREMENT=10;

--
-- AUTO_INCREMENT for table `record_food_type`
--
ALTER TABLE `record_food_type`
  MODIFY `sid` int(11) NOT NULL AUTO_INCREMENT, AUTO_INCREMENT=32;

--
-- Constraints for dumped tables
--

--
-- Constraints for table `c_l_rela_coach_certification`
--
ALTER TABLE `c_l_rela_coach_certification`
  ADD CONSTRAINT `c_l_rela_coach_certification_ibfk_2` FOREIGN KEY (`certification_sid`) REFERENCES `c_l_certification` (`sid`);

--
-- Constraints for table `record_condition`
--
ALTER TABLE `record_condition`
  ADD CONSTRAINT `member` FOREIGN KEY (`member_sid`) REFERENCES `member` (`sid`);

--
-- Constraints for table `record_diet_record`
--
ALTER TABLE `record_diet_record`
  ADD CONSTRAINT `record_diet_record_ibfk_1` FOREIGN KEY (`member_sid`) REFERENCES `member` (`sid`),
  ADD CONSTRAINT `record_diet_record_ibfk_2` FOREIGN KEY (`food_sid`) REFERENCES `record_food_type` (`sid`);

--
-- Constraints for table `record_exercise_record`
--
ALTER TABLE `record_exercise_record`
  ADD CONSTRAINT `exeType_to_exeID` FOREIGN KEY (`exe_type_sid`) REFERENCES `record_exercise_type` (`sid`),
  ADD CONSTRAINT `record_exercise_record_ibfk_1` FOREIGN KEY (`member_sid`) REFERENCES `member` (`sid`);

--
-- Constraints for table `record_exercis_bodypart_ref`
--
ALTER TABLE `record_exercis_bodypart_ref`
  ADD CONSTRAINT `record_exercis_bodypart_ref_ibfk_1` FOREIGN KEY (`bodyPart_sid`) REFERENCES `record_body_part` (`sid`),
  ADD CONSTRAINT `record_exercis_bodypart_ref_ibfk_2` FOREIGN KEY (`exerciseType_sid`) REFERENCES `record_exercise_type` (`sid`);
COMMIT;

/*!40101 SET CHARACTER_SET_CLIENT=@OLD_CHARACTER_SET_CLIENT */;
/*!40101 SET CHARACTER_SET_RESULTS=@OLD_CHARACTER_SET_RESULTS */;
/*!40101 SET COLLATION_CONNECTION=@OLD_COLLATION_CONNECTION */;
