-- phpMyAdmin SQL Dump
-- version 5.1.2
-- https://www.phpmyadmin.net/
--
-- Host: localhost:3306
-- Generation Time: Jul 17, 2023 at 08:55 PM
-- Server version: 5.7.24
-- PHP Version: 8.0.1

SET SQL_MODE = "NO_AUTO_VALUE_ON_ZERO";
START TRANSACTION;
SET time_zone = "+00:00";


/*!40101 SET @OLD_CHARACTER_SET_CLIENT=@@CHARACTER_SET_CLIENT */;
/*!40101 SET @OLD_CHARACTER_SET_RESULTS=@@CHARACTER_SET_RESULTS */;
/*!40101 SET @OLD_COLLATION_CONNECTION=@@COLLATION_CONNECTION */;
/*!40101 SET NAMES utf8mb4 */;

--
-- Database: `final`
--

-- --------------------------------------------------------

--
-- Table structure for table `c_l_category`
--

CREATE TABLE `c_l_category` (
  `sid` int(11) NOT NULL,
  `name` varchar(32) NOT NULL,
  `description` varchar(256) NOT NULL
) ENGINE=InnoDB DEFAULT CHARSET=utf8;

--
-- Dumping data for table `c_l_category`
--

INSERT INTO `c_l_category` (`sid`, `name`, `description`) VALUES
(1, '瑜珈流動與冥想課程', '這個課程以流動的瑜伽動作和呼吸練習為基礎，融合了力量、靈活性和平衡。透過連貫的動作流，你將提升身體柔軟度、強化肌肉，同時培養身心的平靜和集中力。'),
(2, '核心強化與腹肌鍛鍊課程', '這個課程專注於鍛煉和加強核心肌群，包括腹肌、腰部和背部肌肉。透過一系列的練習，你將提升核心穩定性、改善姿勢，同時增強身體的力量和平衡能力。'),
(3, '皮拉提斯體態塑造', '本課程旨在提升身體的姿態和塑造曲線美。透過一系列的皮拉提斯運動和專注呼吸的指導，培養核心肌群的力量、改善身體的平衡和柔軟度。這個課程強調身體的對稱性和對體態的敏感度，幫助調整姿勢並鍛鍊深層肌肉。'),
(4, '強化肌力與力量提升課程', '這個課程專注於增強全身肌肉力量與最大肌肉力量的提升，尤其幫助對於遇到力量停滯期與PR瓶頸的你提供個人化的課程規劃與課表安排。'),
(5, '專業拳擊技巧訓練系列課程', '此系列課程提供全面的拳擊技巧指導，包括拳擊基礎、攻擊和防守、腳步和身體操控，以及戰略和戰術訓練。目標在提高學員的技術、反應速度和身體協調性。'),
(6, '臥推專項訓練課程', '此系列課程由高專業度的教練帶領，注重臥推技巧的精進和細節的修正。透過個別指導和安全的訓練，你將學習到正確的臥推技巧與發力模式，改善動作流暢度，讓你的臥推能力更上一層樓。'),
(7, '肌肥大循環課表訓練課程', '這個課程以增加肌肉量為目標，根據個人的身體能力安排適宜的課程內容與訓練菜單，以求最高效率的增肌成效，讓你能塑造個人理想中完美的身材與體格。'),
(8, '長跑有氧耐力專門課程', '這個課程將專注於長距離跑的訓練和策略，以參加競賽為標準的訓練規格。在提高肌耐力和持久力的同時學習有效的跑步節奏控制與補給策略，以提高跑步效率和競賽表現。'),
(9, '硬拉專門訓練課程', '此系列課程由高專業度的教練帶領，專注硬拉技巧提升及動作細節調整。透過一對一的個別指導與訓練規劃學習正確的硬拉技巧，增強最大力量輸出，降低受傷機率，讓你從素人脫離，往職業運動員的方向邁進。'),
(10, '飛輪心肺有氧耐力課程', '這個課程將模擬各類騎行的環境，你能體驗不同到的地形和阻力。透過調整坡度與阻力設定，學員將學習如何調整速度和強度，以增強心肺功能、腿部力量和肌耐力。'),
(11, '靜態拉伸、肌肉放鬆與運動傷害預防課程', '本課程由具有運動傷害預防與物理治療相關背景的教練進行，提供專業的暖身與伸展相關知識，讓你學習如何以正確的方式從事各項活動，能夠熟悉並理解身體狀態，降低受傷風險。'),
(12, '瑜珈與身體活動度訓練課程', '本課程旨在增加學員身體的活動度與伸展範圍，專注於提升身體靈活度和促進整體健康。透過與瑜珈結合的訓練，改善身體姿勢和平衡，增加柔軟度和靈活性，讓您在愉悅的氛圍中享受身心平衡和增強體能的好處。'),
(13, '壺鈴綜合訓練課程', '這是以壺鈴為主題設計的系列課程，學員將透過各項壺鈴的訓練動作，鍛煉身體不同部位的肌肉力量與整體協調能力。由只有壺鈴能夠提供的特殊訓練方式，給您不一樣的全新體驗。'),
(14, '藥球綜合訓練課程', '這是以藥球為主題設計的系列課程，融合了力量、爆發力和核心訓練，透過動態的擲擊、揮舞和抓握動作，促進身體的力量發展和功能性運動能力。'),
(15, '女性體態雕塑與健美健體專門訓練', '專為女性量身打造的訓練課程，旨在塑造女性優雅的體態和健美健體的身材，在提升肌肉力量的同時雕塑曲線與體態。針對腹部核心肌群、臀部等部位的專項訓練，讓您增強體力與提升自信，歡迎所有女性學員加入，共同享受鍛煉的樂趣和成就感。'),
(16, '個人飲食及訓練專業諮詢規劃', '依照您的目標、需求和限制，設計一個適合您的個人化計劃。從飲食指導到訓練規劃，我們將提供專業建議和支持，無論您是追求減重、增肌還是提升整體健康，本課程將使您能夠實現最佳的飲食和訓練結果。'),
(17, 'HIIT高強度間歇性鍛鍊課程', '透過快速的爆發性運動和短暫的休息間歇，學員將挑戰心肺功能極限，提高心肺耐力和快速恢復的能力，燃燒卡路里，並提升耐力和代謝率。'),
(18, '划船機專項訓練課程', '這個課程將教授正確的划船機姿勢和技巧，並結合不同的訓練計畫，幫助學員提升心肺耐力、增強肌肉力量和改善身體的整體協調性。透過有氧和耐力訓練的結合，您將體驗到划船機所帶來的全身運動效果和身心挑戰。');

-- --------------------------------------------------------

--
-- Table structure for table `c_l_certification`
--

CREATE TABLE `c_l_certification` (
  `sid` int(11) NOT NULL,
  `name` varchar(256) NOT NULL
) ENGINE=InnoDB DEFAULT CHARSET=utf8;

--
-- Dumping data for table `c_l_certification`
--

INSERT INTO `c_l_certification` (`sid`, `name`) VALUES
(17, 'ACE-CPT 私人教練證照'),
(18, 'ACE-GFI 團課教練證照'),
(19, 'ACE-HC 健康教練證照'),
(20, 'ACE-MES 醫學運動專家'),
(4, 'ACSM-CEP 醫療運動生理師'),
(1, 'ACSM-CPT 私人教練證照'),
(3, 'ACSM-EPC 運動生理學家證照'),
(2, 'ACSM-GEI 團課教練證照'),
(5, 'ACSM-RCEP 註冊醫療運動生理師'),
(23, 'AFAA-FDI國際體適能有氧舞蹈指導員'),
(26, 'AFAA-KB拳擊體適能'),
(24, 'AFAA-MAT墊上核心訓練'),
(21, 'AFAA-PFT個人體適能顧問'),
(25, 'AFAA-STEP階梯有氧'),
(22, 'AFAA-WT重量訓練'),
(45, 'FTC功能訓練師'),
(48, 'GTC團體訓練師'),
(13, 'NASM-CES 矯正運動專家'),
(16, 'NASM-CNC 營養教練認證'),
(11, 'NASM-CPT 私人教練證照'),
(12, 'NASM-PES 表現提升專家'),
(15, 'NASM-SFS 銀髮族訓練專家'),
(14, 'NASM-YES 青少年體能訓練專家'),
(41, 'NCSF-CPT 私人教練認證'),
(42, 'NCSF-CSC 肌力教練証認'),
(43, 'NCSF-SNS 運動營養專家'),
(10, 'NSCA-CPSS 運動表現科學家'),
(6, 'NSCA-CPT 私人教練證照'),
(7, 'NSCA-CSCS 肌力與體能訓練專家'),
(8, 'NSCA-CSPS 特殊族群訓練專家'),
(9, 'NSCA-TSAC 戰術肌力與體能訓練師'),
(37, 'PTAG-CPT 私人教練認證'),
(39, 'PTAG-ESM Lv1 情緒與壓力管理Lv1'),
(36, 'PTAG-Foundation 基礎課程'),
(38, 'PTAG-Mentorship Lv1 引導力Lv1'),
(40, 'PTAG-Mentorship Lv2 引導力Lv2'),
(46, 'RTC彈力棍訓練師'),
(49, 'SMSTC運動醫學懸吊訓練師'),
(44, 'STC懸吊訓練師'),
(47, 'YOGA瑜珈'),
(30, 'Zumba-AQUA'),
(27, 'Zumba-Basic1&2'),
(28, 'Zumba-Gold'),
(34, 'Zumba-JamSession'),
(29, 'Zumba-Kids+Kids Jr.'),
(33, 'Zumba-Pro Skills'),
(31, 'Zumba-Step'),
(35, 'Zumba-Strong'),
(32, 'Zumba-TONING');

-- --------------------------------------------------------

--
-- Table structure for table `c_l_coachs`
--

CREATE TABLE `c_l_coachs` (
  `sid` int(11) NOT NULL,
  `member_sid` int(11) NOT NULL,
  `nickname` varchar(32) DEFAULT NULL,
  `introduction` varchar(512) NOT NULL,
  `location_sid` int(8) NOT NULL,
  `img` varchar(32) NOT NULL DEFAULT './imgs/coach_imgs/coach.png',
  `created_at` timestamp NOT NULL DEFAULT CURRENT_TIMESTAMP
) ENGINE=InnoDB DEFAULT CHARSET=utf8;

--
-- Dumping data for table `c_l_coachs`
--

INSERT INTO `c_l_coachs` (`sid`, `member_sid`, `nickname`, `introduction`, `location_sid`, `img`, `created_at`) VALUES
(1, 13, 'Lily', '嗨，大家好！我是Lily，一位充滿活力和熱情的健身教練。我擁有多年的運動經驗和專業培訓，致力於幫助女性實現健康和健美的目標。透過定制的運動計劃和營養指導，我希望每位學員都能發現自己的潛力，並在健身旅程中取得驚人的成就！', 1, 'lily.jpg', '2023-07-17 03:10:24'),
(2, 14, 'Sonia', '大家好！我是熱愛挑戰的Sonia。我的教學風格融合了瑜珈和高強度訓練，致力於提升學生的力量和耐力。透過靜坐冥想和有氧運動，我鼓勵學生們超越舒適區，發現自己的潛力，並達到身心的完美平衡。', 1, 'sonia.jpg', '2023-07-17 03:10:24'),
(3, 15, 'Finn', '大家好，我是Finn，一位專業的健身教練。我相信健身不僅僅是改變身體，更是改變生活的過程。我以鼓勵和激勵為基礎，幫助我的學員建立強健的身體和積極的心態。我熱愛挑戰和持續學習，致力於與每位學員攜手並肩，實現他們的健康目標。讓我們一起追求健康的生活方式吧！', 2, 'sophia.jpg', '2023-07-17 03:10:24'),
(4, 16, 'Jessica', '大家好，我是Jessica，一位熱愛挑戰的健身教練。我專精於皮拉提斯，以強化核心和改善靈活度為主要目標。我的訓練課程結合了高強度的有氧運動和精確的身體控制動作，帶領學員們達到全面的健康與健身效果。讓我們一起追求健康活力的生活吧！', 2, 'jessica.jpg', '2023-07-17 03:10:24'),
(5, 17, 'Emily', '嗨！我是Emily，一位充滿活力的健身教練。以瑜珈為基礎，我專注於幫助學生提高靈活性和身心平衡。透過動態流動的動作和深呼吸，我帶領學生們體驗身心的和諧，並在愉快的環境中找到內在的力量和自信。', 3, 'emily.jpg', '2023-07-17 03:10:24'),
(6, 18, 'Ella', '嗨，大家好！我是Ella，一位對皮拉提斯熱愛的健身教練。我的訓練風格融合了舞蹈的優雅和力量訓練的效果，致力於幫助每個學員改善體態和核心力量。透過我的指導，您將獲得更強健的身體和平衡的心靈。', 3, 'ella.jpg', '2023-07-17 03:10:24'),
(7, 19, 'Alex', '嗨！大家好，我是Alex，一位熱愛健身的健身教練。多年來，我致力於幫助男性改善體態，增強肌肉力量和提升身體素質。我相信每個人都有潛力成為最好的自己，因此我將用我的專業知識和經驗，給予你量身定制的訓練計劃和營養建議，幫助你達到你的健身目標。', 1, 'alex.jpg', '2023-07-17 03:10:24'),
(8, 20, 'Nick', '嘿！我是Nick，一位經驗豐富的男性健身教練，專攻拳擊領域。我自小就對拳擊產生濃厚的興趣，並在這個領域裡奮鬥了十年以上。我致力於指導男性達到他們的健身目標，提升耐力、力量和技巧。透過我的個人化訓練計劃和專業指導，我將協助你鍛煉出強壯的身體和拳擊技巧，讓你在拳擊場上備受矚目！', 1, 'nick.jpg', '2023-07-17 03:10:24'),
(9, 21, 'Eric', '嗨，大家好！我是Eric，一位專業的健身教練。我在健身界有多年的經驗，特別專精於臥推訓練。我相信每個人都有潛力成為最好的自己，我的目標是幫助你達到健康、強壯的身體。我將結合個人化的訓練計劃、營養指導和持久的動力，讓你實現自己的健身目標。', 3, 'eric.jpg', '2023-07-17 03:10:24'),
(10, 22, 'Mark', '大家好，我是Mark，一位熱衷於健身的健身教練。我對於運動科學充滿熱情，並致力於幫助每個人達到他們的最佳狀態。我專注於臥推訓練，因為我相信強健的胸部和上肢肌肉不僅是外表的展示，更是提升整體體能和功能性的關鍵。讓我們一同努力，追尋強壯健康的身體吧！', 1, 'mark.jpg', '2023-07-17 03:10:24'),
(11, 23, 'Aaron', '嗨！大家好，我是Aaron，一位充滿熱情的健身教練，專注於拳擊訓練。我在拳擊領域有超過十年的經驗，曾參與多個國際比賽並贏得多項冠軍。我致力於幫助男性達到他們最佳的身體狀態和技巧水平，並在拳擊中找到自信和耐力。透過我的個人化教學和訓練計劃，我相信你將能夠在拳擊場上展現出你的真正實力！', 2, 'aaron.jpg', '2023-07-17 03:10:24'),
(12, 24, 'John', '大家好，我是John。作為一位擁有十年經驗的健身教練，我專注於男性健美專項訓練。我相信透過結合科學訓練方法和個性化計劃，可以幫助您達到理想的健美目標。無論您是想增加肌肉質量、降低體脂肪還是塑造完美身材，我都樂意為您提供專業指導和鼓勵。', 3, 'john.jpg', '2023-07-17 03:10:24'),
(13, 25, 'Daidai', '嗨，大家好！我是Daidai。擁有健美健體訓練專長，我致力於協助男性達到健康與自信。我相信健身不僅僅是塑造身體，更是改變生活方式的旅程。透過我的專業知識和動力激勵，我將幫助您擁有強壯的體魄、充滿活力的生活。', 1, 'daidai.jpg', '2023-07-17 03:10:24'),
(14, 26, 'Ray', '嗨！大家好，我是Ray，一位經驗豐富的健身教練。我擁有超過十年的健身指導經驗，專精於各種力量訓練項目。我相信每個人都有潛力超越自己，而我的目標就是幫助您實現最大的健身成就。健力三項是我的拿手項目，透過適當的技巧和訓練，我能幫助您提升力量、改善體態，並達到健康和健美的目標。', 2, 'ray.jpg', '2023-07-17 03:10:24'),
(15, 27, 'Daniel', '大家好，我是Daniel，一位對健身充滿熱情的健身教練。我在健身界已經有五年的經驗，專精於硬拉項目。我喜歡挑戰自己和我的學生，並幫助他們超越他們的極限。透過我的指導，您將學會正確的姿勢和技巧，並發揮最大的力量潛力。我相信每個人都能通過適當的訓練和承諾達到健康和健壯的身體。', 3, 'daniel.jpg', '2023-07-17 03:10:24'),
(16, 28, 'Lisa', '嗨，大家好，我是教練Lisa。我特別喜歡透過藥球來訓練，這種全身性的訓練能提升核心力量、協調性和心肺耐力。我的課程特別注重動作技巧和動態平衡，讓你全面發展身體素質，並且能夠享受每一次的訓練，同時達成健身目標。', 1, 'lisa.jpg', '2023-07-17 03:10:24'),
(17, 29, 'Leo', '哈囉，大家好，我是教練Leo。我專精於壺鈴和藥球的高強度訓練。這種有節奏的運動結合了重量訓練和心肺運動，有效提升肌肉力量和心肺耐力。我的課程強調動作技巧和身體姿勢的正確性，確保你安全又有效地達成目標。讓我們一起迎接挑戰，打造強壯的身體和無比的自信！', 3, 'leo.jpg', '2023-07-17 03:10:24'),
(18, 30, 'Avril', '嗨，大家好！我是Avril，一位充滿熱情的健身教練。我的專長是以機械為主的有氧運動，我相信這是塑造身體和增強心肺功能的絕佳工具。我將用個人化的訓練計劃和技巧，幫助你在使用器材上達到最佳效果，同時享受運動的樂趣！', 1, 'avril.jpg', '2023-07-17 03:10:24'),
(19, 31, 'Sophia', '嘿，大家好！我是Sophia，一位有多年經驗的健身教練，我對於有氧運動有著極大的熱愛和專業知識。我相信這種運動可以有效地燃燒卡路里、增強核心肌群和提高耐力。讓我幫助你制定具有挑戰性和多樣性的訓練計劃，一起達到健康和健身目標！', 2, 'finn.jpg', '2023-07-17 03:10:24'),
(20, 32, 'Dalen', '大家好！我是Dalen，一位專注於運動科學的健身教練。在健身項目中，划船機是我推薦的選項之一，因為它同時涉及上半身和下半身的運動，能夠全面訓練你的肌肉群。我將結合科學的方法和有趣的訓練技巧，幫助你在划船機上取得良好的成果，並實現身心的平衡。', 3, 'dalen.jpg', '2023-07-17 03:10:24'),
(21, 33, 'Kevin', '嗨！我是Kevin，一位專業的健身教練。我擁有多年的經驗，致力於幫助人們實現健康生活和強健體魄的目標。我特別擅長個人飲食與訓練的規劃，根據每個人的需求和目標，設計度身定制的計劃。我的獨特方法結合了適當的營養指導和有效的訓練技巧，幫助客戶取得持久的成果。讓我們一起為健康的改變而努力吧！', 1, 'kevin.jpg', '2023-07-17 03:10:24'),
(22, 34, 'Amy', '嗨！我是Amy，一位專業的健身教練，並擁有多年訓練經驗。我致力於幫助人們實現健康生活和強健體魄的目標。也會為學員制定個人飲食與訓練的規劃，根據每個人的需求和目標，設計度身定制的計劃，幫助客戶取得持久的成果。讓我們一起為健康的改變而努力吧！', 3, 'amy.jpg', '2023-07-17 03:10:24'),
(23, 35, 'Ruby', '大家好！我是健身教練Ruby。我對靜態拉伸、肌肉放鬆和運動傷害有著深入的瞭解。透過我個人化的指導，我能夠幫助客戶最大限度地提升靈活性和恢復運動後的肌肉疲勞。我相信預防傷害是健身路上成功的關鍵，讓我們一同鍛煉，健康地達到目標！', 2, 'ruby.jpg', '2023-07-17 03:10:24'),
(24, 36, 'Wayz', '大家好！我是健身教練Wayz。我相信跑步是塑造身體和心靈的最佳方式之一。作為一個長跑專項的健身教練，我致力於幫助人們發現他們的潛力，並實現身體和健康目標。長跑是我的魂經，對我來說，它不僅是一項運動，更是一個心流的體驗，可以挑戰自己的極限並超越它們。讓我們一起體驗長跑的美妙與成就吧！', 2, 'wayz.jpg', '2023-07-17 03:10:24'),
(25, 37, 'Ava', '你好！我是Ava，是一位專業的瑜珈教練。我的目標是幫助學員透過瑜珈練習達到身心靈的平衡。我的課程結合了呼吸控制、體位法和冥想，旨在提高靈活性、增強力量和減輕壓力。無論你是初學者還是有經驗的瑜珈愛好者，我都將提供專業的指導，引導你走向更健康的生活。', 2, 'ava.jpg', '2023-07-17 05:53:09');

-- --------------------------------------------------------

--
-- Table structure for table `c_l_lessons`
--

CREATE TABLE `c_l_lessons` (
  `sid` int(11) NOT NULL,
  `name` varchar(256) NOT NULL,
  `category_sid` int(11) NOT NULL,
  `coach_sid` int(11) NOT NULL,
  `location_sid` int(11) NOT NULL,
  `time` datetime NOT NULL,
  `period` time DEFAULT NULL,
  `price` int(11) NOT NULL,
  `capacity` int(11) NOT NULL DEFAULT '20',
  `enrolled` int(11) NOT NULL DEFAULT '0',
  `created_at` timestamp NOT NULL DEFAULT CURRENT_TIMESTAMP
) ENGINE=InnoDB DEFAULT CHARSET=utf8;

--
-- Dumping data for table `c_l_lessons`
--

INSERT INTO `c_l_lessons` (`sid`, `name`, `category_sid`, `coach_sid`, `location_sid`, `time`, `period`, `price`, `capacity`, `enrolled`, `created_at`) VALUES
(1, '瑜珈流動與冥想課程-初級', 1, 2, 1, '2023-08-23 14:00:00', '01:00:00', 350, 10, 0, '2023-07-17 05:39:19'),
(2, '瑜珈流動與冥想課程-初級', 1, 2, 1, '2023-08-30 14:00:00', '01:00:00', 350, 10, 0, '2023-07-17 05:39:19'),
(3, '瑜珈流動與冥想課程-初級', 1, 2, 1, '2023-09-06 14:00:00', '01:00:00', 350, 10, 0, '2023-07-17 05:39:19'),
(4, '瑜珈流動與冥想課程-中級', 1, 2, 1, '2023-08-24 14:00:00', '01:00:00', 350, 10, 0, '2023-07-17 05:39:19'),
(5, '瑜珈流動與冥想課程-中級', 1, 2, 1, '2023-08-31 14:00:00', '01:00:00', 350, 10, 0, '2023-07-17 05:39:19'),
(6, '瑜珈流動與冥想課程-中級', 1, 2, 1, '2023-09-07 14:00:00', '01:00:00', 350, 10, 0, '2023-07-17 05:39:19'),
(7, '瑜珈流動與冥想課程-高級', 1, 2, 1, '2023-08-28 14:00:00', '01:00:00', 450, 10, 0, '2023-07-17 05:39:19'),
(8, '瑜珈流動與冥想課程-高級', 1, 2, 1, '2023-09-04 14:00:00', '01:00:00', 450, 10, 0, '2023-07-17 05:39:19'),
(9, '瑜珈流動與冥想課程-高級', 1, 2, 1, '2023-09-11 14:00:00', '01:00:00', 450, 10, 0, '2023-07-17 05:39:19'),
(10, '瑜珈流動與冥想課程-初級', 1, 25, 2, '2023-08-28 14:00:00', '01:00:00', 350, 10, 0, '2023-07-17 06:01:01'),
(11, '瑜珈流動與冥想課程-初級', 1, 25, 2, '2023-08-28 16:00:00', '01:00:00', 350, 10, 0, '2023-07-17 06:01:01'),
(12, '瑜珈流動與冥想課程-中級', 1, 25, 2, '2023-08-30 14:00:00', '01:00:00', 350, 10, 0, '2023-07-17 06:01:01'),
(13, '瑜珈流動與冥想課程-中級', 1, 25, 2, '2023-08-30 16:00:00', '01:00:00', 350, 10, 0, '2023-07-17 06:01:01'),
(14, '瑜珈流動與冥想課程-高級', 1, 25, 2, '2023-09-01 14:00:00', '01:00:00', 450, 10, 0, '2023-07-17 06:01:01'),
(15, '瑜珈流動與冥想課程-高級', 1, 25, 2, '2023-09-01 16:00:00', '01:00:00', 450, 10, 0, '2023-07-17 06:01:01'),
(16, '瑜珈流動與冥想課程-初級', 1, 5, 3, '2023-08-28 14:00:00', '01:00:00', 350, 10, 0, '2023-07-17 06:09:26'),
(17, '瑜珈流動與冥想課程-初級', 1, 5, 3, '2023-08-28 16:00:00', '01:00:00', 350, 10, 0, '2023-07-17 06:09:26'),
(18, '瑜珈流動與冥想課程-中級', 1, 5, 3, '2023-08-30 14:00:00', '01:00:00', 350, 10, 0, '2023-07-17 06:09:26'),
(19, '瑜珈流動與冥想課程-中級', 1, 5, 3, '2023-08-30 16:00:00', '01:00:00', 350, 10, 0, '2023-07-17 06:09:26'),
(20, '瑜珈流動與冥想課程-高級', 1, 5, 3, '2023-09-01 14:00:00', '01:00:00', 450, 10, 0, '2023-07-17 06:09:26'),
(21, '瑜珈流動與冥想課程-高級', 1, 5, 3, '2023-09-01 16:00:00', '01:00:00', 450, 10, 0, '2023-07-17 06:09:26'),
(22, '瑜珈與身體活動度訓練課程-初級', 12, 2, 1, '2023-08-23 19:30:00', '01:00:00', 400, 20, 0, '2023-07-17 06:24:13'),
(23, '瑜珈與身體活動度訓練課程-初級', 12, 2, 1, '2023-08-30 19:30:00', '01:00:00', 400, 20, 0, '2023-07-17 06:24:13'),
(24, '瑜珈與身體活動度訓練課程-初級', 12, 2, 1, '2023-09-06 19:30:00', '01:00:00', 400, 20, 0, '2023-07-17 06:24:13'),
(25, '瑜珈與身體活動度訓練課程-中級', 12, 2, 1, '2023-08-24 19:30:00', '01:00:00', 450, 20, 0, '2023-07-17 06:24:13'),
(26, '瑜珈與身體活動度訓練課程-中級', 12, 2, 1, '2023-08-31 19:30:00', '01:00:00', 450, 20, 0, '2023-07-17 06:24:13'),
(27, '瑜珈與身體活動度訓練課程-中級', 12, 2, 1, '2023-09-07 19:30:00', '01:00:00', 450, 20, 0, '2023-07-17 06:24:13'),
(28, '瑜珈與身體活動度訓練課程-高級', 12, 2, 1, '2023-08-28 19:30:00', '01:00:00', 500, 15, 0, '2023-07-17 06:24:13'),
(29, '瑜珈與身體活動度訓練課程-高級', 12, 2, 1, '2023-09-04 19:30:00', '01:00:00', 500, 15, 0, '2023-07-17 06:24:13'),
(30, '瑜珈與身體活動度訓練課程-高級', 12, 2, 1, '2023-09-11 19:30:00', '01:00:00', 500, 15, 0, '2023-07-17 06:24:13'),
(31, '瑜珈與身體活動度訓練課程-初級', 12, 25, 2, '2023-08-29 18:45:00', '01:00:00', 400, 20, 0, '2023-07-17 06:35:30'),
(32, '瑜珈與身體活動度訓練課程-初級', 12, 25, 2, '2023-08-29 20:00:00', '01:00:00', 400, 20, 0, '2023-07-17 06:35:30'),
(33, '瑜珈與身體活動度訓練課程-中級', 12, 25, 2, '2023-08-31 18:45:00', '01:00:00', 450, 20, 0, '2023-07-17 06:35:30'),
(34, '瑜珈與身體活動度訓練課程-中級', 12, 25, 2, '2023-08-31 20:00:00', '01:00:00', 450, 20, 0, '2023-07-17 06:35:30'),
(35, '瑜珈與身體活動度訓練課程-高級', 12, 25, 2, '2023-09-02 18:45:00', '01:00:00', 500, 20, 0, '2023-07-17 06:35:30'),
(36, '瑜珈與身體活動度訓練課程-高級', 12, 25, 2, '2023-09-02 20:00:00', '01:00:00', 500, 20, 0, '2023-07-17 06:35:30'),
(37, '瑜珈與身體活動度訓練課程-初級', 12, 5, 3, '2023-08-29 18:45:00', '01:00:00', 400, 20, 0, '2023-07-17 06:52:35'),
(38, '瑜珈與身體活動度訓練課程-初級', 12, 5, 3, '2023-08-29 20:00:00', '01:00:00', 400, 20, 0, '2023-07-17 06:52:35'),
(39, '瑜珈與身體活動度訓練課程-中級', 12, 5, 3, '2023-08-31 18:45:00', '01:00:00', 450, 20, 0, '2023-07-17 06:52:35'),
(40, '瑜珈與身體活動度訓練課程-中級', 12, 5, 3, '2023-08-31 20:00:00', '01:00:00', 450, 20, 0, '2023-07-17 06:52:35'),
(41, '瑜珈與身體活動度訓練課程-高級', 12, 5, 3, '2023-09-02 18:45:00', '01:00:00', 500, 15, 0, '2023-07-17 06:52:35'),
(42, '瑜珈與身體活動度訓練課程-高級', 12, 5, 3, '2023-09-02 20:00:00', '01:00:00', 500, 15, 0, '2023-07-17 06:52:35'),
(43, '核心強化與腹肌鍛鍊課程-初級', 2, 16, 1, '2023-08-29 19:00:00', '01:00:00', 350, 15, 0, '2023-07-17 07:27:43'),
(44, '核心強化與腹肌鍛鍊課程-初級', 2, 16, 1, '2023-08-30 19:00:00', '01:00:00', 350, 15, 0, '2023-07-17 07:27:43'),
(45, '核心強化與腹肌鍛鍊課程-中級', 2, 16, 1, '2023-09-05 19:00:00', '01:00:00', 400, 10, 0, '2023-07-17 07:27:43'),
(46, '核心強化與腹肌鍛鍊課程-中級', 2, 16, 1, '2023-09-06 19:00:00', '01:00:00', 400, 10, 0, '2023-07-17 07:27:43'),
(47, '核心強化與腹肌鍛鍊課程-高級', 2, 16, 1, '2023-09-12 19:00:00', '01:00:00', 500, 10, 0, '2023-07-17 07:27:43'),
(48, '核心強化與腹肌鍛鍊課程-高級', 2, 16, 1, '2023-09-13 19:00:00', '01:00:00', 500, 10, 0, '2023-07-17 07:27:43'),
(49, '核心強化與腹肌鍛鍊課程-初級', 2, 4, 2, '2023-08-28 19:00:00', '01:00:00', 350, 15, 0, '2023-07-17 07:37:25'),
(50, '核心強化與腹肌鍛鍊課程-初級', 2, 4, 2, '2023-08-30 19:00:00', '01:00:00', 350, 15, 0, '2023-07-17 07:37:25'),
(51, '核心強化與腹肌鍛鍊課程-中級', 2, 4, 2, '2023-09-04 19:00:00', '01:00:00', 400, 15, 0, '2023-07-17 07:37:25'),
(52, '核心強化與腹肌鍛鍊課程-中級', 2, 4, 2, '2023-09-06 19:00:00', '01:00:00', 400, 15, 0, '2023-07-17 07:37:25'),
(53, '核心強化與腹肌鍛鍊課程-高級', 2, 4, 2, '2023-09-11 19:00:00', '01:00:00', 450, 10, 0, '2023-07-17 07:37:25'),
(54, '核心強化與腹肌鍛鍊課程-高級', 2, 4, 2, '2023-09-13 19:00:00', '01:00:00', 450, 10, 0, '2023-07-17 07:37:25'),
(55, '核心強化與腹肌鍛鍊課程-初級', 2, 6, 3, '2023-08-25 09:45:00', '01:00:00', 350, 15, 0, '2023-07-17 07:59:19'),
(56, '核心強化與腹肌鍛鍊課程-初級', 2, 6, 3, '2023-08-25 11:15:00', '01:00:00', 350, 15, 0, '2023-07-17 07:59:19'),
(57, '核心強化與腹肌鍛鍊課程-中級', 2, 6, 3, '2023-09-01 09:45:00', '01:00:00', 450, 15, 0, '2023-07-17 07:59:19'),
(58, '核心強化與腹肌鍛鍊課程-中級', 2, 6, 3, '2023-09-01 11:15:00', '01:00:00', 450, 15, 0, '2023-07-17 07:59:19'),
(59, '核心強化與腹肌鍛鍊課程-高級', 2, 6, 3, '2023-09-08 09:45:00', '01:00:00', 500, 15, 0, '2023-07-17 07:59:19'),
(60, '核心強化與腹肌鍛鍊課程-高級', 2, 6, 3, '2023-09-08 11:15:00', '01:00:00', 500, 15, 0, '2023-07-17 07:59:19'),
(61, '皮拉提斯體態塑造-初級', 3, 18, 1, '2023-08-21 19:00:00', '01:00:00', 500, 15, 0, '2023-07-17 08:07:43'),
(62, '皮拉提斯體態塑造-初級', 3, 18, 1, '2023-08-25 19:00:00', '01:00:00', 500, 15, 0, '2023-07-17 08:07:43'),
(63, '皮拉提斯體態塑造-中級', 3, 18, 1, '2023-08-28 19:00:00', '01:00:00', 600, 15, 0, '2023-07-17 08:07:43'),
(64, '皮拉提斯體態塑造-中級', 3, 18, 1, '2023-09-01 19:00:00', '01:00:00', 600, 15, 0, '2023-07-17 08:07:43'),
(65, '皮拉提斯體態塑造-高級', 3, 18, 1, '2023-09-04 19:00:00', '01:00:00', 600, 15, 0, '2023-07-17 08:07:43'),
(66, '皮拉提斯體態塑造-高級', 3, 18, 1, '2023-09-08 19:00:00', '01:00:00', 600, 15, 0, '2023-07-17 08:07:43'),
(67, '皮拉提斯體態塑造-初級', 3, 4, 2, '2023-08-29 19:00:00', '01:00:00', 500, 15, 0, '2023-07-17 08:16:11'),
(68, '皮拉提斯體態塑造-初級', 3, 4, 2, '2023-08-31 19:00:00', '01:00:00', 500, 15, 0, '2023-07-17 08:16:11'),
(69, '皮拉提斯體態塑造-中級', 3, 4, 2, '2023-09-05 19:00:00', '01:00:00', 600, 15, 0, '2023-07-17 08:16:11'),
(70, '皮拉提斯體態塑造-中級', 3, 4, 2, '2023-09-07 19:00:00', '01:00:00', 600, 15, 0, '2023-07-17 08:16:11'),
(71, '皮拉提斯體態塑造-高級', 3, 4, 2, '2023-09-12 19:00:00', '01:00:00', 600, 15, 0, '2023-07-17 08:16:11'),
(72, '皮拉提斯體態塑造-高級', 3, 4, 2, '2023-09-14 19:00:00', '01:00:00', 600, 15, 0, '2023-07-17 08:16:11'),
(73, '皮拉提斯體態塑造-初級', 3, 6, 3, '2023-09-02 10:00:00', '01:00:00', 500, 15, 0, '2023-07-17 08:24:58'),
(74, '皮拉提斯體態塑造-初級', 3, 6, 3, '2023-09-02 14:00:00', '01:00:00', 500, 15, 0, '2023-07-17 08:24:58'),
(75, '皮拉提斯體態塑造-中級', 3, 6, 3, '2023-09-09 10:00:00', '01:00:00', 600, 15, 0, '2023-07-17 08:24:58'),
(76, '皮拉提斯體態塑造-中級', 3, 6, 3, '2023-09-09 14:00:00', '01:00:00', 600, 15, 0, '2023-07-17 08:24:58'),
(77, '皮拉提斯體態塑造-高級', 3, 6, 3, '2023-09-16 10:00:00', '01:00:00', 600, 15, 0, '2023-07-17 08:24:58'),
(78, '皮拉提斯體態塑造-高級', 3, 6, 3, '2023-09-16 14:00:00', '01:00:00', 600, 15, 0, '2023-07-17 08:24:58'),
(79, '強化肌力與力量提升課程-進階', 4, 21, 1, '2023-08-22 17:00:00', '00:50:00', 600, 1, 0, '2023-07-17 08:44:16'),
(80, '強化肌力與力量提升課程-進階', 4, 21, 1, '2023-08-22 19:15:00', '00:50:00', 600, 1, 0, '2023-07-17 08:44:17'),
(81, '強化肌力與力量提升課程-進階', 4, 21, 1, '2023-08-23 17:00:00', '00:50:00', 600, 1, 0, '2023-07-17 08:44:17'),
(82, '強化肌力與力量提升課程-進階', 4, 21, 1, '2023-08-23 19:15:00', '00:50:00', 600, 1, 0, '2023-07-17 08:44:17'),
(83, '強化肌力與力量提升課程-進階', 4, 21, 1, '2023-08-24 17:00:00', '00:50:00', 600, 1, 0, '2023-07-17 08:44:17'),
(84, '強化肌力與力量提升課程-進階', 4, 21, 1, '2023-08-24 19:15:00', '00:50:00', 600, 1, 0, '2023-07-17 08:44:17'),
(85, '強化肌力與力量提升課程-專業', 4, 21, 1, '2023-08-29 17:00:00', '00:50:00', 800, 1, 0, '2023-07-17 08:47:19'),
(86, '強化肌力與力量提升課程-專業', 4, 21, 1, '2023-08-29 19:15:00', '00:50:00', 800, 1, 0, '2023-07-17 08:47:19'),
(87, '強化肌力與力量提升課程-專業', 4, 21, 1, '2023-08-30 17:00:00', '00:50:00', 800, 1, 0, '2023-07-17 08:47:19'),
(88, '強化肌力與力量提升課程-專業', 4, 21, 1, '2023-08-30 19:15:00', '00:50:00', 800, 1, 0, '2023-07-17 08:47:19'),
(89, '強化肌力與力量提升課程-專業', 4, 21, 1, '2023-08-31 17:00:00', '00:50:00', 800, 1, 0, '2023-07-17 08:47:19'),
(90, '強化肌力與力量提升課程-專業', 4, 21, 1, '2023-08-31 19:15:00', '00:50:00', 800, 1, 0, '2023-07-17 08:47:19'),
(91, '強化肌力與力量提升課程-進階', 4, 14, 2, '2023-08-31 18:00:00', '00:50:00', 600, 1, 0, '2023-07-17 09:44:44'),
(92, '強化肌力與力量提升課程-進階', 4, 14, 2, '2023-08-31 20:00:00', '00:50:00', 600, 1, 0, '2023-07-17 09:44:44'),
(93, '強化肌力與力量提升課程-進階', 4, 14, 2, '2023-09-01 18:00:00', '00:50:00', 600, 1, 0, '2023-07-17 09:44:44'),
(94, '強化肌力與力量提升課程-進階', 4, 14, 2, '2023-09-01 20:00:00', '00:50:00', 600, 1, 0, '2023-07-17 09:44:44'),
(95, '強化肌力與力量提升課程-專業', 4, 14, 2, '2023-09-07 18:00:00', '00:50:00', 800, 1, 0, '2023-07-17 09:44:44'),
(96, '強化肌力與力量提升課程-專業', 4, 14, 2, '2023-09-07 20:00:00', '00:50:00', 800, 1, 0, '2023-07-17 09:44:44'),
(97, '強化肌力與力量提升課程-專業', 4, 14, 2, '2023-09-08 18:00:00', '00:50:00', 800, 1, 0, '2023-07-17 09:44:44'),
(98, '強化肌力與力量提升課程-專業', 4, 14, 2, '2023-09-08 20:00:00', '00:50:00', 800, 1, 0, '2023-07-17 09:44:44'),
(99, '強化肌力與力量提升課程-進階', 4, 9, 3, '2023-08-21 19:30:00', '00:50:00', 600, 1, 0, '2023-07-17 10:45:14'),
(100, '強化肌力與力量提升課程-進階', 4, 9, 3, '2023-08-24 19:30:00', '00:50:00', 600, 1, 0, '2023-07-17 10:45:14'),
(101, '強化肌力與力量提升課程-專業', 4, 9, 3, '2023-08-28 19:30:00', '00:50:00', 800, 1, 0, '2023-07-17 10:45:14'),
(102, '強化肌力與力量提升課程-專業', 4, 9, 3, '2023-08-31 19:30:00', '00:50:00', 800, 1, 0, '2023-07-17 10:45:14'),
(103, '專業拳擊技巧訓練系列課程-進階', 5, 8, 1, '2023-08-26 10:30:00', '01:30:00', 800, 1, 0, '2023-07-17 11:16:00'),
(104, '專業拳擊技巧訓練系列課程-進階', 5, 8, 1, '2023-08-26 14:30:00', '01:30:00', 800, 1, 0, '2023-07-17 11:16:00'),
(105, '專業拳擊技巧訓練系列課程-進階', 5, 8, 1, '2023-08-27 10:30:00', '01:30:00', 800, 1, 0, '2023-07-17 11:16:00'),
(106, '專業拳擊技巧訓練系列課程-進階', 5, 8, 1, '2023-08-27 14:30:00', '01:30:00', 800, 1, 0, '2023-07-17 11:16:00'),
(107, '專業拳擊技巧訓練系列課程-專業', 5, 8, 1, '2023-09-02 10:30:00', '01:30:00', 999, 1, 0, '2023-07-17 11:16:00'),
(108, '專業拳擊技巧訓練系列課程-專業', 5, 8, 1, '2023-09-02 14:30:00', '01:30:00', 999, 1, 0, '2023-07-17 11:16:00'),
(109, '專業拳擊技巧訓練系列課程-專業', 5, 8, 1, '2023-09-03 10:30:00', '01:30:00', 999, 1, 0, '2023-07-17 11:16:00'),
(110, '專業拳擊技巧訓練系列課程-專業', 5, 8, 1, '2023-09-03 14:30:00', '01:30:00', 999, 1, 0, '2023-07-17 11:16:00'),
(111, '專業拳擊技巧訓練系列課程-進階', 5, 11, 2, '2023-08-26 11:00:00', '01:30:00', 800, 1, 0, '2023-07-17 11:20:11'),
(112, '專業拳擊技巧訓練系列課程-進階', 5, 11, 2, '2023-08-26 14:30:00', '01:30:00', 800, 1, 0, '2023-07-17 11:20:11'),
(113, '專業拳擊技巧訓練系列課程-進階', 5, 11, 2, '2023-08-27 11:00:00', '01:30:00', 800, 1, 0, '2023-07-17 11:20:11'),
(114, '專業拳擊技巧訓練系列課程-進階', 5, 11, 2, '2023-08-27 14:30:00', '01:30:00', 800, 1, 0, '2023-07-17 11:20:11'),
(115, '專業拳擊技巧訓練系列課程-專業', 5, 11, 2, '2023-09-02 11:00:00', '01:30:00', 999, 1, 0, '2023-07-17 11:20:11'),
(116, '專業拳擊技巧訓練系列課程-專業', 5, 11, 2, '2023-09-02 14:30:00', '01:30:00', 999, 1, 0, '2023-07-17 11:20:11'),
(117, '專業拳擊技巧訓練系列課程-專業', 5, 11, 2, '2023-09-03 11:00:00', '01:30:00', 999, 1, 0, '2023-07-17 11:20:11'),
(118, '專業拳擊技巧訓練系列課程-專業', 5, 11, 2, '2023-09-03 14:30:00', '01:30:00', 999, 1, 0, '2023-07-17 11:20:11'),
(119, '臥推專項訓練課程-進階', 6, 10, 1, '2023-08-22 19:30:00', '00:50:00', 700, 1, 0, '2023-07-17 11:51:50'),
(120, '臥推專項訓練課程-進階', 6, 10, 1, '2023-08-25 19:30:00', '00:50:00', 700, 1, 0, '2023-07-17 11:51:50'),
(121, '臥推專項訓練課程-專業', 6, 10, 1, '2023-08-29 19:30:00', '00:50:00', 900, 1, 0, '2023-07-17 11:51:50'),
(122, '臥推專項訓練課程-專業', 6, 10, 1, '2023-09-01 19:30:00', '00:50:00', 900, 1, 0, '2023-07-17 11:51:50'),
(123, '臥推專項訓練課程-進階', 6, 14, 2, '2023-08-21 19:30:00', '00:50:00', 700, 1, 0, '2023-07-17 12:00:16'),
(124, '臥推專項訓練課程-進階', 6, 14, 2, '2023-08-23 19:30:00', '00:50:00', 700, 1, 0, '2023-07-17 12:00:16'),
(125, '臥推專項訓練課程-專業', 6, 14, 2, '2023-08-28 19:30:00', '00:50:00', 900, 1, 0, '2023-07-17 12:00:16'),
(126, '臥推專項訓練課程-專業', 6, 14, 2, '2023-08-30 19:30:00', '00:50:00', 900, 1, 0, '2023-07-17 12:00:16'),
(127, '臥推專項訓練課程-進階', 6, 9, 3, '2023-08-22 15:00:00', '00:50:00', 700, 1, 0, '2023-07-17 12:06:14'),
(128, '臥推專項訓練課程-進階', 6, 9, 3, '2023-08-25 15:00:00', '00:50:00', 700, 1, 0, '2023-07-17 12:06:14'),
(129, '臥推專項訓練課程-進階', 6, 9, 3, '2023-08-22 19:30:00', '00:50:00', 700, 1, 0, '2023-07-17 12:06:14'),
(130, '臥推專項訓練課程-進階', 6, 9, 3, '2023-08-25 19:30:00', '00:50:00', 700, 1, 0, '2023-07-17 12:06:14'),
(131, '臥推專項訓練課程-專業', 6, 9, 3, '2023-08-29 15:00:00', '00:50:00', 900, 1, 0, '2023-07-17 12:06:14'),
(132, '臥推專項訓練課程-專業', 6, 9, 3, '2023-09-01 15:00:00', '00:50:00', 900, 1, 0, '2023-07-17 12:06:14'),
(133, '臥推專項訓練課程-專業', 6, 9, 3, '2023-08-29 19:30:00', '00:50:00', 900, 1, 0, '2023-07-17 12:06:14'),
(134, '臥推專項訓練課程-專業', 6, 9, 3, '2023-09-01 19:30:00', '00:50:00', 900, 1, 0, '2023-07-17 12:06:14'),
(135, '肌肥大循環課表訓練課程-入門', 7, 13, 1, '2023-08-21 19:00:00', '01:00:00', 600, 1, 0, '2023-07-17 12:12:41'),
(136, '肌肥大循環課表訓練課程-入門', 7, 13, 1, '2023-08-21 21:00:00', '01:00:00', 600, 1, 0, '2023-07-17 12:12:41'),
(137, '肌肥大循環課表訓練課程-進階', 7, 13, 1, '2023-08-25 19:00:00', '01:00:00', 700, 1, 0, '2023-07-17 12:12:41'),
(138, '肌肥大循環課表訓練課程-進階', 7, 13, 1, '2023-08-25 21:00:00', '01:00:00', 700, 1, 0, '2023-07-17 12:12:41'),
(139, '肌肥大循環課表訓練課程-入門', 7, 3, 2, '2023-08-21 19:00:00', '01:00:00', 600, 1, 0, '2023-07-17 12:17:05'),
(140, '肌肥大循環課表訓練課程-入門', 7, 3, 2, '2023-08-21 21:00:00', '01:00:00', 600, 1, 0, '2023-07-17 12:17:05'),
(141, '肌肥大循環課表訓練課程-入門', 7, 3, 2, '2023-08-22 19:00:00', '01:00:00', 600, 1, 0, '2023-07-17 12:17:05'),
(142, '肌肥大循環課表訓練課程-進階', 7, 3, 2, '2023-08-22 21:00:00', '01:00:00', 700, 1, 0, '2023-07-17 12:17:05'),
(143, '肌肥大循環課表訓練課程-進階', 7, 3, 2, '2023-08-24 19:00:00', '01:00:00', 700, 1, 0, '2023-07-17 12:17:05'),
(144, '肌肥大循環課表訓練課程-進階', 7, 3, 2, '2023-08-24 21:00:00', '01:00:00', 700, 1, 0, '2023-07-17 12:17:05'),
(145, '肌肥大循環課表訓練課程-入門', 7, 12, 3, '2023-08-21 19:00:00', '01:00:00', 600, 1, 0, '2023-07-17 12:22:16'),
(146, '肌肥大循環課表訓練課程-入門', 7, 12, 3, '2023-08-21 21:00:00', '01:00:00', 600, 1, 0, '2023-07-17 12:22:16'),
(147, '肌肥大循環課表訓練課程-入門', 7, 12, 3, '2023-08-23 19:00:00', '01:00:00', 600, 1, 0, '2023-07-17 12:22:16'),
(148, '肌肥大循環課表訓練課程-入門', 7, 12, 3, '2023-08-23 21:00:00', '01:00:00', 600, 1, 0, '2023-07-17 12:22:16'),
(149, '肌肥大循環課表訓練課程-進階', 7, 12, 3, '2023-08-26 10:00:00', '01:00:00', 700, 1, 0, '2023-07-17 12:22:16'),
(150, '肌肥大循環課表訓練課程-進階', 7, 12, 3, '2023-08-26 14:00:00', '01:00:00', 700, 1, 0, '2023-07-17 12:22:16'),
(151, '肌肥大循環課表訓練課程-進階', 7, 12, 3, '2023-08-27 10:00:00', '01:00:00', 700, 1, 0, '2023-07-17 12:22:16'),
(152, '肌肥大循環課表訓練課程-進階', 7, 12, 3, '2023-08-27 14:00:00', '01:00:00', 700, 1, 0, '2023-07-17 12:22:16'),
(153, '長跑有氧耐力專門課程-專業', 8, 24, 2, '2023-08-21 14:00:00', '01:30:00', 1000, 1, 0, '2023-07-17 12:39:42'),
(154, '長跑有氧耐力專門課程-專業', 8, 24, 2, '2023-08-21 20:00:00', '01:30:00', 1000, 1, 0, '2023-07-17 12:39:42'),
(155, '長跑有氧耐力專門課程-進階', 8, 24, 2, '2023-08-23 14:00:00', '01:30:00', 800, 1, 0, '2023-07-17 12:39:42'),
(156, '長跑有氧耐力專門課程-進階', 8, 24, 2, '2023-08-23 20:00:00', '01:30:00', 800, 1, 0, '2023-07-17 12:39:42'),
(157, '長跑有氧耐力專門課程-進階', 8, 24, 2, '2023-08-25 14:00:00', '01:30:00', 800, 1, 0, '2023-07-17 12:39:42'),
(158, '長跑有氧耐力專門課程-進階', 8, 24, 2, '2023-08-25 20:00:00', '01:30:00', 800, 1, 0, '2023-07-17 12:39:42'),
(159, '硬拉專門訓練課程-進階', 9, 13, 1, '2023-09-02 10:00:00', '00:50:00', 700, 1, 0, '2023-07-17 12:51:05'),
(160, '硬拉專門訓練課程-進階', 9, 13, 1, '2023-09-02 14:00:00', '00:50:00', 700, 1, 0, '2023-07-17 12:51:05'),
(161, '硬拉專門訓練課程-專業', 9, 13, 1, '2023-09-02 19:00:00', '00:50:00', 900, 1, 0, '2023-07-17 12:51:05'),
(162, '硬拉專門訓練課程-進階', 9, 13, 1, '2023-09-03 10:00:00', '00:50:00', 700, 1, 0, '2023-07-17 12:51:05'),
(163, '硬拉專門訓練課程-進階', 9, 13, 1, '2023-09-03 14:00:00', '00:50:00', 700, 1, 0, '2023-07-17 12:51:05'),
(164, '硬拉專門訓練課程-專業', 9, 13, 1, '2023-09-03 19:00:00', '00:50:00', 900, 1, 0, '2023-07-17 12:51:05');

-- --------------------------------------------------------

--
-- Table structure for table `c_l_location`
--

CREATE TABLE `c_l_location` (
  `sid` int(11) NOT NULL,
  `name` varchar(32) NOT NULL
) ENGINE=InnoDB DEFAULT CHARSET=utf8;

--
-- Dumping data for table `c_l_location`
--

INSERT INTO `c_l_location` (`sid`, `name`) VALUES
(1, 'taipei'),
(2, 'taichung'),
(3, 'kaohsiung');

-- --------------------------------------------------------

--
-- Table structure for table `c_l_rela_coach_certification`
--

CREATE TABLE `c_l_rela_coach_certification` (
  `sid` int(11) NOT NULL,
  `coach_sid` int(11) NOT NULL,
  `certification_sid` int(11) NOT NULL
) ENGINE=InnoDB DEFAULT CHARSET=utf8;

--
-- Dumping data for table `c_l_rela_coach_certification`
--

INSERT INTO `c_l_rela_coach_certification` (`sid`, `coach_sid`, `certification_sid`) VALUES
(60, 1, 1),
(61, 1, 2),
(106, 1, 3),
(63, 1, 4),
(94, 2, 2),
(92, 2, 3),
(91, 2, 5),
(93, 2, 6),
(95, 2, 24),
(90, 3, 21),
(89, 3, 22),
(88, 3, 26),
(87, 3, 36),
(37, 4, 1),
(38, 4, 35),
(4, 5, 1),
(84, 5, 6),
(86, 5, 42),
(85, 5, 44),
(68, 6, 39),
(67, 6, 40),
(66, 6, 41),
(64, 6, 47),
(65, 6, 49),
(69, 7, 3),
(70, 7, 26),
(76, 7, 30),
(72, 7, 41),
(71, 7, 43),
(73, 7, 44),
(75, 7, 45),
(74, 7, 48),
(77, 8, 36),
(78, 8, 38),
(79, 8, 41),
(80, 8, 43),
(83, 8, 47),
(81, 8, 48),
(82, 8, 49),
(112, 10, 1),
(105, 11, 2),
(104, 11, 3),
(108, 13, 1),
(107, 13, 4),
(115, 17, 7),
(116, 17, 8),
(114, 18, 1),
(113, 18, 4),
(118, 19, 4),
(117, 19, 20);

-- --------------------------------------------------------

--
-- Table structure for table `c_l_rela_lesson_tag`
--

CREATE TABLE `c_l_rela_lesson_tag` (
  `sid` int(11) NOT NULL,
  `lesson_sid` int(11) NOT NULL,
  `tag_sid` int(11) NOT NULL
) ENGINE=InnoDB DEFAULT CHARSET=utf8;

--
-- Dumping data for table `c_l_rela_lesson_tag`
--

INSERT INTO `c_l_rela_lesson_tag` (`sid`, `lesson_sid`, `tag_sid`) VALUES
(1, 1, 6),
(2, 1, 12),
(3, 1, 13),
(4, 1, 15),
(5, 1, 18),
(6, 1, 22),
(7, 1, 23),
(8, 2, 10),
(9, 2, 12),
(10, 2, 13),
(11, 2, 14),
(12, 2, 15),
(13, 2, 18),
(14, 2, 19),
(15, 2, 21),
(16, 2, 22),
(17, 2, 23),
(18, 3, 2),
(19, 3, 11),
(20, 3, 12),
(21, 3, 13),
(22, 3, 16),
(23, 3, 18),
(24, 3, 19),
(25, 3, 20),
(26, 3, 21),
(27, 3, 22),
(28, 3, 23),
(29, 4, 8),
(30, 4, 9),
(31, 4, 10),
(32, 4, 11),
(33, 4, 12),
(34, 4, 14),
(35, 4, 15),
(36, 4, 18),
(37, 4, 20),
(38, 4, 21),
(39, 4, 27),
(40, 5, 2),
(41, 5, 3),
(42, 5, 4),
(43, 5, 5),
(44, 5, 12),
(45, 5, 14),
(46, 5, 15),
(47, 5, 18),
(48, 5, 19),
(49, 5, 20),
(50, 5, 22),
(51, 5, 23),
(52, 5, 24),
(53, 5, 27),
(54, 6, 8),
(55, 6, 9),
(56, 6, 10),
(57, 6, 11),
(58, 6, 12),
(59, 6, 14),
(60, 6, 18),
(61, 6, 20),
(62, 6, 24),
(63, 6, 27),
(64, 7, 8),
(65, 7, 9),
(66, 7, 10),
(67, 7, 11),
(68, 7, 12),
(69, 7, 13),
(70, 7, 14),
(71, 7, 18),
(72, 7, 20),
(73, 7, 21),
(74, 7, 22),
(75, 7, 23),
(76, 7, 27),
(77, 8, 2),
(78, 8, 3),
(79, 8, 12),
(80, 8, 15),
(81, 8, 18),
(82, 8, 19),
(83, 8, 21),
(84, 8, 24),
(85, 8, 27),
(86, 9, 8),
(87, 9, 9),
(88, 9, 10),
(89, 9, 14),
(90, 9, 18),
(91, 9, 20),
(92, 9, 21),
(93, 9, 24),
(94, 9, 27),
(95, 10, 2),
(96, 10, 3),
(97, 10, 10),
(98, 10, 12),
(99, 10, 13),
(100, 10, 15),
(101, 10, 18),
(102, 10, 19),
(103, 10, 21),
(104, 10, 23),
(105, 11, 8),
(106, 11, 9),
(107, 11, 10),
(108, 11, 22),
(109, 11, 25),
(110, 11, 26),
(111, 11, 27),
(112, 12, 2),
(113, 12, 6),
(114, 12, 11),
(115, 12, 12),
(116, 12, 13),
(117, 12, 22),
(118, 12, 23),
(119, 12, 26),
(120, 13, 2),
(121, 13, 3),
(122, 13, 7),
(123, 13, 9),
(124, 13, 10),
(125, 13, 11),
(126, 13, 12),
(127, 13, 13),
(128, 13, 14),
(129, 13, 15),
(130, 13, 18),
(131, 13, 19),
(132, 13, 20),
(133, 13, 21),
(134, 13, 22),
(135, 13, 23),
(136, 14, 1),
(137, 14, 2),
(138, 14, 3),
(139, 14, 9),
(140, 14, 10),
(141, 14, 11),
(142, 14, 12),
(143, 14, 13),
(144, 14, 14),
(145, 14, 15),
(146, 14, 17),
(147, 14, 18),
(148, 14, 19),
(149, 14, 20),
(150, 14, 21),
(151, 14, 22),
(152, 14, 23),
(153, 15, 2),
(154, 15, 3),
(155, 15, 7),
(156, 15, 9),
(157, 15, 10),
(158, 15, 11),
(159, 15, 12),
(160, 15, 13),
(161, 15, 14),
(162, 15, 15),
(163, 15, 18),
(164, 15, 19),
(165, 15, 20),
(166, 15, 21),
(167, 15, 22),
(168, 15, 23),
(169, 16, 8),
(170, 16, 9),
(171, 16, 10),
(172, 16, 13),
(173, 16, 14),
(174, 16, 15),
(175, 16, 27),
(176, 17, 1),
(177, 17, 3),
(178, 17, 12),
(179, 17, 13),
(180, 17, 15),
(181, 17, 18),
(182, 17, 19),
(183, 17, 20),
(184, 17, 21),
(185, 17, 22),
(186, 17, 23),
(187, 18, 2),
(188, 18, 3),
(189, 18, 10),
(190, 18, 11),
(191, 18, 12),
(192, 18, 13),
(193, 18, 15),
(194, 18, 18),
(195, 18, 19),
(196, 18, 20),
(197, 18, 21),
(198, 18, 22),
(199, 18, 23);

-- --------------------------------------------------------

--
-- Table structure for table `c_l_tags`
--

CREATE TABLE `c_l_tags` (
  `sid` int(11) NOT NULL,
  `name` varchar(16) NOT NULL,
  `created_at` timestamp NOT NULL DEFAULT CURRENT_TIMESTAMP
) ENGINE=InnoDB DEFAULT CHARSET=utf8;

--
-- Dumping data for table `c_l_tags`
--

INSERT INTO `c_l_tags` (`sid`, `name`, `created_at`) VALUES
(1, 'HIIT', '2023-07-12 08:10:34'),
(2, '有氧', '2023-07-12 08:10:34'),
(3, '心肺', '2023-07-12 08:10:34'),
(4, '拳擊', '2023-07-12 08:10:34'),
(5, '格鬥', '2023-07-12 08:10:34'),
(6, '瑜珈', '2023-07-12 08:10:34'),
(7, '壺鈴', '2023-07-12 08:10:34'),
(8, '健力', '2023-07-12 08:10:34'),
(9, '健美', '2023-07-12 08:10:34'),
(10, '健體', '2023-07-12 08:10:34'),
(11, '核心', '2023-07-12 08:10:34'),
(12, '體能', '2023-07-12 08:10:34'),
(13, '體態雕塑', '2023-07-12 08:10:34'),
(14, '增肌', '2023-07-12 08:10:34'),
(15, '減脂', '2023-07-12 08:10:34'),
(16, '皮拉提斯', '2023-07-12 08:10:34'),
(17, '藥球', '2023-07-12 08:10:34'),
(18, '肌力', '2023-07-12 08:10:34'),
(19, '耐力', '2023-07-12 08:10:34'),
(20, '上肢力量', '2023-07-12 08:10:34'),
(21, '下肢力量', '2023-07-12 08:10:34'),
(22, '功能性訓練', '2023-07-12 08:10:34'),
(23, '全身性訓練', '2023-07-13 02:13:51'),
(24, '專項訓練', '2023-07-13 02:13:51'),
(25, '傷害預防', '2023-07-13 02:13:51'),
(26, '伸展', '2023-07-13 02:13:51'),
(27, '專業建議', '2023-07-13 02:13:51');

--
-- Indexes for dumped tables
--

--
-- Indexes for table `c_l_category`
--
ALTER TABLE `c_l_category`
  ADD PRIMARY KEY (`sid`);

--
-- Indexes for table `c_l_certification`
--
ALTER TABLE `c_l_certification`
  ADD PRIMARY KEY (`sid`),
  ADD UNIQUE KEY `name` (`name`);

--
-- Indexes for table `c_l_coachs`
--
ALTER TABLE `c_l_coachs`
  ADD PRIMARY KEY (`sid`),
  ADD UNIQUE KEY `member_sid` (`member_sid`);

--
-- Indexes for table `c_l_lessons`
--
ALTER TABLE `c_l_lessons`
  ADD PRIMARY KEY (`sid`),
  ADD KEY `coach_sid` (`coach_sid`),
  ADD KEY `location_sid` (`location_sid`),
  ADD KEY `category_sid` (`category_sid`);

--
-- Indexes for table `c_l_location`
--
ALTER TABLE `c_l_location`
  ADD PRIMARY KEY (`sid`);

--
-- Indexes for table `c_l_rela_coach_certification`
--
ALTER TABLE `c_l_rela_coach_certification`
  ADD PRIMARY KEY (`sid`),
  ADD UNIQUE KEY `coach_sid_2` (`coach_sid`,`certification_sid`),
  ADD KEY `coach_sid` (`coach_sid`),
  ADD KEY `certification_sid` (`certification_sid`);

--
-- Indexes for table `c_l_rela_lesson_tag`
--
ALTER TABLE `c_l_rela_lesson_tag`
  ADD PRIMARY KEY (`sid`),
  ADD KEY `lession_sid` (`lesson_sid`),
  ADD KEY `tag_sid` (`tag_sid`);

--
-- Indexes for table `c_l_tags`
--
ALTER TABLE `c_l_tags`
  ADD PRIMARY KEY (`sid`),
  ADD UNIQUE KEY `name` (`name`);

--
-- AUTO_INCREMENT for dumped tables
--

--
-- AUTO_INCREMENT for table `c_l_category`
--
ALTER TABLE `c_l_category`
  MODIFY `sid` int(11) NOT NULL AUTO_INCREMENT, AUTO_INCREMENT=19;

--
-- AUTO_INCREMENT for table `c_l_certification`
--
ALTER TABLE `c_l_certification`
  MODIFY `sid` int(11) NOT NULL AUTO_INCREMENT, AUTO_INCREMENT=50;

--
-- AUTO_INCREMENT for table `c_l_coachs`
--
ALTER TABLE `c_l_coachs`
  MODIFY `sid` int(11) NOT NULL AUTO_INCREMENT, AUTO_INCREMENT=26;

--
-- AUTO_INCREMENT for table `c_l_lessons`
--
ALTER TABLE `c_l_lessons`
  MODIFY `sid` int(11) NOT NULL AUTO_INCREMENT, AUTO_INCREMENT=165;

--
-- AUTO_INCREMENT for table `c_l_location`
--
ALTER TABLE `c_l_location`
  MODIFY `sid` int(11) NOT NULL AUTO_INCREMENT, AUTO_INCREMENT=4;

--
-- AUTO_INCREMENT for table `c_l_rela_coach_certification`
--
ALTER TABLE `c_l_rela_coach_certification`
  MODIFY `sid` int(11) NOT NULL AUTO_INCREMENT, AUTO_INCREMENT=119;

--
-- AUTO_INCREMENT for table `c_l_rela_lesson_tag`
--
ALTER TABLE `c_l_rela_lesson_tag`
  MODIFY `sid` int(11) NOT NULL AUTO_INCREMENT, AUTO_INCREMENT=200;

--
-- AUTO_INCREMENT for table `c_l_tags`
--
ALTER TABLE `c_l_tags`
  MODIFY `sid` int(11) NOT NULL AUTO_INCREMENT, AUTO_INCREMENT=28;

--
-- Constraints for dumped tables
--

--
-- Constraints for table `c_l_rela_coach_certification`
--
ALTER TABLE `c_l_rela_coach_certification`
  ADD CONSTRAINT `c_l_rela_coach_certification_ibfk_2` FOREIGN KEY (`certification_sid`) REFERENCES `c_l_certification` (`sid`);
COMMIT;

/*!40101 SET CHARACTER_SET_CLIENT=@OLD_CHARACTER_SET_CLIENT */;
/*!40101 SET CHARACTER_SET_RESULTS=@OLD_CHARACTER_SET_RESULTS */;
/*!40101 SET COLLATION_CONNECTION=@OLD_COLLATION_CONNECTION */;
