-- phpMyAdmin SQL Dump
-- version 5.2.0
-- https://www.phpmyadmin.net/
--
-- Host: localhost:8889
-- Generation Time: Aug 07, 2023 at 08:22 AM
-- Server version: 5.7.39
-- PHP Version: 7.4.33

SET SQL_MODE = "NO_AUTO_VALUE_ON_ZERO";
START TRANSACTION;
SET time_zone = "+00:00";


/*!40101 SET @OLD_CHARACTER_SET_CLIENT=@@CHARACTER_SET_CLIENT */;
/*!40101 SET @OLD_CHARACTER_SET_RESULTS=@@CHARACTER_SET_RESULTS */;
/*!40101 SET @OLD_COLLATION_CONNECTION=@@COLLATION_CONNECTION */;
/*!40101 SET NAMES utf8mb4 */;

--
-- Database: `GYM_v3`
--

-- --------------------------------------------------------

--
-- Table structure for table `record_body_part`
--

DROP TABLE IF EXISTS `record_body_part`;
CREATE TABLE `record_body_part` (
  `sid` int(11) NOT NULL,
  `bodyPart_name` varchar(255) NOT NULL
) ENGINE=InnoDB DEFAULT CHARSET=utf8mb4;

--
-- Dumping data for table `record_body_part`
--

INSERT INTO `record_body_part` (`sid`, `bodyPart_name`) VALUES
(11, '三頭'),
(6, '上背'),
(7, '下背'),
(12, '二頭'),
(9, '前臂'),
(10, '小腿'),
(2, '核心'),
(3, '肩膀'),
(1, '胸'),
(4, '腿前側'),
(5, '腿後側'),
(8, '臀部');

-- --------------------------------------------------------

--
-- Table structure for table `record_condition`
--

DROP TABLE IF EXISTS `record_condition`;
CREATE TABLE `record_condition` (
  `sid` int(11) NOT NULL,
  `member_sid` int(11) NOT NULL,
  `height` float NOT NULL,
  `weight` float NOT NULL,
  `bodyfat` float NOT NULL,
  `record_time` datetime NOT NULL
) ENGINE=InnoDB DEFAULT CHARSET=utf8;

--
-- Dumping data for table `record_condition`
--

INSERT INTO `record_condition` (`sid`, `member_sid`, `height`, `weight`, `bodyfat`, `record_time`) VALUES
(2, 1, 175.5, 60.8, 15.4, '2023-01-31 00:00:00'),
(3, 1, 175.6, 61.9, 16.9, '2023-02-28 00:00:00'),
(5, 1, 176, 61.7, 15.7, '2023-01-31 00:00:00'),
(7, 1, 175.7, 63, 16.9, '2023-01-31 00:00:00'),
(14, 1, 175.8, 60.1, 16.6, '2023-02-28 00:00:00'),
(16, 2, 181, 75.7, 20.7, '2023-03-31 00:00:00'),
(17, 2, 180.6, 75.7, 20.9, '2023-01-31 00:00:00'),
(18, 2, 180.8, 76.4, 20.5, '2023-03-31 00:00:00'),
(19, 2, 180.8, 76.4, 21.4, '2023-04-30 00:00:00'),
(20, 2, 180.9, 75.3, 21.1, '2023-01-31 00:00:00'),
(21, 2, 180.6, 76, 21.8, '2023-03-31 00:00:00'),
(23, 2, 180.8, 76.4, 20.3, '2023-02-28 00:00:00'),
(24, 2, 180.2, 76.6, 22, '2023-05-31 00:00:00'),
(25, 2, 180.9, 76.6, 21, '2023-04-30 00:00:00'),
(26, 2, 180.8, 76.4, 21.1, '2023-02-28 00:00:00'),
(27, 2, 180.1, 75.5, 21.6, '2023-02-28 00:00:00'),
(28, 2, 180.3, 75, 20.4, '2023-01-31 00:00:00'),
(29, 2, 180.6, 75.4, 21.4, '2023-03-31 00:00:00'),
(30, 2, 180.3, 76.8, 21, '2023-02-28 00:00:00'),
(31, 2, 180.5, 76, 20.1, '2023-05-31 00:00:00'),
(32, 2, 180.3, 76, 21, '2023-02-28 00:00:00'),
(33, 2, 181, 75.2, 21.5, '2023-05-31 00:00:00'),
(34, 2, 181, 75.1, 20.7, '2023-05-31 00:00:00'),
(35, 2, 180.5, 76.3, 20, '2023-04-30 00:00:00'),
(36, 2, 180.6, 76.1, 20.7, '2023-01-31 00:00:00'),
(37, 2, 180, 76.2, 20.8, '2023-01-31 00:00:00'),
(38, 2, 181, 76.3, 20.8, '2023-02-28 00:00:00'),
(39, 2, 180.6, 75.2, 20.5, '2023-03-31 00:00:00'),
(40, 2, 180.3, 76.1, 21.1, '2023-03-31 00:00:00'),
(41, 2, 180, 75.1, 21.3, '2023-01-31 00:00:00'),
(42, 2, 180.8, 76.7, 21.4, '2023-03-31 00:00:00'),
(43, 2, 180.1, 75.8, 20.4, '2023-03-31 00:00:00'),
(44, 1, 180.6, 76.6, 20.4, '2023-01-31 00:00:00'),
(45, 1, 180.4, 76.9, 21.1, '2023-02-28 00:00:00'),
(46, 1, 180.9, 76.5, 20.9, '2023-01-31 00:00:00'),
(47, 1, 180.2, 75.6, 20.5, '2023-01-31 00:00:00'),
(48, 1, 180.8, 75.1, 20.6, '2023-01-31 00:00:00'),
(49, 1, 180.4, 75.4, 21.8, '2023-03-31 00:00:00'),
(50, 1, 180.7, 75.8, 20, '2023-03-31 00:00:00'),
(51, 1, 180.7, 75.8, 20.1, '2023-01-31 00:00:00'),
(52, 1, 180.4, 75.2, 20, '2023-04-30 00:00:00'),
(53, 1, 180.2, 75.9, 21.3, '2023-02-28 00:00:00'),
(54, 1, 180.7, 75.9, 21.3, '2023-02-28 00:00:00'),
(55, 1, 180.4, 75.6, 21.9, '2023-01-31 00:00:00'),
(56, 1, 180.8, 76, 21.7, '2023-01-31 00:00:00'),
(57, 1, 180.5, 76.6, 21.5, '2023-02-28 00:00:00'),
(58, 1, 180.5, 76.8, 20.4, '2023-04-30 00:00:00'),
(60, 1, 180.5, 76.3, 20.6, '2023-01-31 00:00:00'),
(61, 1, 180.4, 76.9, 21.5, '2023-01-31 00:00:00'),
(62, 1, 181, 76.1, 22, '2023-03-31 00:00:00'),
(64, 1, 180.9, 76, 20.1, '2023-02-28 00:00:00'),
(65, 1, 181, 75.1, 20.8, '2023-01-31 00:00:00'),
(66, 1, 180.6, 76.5, 20.1, '2023-01-31 00:00:00'),
(67, 1, 180.5, 76.1, 20.2, '2023-02-28 00:00:00'),
(69, 1, 180.8, 75.5, 20.6, '2023-03-31 00:00:00'),
(71, 1, 180.4, 76.3, 20.4, '2023-02-28 00:00:00'),
(72, 1, 180.6, 76.7, 21, '2023-01-31 00:00:00'),
(73, 1, 180.8, 75.9, 21.2, '2023-03-31 00:00:00'),
(74, 1, 180.4, 75.7, 22, '2023-03-31 00:00:00'),
(75, 1, 180.9, 75.9, 20.2, '2023-02-28 00:00:00'),
(76, 1, 180.9, 75, 21.4, '2023-03-31 00:00:00'),
(78, 1, 181, 76.4, 21.6, '2023-02-28 00:00:00'),
(79, 1, 180.5, 75.4, 20.1, '2023-02-28 00:00:00'),
(80, 1, 181, 75.5, 21.9, '2023-02-28 00:00:00'),
(81, 1, 180, 75.4, 20.6, '2023-02-28 00:00:00'),
(84, 1, 180.9, 75, 21.5, '2023-02-28 00:00:00'),
(85, 1, 180.8, 75.1, 22, '2023-01-31 00:00:00'),
(86, 1, 180.5, 77, 21, '2023-01-31 00:00:00'),
(87, 1, 180.7, 76.8, 21.2, '2023-03-31 00:00:00'),
(88, 1, 180.2, 75.7, 20.7, '2023-03-31 00:00:00'),
(89, 1, 180.1, 76.9, 21.1, '2023-05-17 12:47:32'),
(90, 1, 180.2, 75.4, 21.9, '2023-04-30 00:00:00'),
(91, 1, 180.6, 76, 21, '2023-02-28 00:00:00'),
(92, 1, 180.7, 75.9, 20, '2023-01-31 00:00:00'),
(93, 1, 180.7, 75.1, 20.4, '2023-03-31 00:00:00'),
(94, 1, 180.1, 75.5, 20.5, '2023-02-28 00:00:00'),
(95, 1, 181, 75.6, 20.2, '2023-04-30 00:00:00'),
(96, 1, 180.2, 75.8, 22, '2023-02-28 00:00:00'),
(97, 1, 180.6, 75.5, 21.5, '2023-04-30 00:00:00'),
(98, 1, 180.9, 75, 21.4, '2023-02-28 00:00:00'),
(99, 1, 180.7, 75.2, 21.9, '2023-03-31 00:00:00'),
(101, 1, 180.4, 75.7, 21.6, '2023-01-31 00:00:00'),
(102, 1, 180.1, 75.4, 20.6, '2023-02-28 00:00:00'),
(105, 1, 180.2, 75.7, 20.8, '2023-03-31 00:00:00'),
(106, 1, 180.7, 75, 21.9, '2023-01-31 00:00:00'),
(107, 1, 180.3, 76.4, 21.9, '2023-03-31 00:00:00'),
(108, 1, 180.7, 75.9, 20.4, '2023-05-17 12:47:39'),
(110, 1, 181, 75.8, 21.3, '2023-01-31 00:00:00'),
(111, 1, 180.1, 75.6, 20.5, '2023-01-31 00:00:00'),
(112, 1, 180.3, 75.3, 21.9, '2023-03-31 00:00:00'),
(114, 1, 180.5, 75.3, 20.8, '2023-03-31 00:00:00'),
(115, 1, 180.5, 76.7, 21.6, '2023-03-31 00:00:00'),
(116, 1, 180.9, 75, 21.8, '2023-04-30 00:00:00'),
(117, 1, 180, 76, 20, '2023-02-28 00:00:00'),
(118, 1, 180, 76.7, 20.6, '2023-02-28 00:00:00'),
(119, 1, 180.9, 75.8, 20.4, '2023-01-31 00:00:00'),
(126, 5, 181, 76.3, 20.8, '2023-01-31 00:00:00'),
(127, 5, 180.1, 77, 21.7, '2023-02-28 00:00:00'),
(128, 5, 180.6, 75.2, 20.3, '2023-04-30 00:00:00'),
(129, 5, 180.9, 75.8, 21.1, '2023-02-28 00:00:00'),
(130, 5, 180, 76.7, 21.5, '2023-03-31 00:00:00'),
(131, 5, 180.2, 75.2, 21.3, '2023-03-31 00:00:00'),
(132, 5, 180, 76.6, 21.5, '2023-02-28 00:00:00'),
(133, 5, 180.8, 76.5, 21.8, '2023-04-30 00:00:00'),
(134, 5, 180.6, 76.9, 20.7, '2023-01-31 00:00:00'),
(135, 5, 180.1, 76.5, 21.4, '2023-01-31 00:00:00'),
(136, 5, 180, 76.9, 21.7, '2023-04-30 00:00:00'),
(137, 5, 181, 76.7, 20.3, '2023-02-28 00:00:00'),
(138, 5, 180.5, 77, 21.4, '2023-02-28 00:00:00'),
(139, 4, 180, 75, 21.8, '2023-01-31 00:00:00'),
(140, 4, 180.1, 76.5, 20.3, '2023-01-31 00:00:00'),
(141, 4, 180.5, 75.6, 21.5, '2023-03-31 00:00:00'),
(142, 4, 180.1, 75.1, 20.3, '2023-02-28 00:00:00'),
(143, 4, 180.3, 76, 20.2, '2023-03-31 00:00:00'),
(144, 4, 181, 76, 21.1, '2023-02-28 00:00:00'),
(145, 4, 180.4, 75.8, 21.1, '2023-03-31 00:00:00'),
(146, 4, 180.6, 75.5, 20.5, '2023-01-31 00:00:00'),
(147, 4, 181, 75.5, 20.8, '2023-02-28 00:00:00'),
(148, 4, 180.3, 76.9, 20.9, '2023-03-31 00:00:00'),
(149, 4, 180.7, 76.4, 21.4, '2023-03-31 00:00:00'),
(150, 4, 180.2, 75.7, 20.2, '2023-01-31 00:00:00'),
(151, 3, 181, 77, 21, '2023-03-31 00:00:00'),
(152, 3, 180.9, 75.5, 21.9, '2023-02-28 00:00:00'),
(153, 3, 181, 77, 20.1, '2023-04-30 00:00:00'),
(154, 3, 180.3, 76.3, 21.1, '2023-01-31 00:00:00'),
(155, 3, 180, 75, 21.6, '2023-01-31 00:00:00'),
(156, 3, 180.2, 75.1, 20.6, '2023-03-31 00:00:00'),
(157, 3, 180, 77, 21.2, '2023-03-31 00:00:00'),
(158, 3, 181, 75.2, 20.9, '2023-03-31 00:00:00'),
(159, 3, 180.1, 76.6, 21, '2023-05-31 00:00:00'),
(160, 3, 180.6, 75, 21.3, '2023-03-31 00:00:00'),
(161, 3, 180.7, 76, 20.4, '2023-03-31 00:00:00'),
(162, 3, 181, 76.4, 20.5, '2023-05-31 00:00:00'),
(163, 3, 180.3, 76.4, 21.2, '2023-02-28 00:00:00'),
(164, 3, 180.8, 75.4, 21.7, '2023-03-31 00:00:00'),
(165, 2, 180.7, 76.5, 20, '2023-01-31 00:00:00'),
(166, 2, 180, 75.1, 21.5, '2023-02-28 00:00:00'),
(167, 2, 180.6, 75.5, 20.7, '2023-02-28 00:00:00'),
(168, 2, 180.5, 75.9, 20, '2023-04-30 00:00:00'),
(169, 2, 180.2, 77, 20.2, '2023-02-28 00:00:00'),
(170, 2, 181, 75.8, 21, '2023-02-28 00:00:00'),
(171, 2, 180.1, 75.5, 21.7, '2023-01-31 00:00:00'),
(172, 2, 180.6, 76, 20.3, '2023-03-31 00:00:00'),
(173, 2, 180.8, 75.3, 20.6, '2023-05-31 00:00:00'),
(174, 2, 180.8, 76.2, 20, '2023-03-31 00:00:00'),
(175, 2, 180.1, 75.6, 20.2, '2023-01-31 00:00:00'),
(176, 2, 180.9, 77, 21.3, '2023-02-28 00:00:00'),
(177, 2, 180.8, 75.6, 20.8, '2023-05-31 00:00:00');

-- --------------------------------------------------------

--
-- Table structure for table `record_diet_record`
--

DROP TABLE IF EXISTS `record_diet_record`;
CREATE TABLE `record_diet_record` (
  `sid` int(11) NOT NULL,
  `member_sid` int(11) NOT NULL,
  `food_sid` int(11) NOT NULL,
  `quantity` float NOT NULL,
  `diet_time` datetime NOT NULL
) ENGINE=InnoDB DEFAULT CHARSET=utf8mb4;

--
-- Dumping data for table `record_diet_record`
--

INSERT INTO `record_diet_record` (`sid`, `member_sid`, `food_sid`, `quantity`, `diet_time`) VALUES
(1, 1, 19, 0.6, '2023-03-31 00:00:00'),
(3, 1, 14, 3, '2023-03-31 00:00:00'),
(4, 1, 21, 0.7, '2023-01-31 00:00:00'),
(5, 1, 13, 0.2, '2023-04-30 00:00:00'),
(6, 1, 31, 2.7, '2023-02-28 00:00:00'),
(7, 1, 11, 1.8, '2023-01-31 00:00:00'),
(8, 1, 14, 2.1, '2023-04-30 00:00:00'),
(9, 1, 26, 2.2, '2023-01-31 00:00:00'),
(10, 1, 14, 2.2, '2023-03-31 00:00:00'),
(11, 1, 21, 1.7, '2023-03-31 00:00:00'),
(12, 1, 29, 0.3, '2023-02-28 00:00:00'),
(13, 1, 23, 1.5, '2023-03-31 00:00:00'),
(14, 1, 15, 2.4, '2023-01-31 00:00:00'),
(15, 1, 18, 2.1, '2023-04-30 00:00:00'),
(16, 2, 13, 0.7, '2023-03-31 00:00:00'),
(17, 2, 15, 2.3, '2023-02-28 00:00:00'),
(18, 2, 30, 1.7, '2023-04-30 00:00:00'),
(19, 2, 17, 0.8, '2023-02-28 00:00:00'),
(20, 2, 11, 1.8, '2023-03-31 00:00:00'),
(21, 2, 24, 0.7, '2023-03-31 00:00:00'),
(23, 2, 13, 1.5, '2023-03-31 00:00:00'),
(24, 2, 11, 1.6, '2023-03-31 00:00:00'),
(25, 2, 29, 3, '2023-04-30 00:00:00'),
(26, 2, 24, 1.1, '2023-02-28 00:00:00'),
(27, 2, 15, 2.4, '2023-04-30 00:00:00'),
(28, 2, 22, 2, '2023-01-31 00:00:00'),
(29, 2, 17, 1.8, '2023-04-30 00:00:00'),
(30, 2, 13, 1, '2023-03-31 00:00:00'),
(31, 2, 22, 2.1, '2023-03-31 00:00:00'),
(32, 2, 22, 0.4, '2023-04-30 00:00:00'),
(33, 2, 25, 1.7, '2023-04-30 00:00:00'),
(34, 2, 28, 0.6, '2023-03-31 00:00:00'),
(35, 2, 12, 0.5, '2023-05-31 00:00:00'),
(36, 2, 28, 1.4, '2023-02-28 00:00:00'),
(37, 2, 15, 2.7, '2023-05-31 00:00:00'),
(38, 2, 19, 1.8, '2023-03-31 00:00:00'),
(39, 2, 25, 2, '2023-02-28 00:00:00'),
(40, 2, 17, 3, '2023-01-31 00:00:00'),
(41, 2, 20, 1.9, '2023-01-31 00:00:00'),
(42, 2, 14, 1, '2023-05-31 00:00:00'),
(43, 2, 12, 2.2, '2023-04-30 00:00:00'),
(44, 2, 19, 0.7, '2023-03-31 00:00:00'),
(45, 2, 12, 0.8, '2023-02-28 00:00:00'),
(46, 2, 31, 1.3, '2023-05-31 00:00:00'),
(47, 2, 12, 0.7, '2023-04-30 00:00:00'),
(48, 2, 18, 2, '2023-02-28 00:00:00'),
(49, 2, 20, 1.1, '2023-03-31 00:00:00'),
(50, 2, 15, 1.7, '2023-02-28 00:00:00'),
(51, 2, 21, 1.2, '2023-04-30 00:00:00'),
(52, 2, 29, 1, '2023-04-30 00:00:00'),
(53, 2, 23, 1.3, '2023-04-30 00:00:00'),
(54, 2, 20, 2.2, '2023-01-31 00:00:00'),
(55, 2, 25, 2.3, '2023-02-28 00:00:00'),
(56, 2, 29, 2.6, '2023-04-30 00:00:00'),
(57, 2, 12, 0.5, '2023-01-31 00:00:00'),
(58, 2, 30, 2.3, '2023-03-31 00:00:00'),
(59, 2, 28, 1.6, '2023-02-28 00:00:00'),
(60, 2, 26, 0.6, '2023-01-31 00:00:00'),
(61, 2, 29, 1.9, '2023-04-30 00:00:00'),
(62, 2, 11, 1.1, '2023-01-31 00:00:00'),
(63, 2, 26, 2.5, '2023-03-31 00:00:00'),
(64, 2, 13, 1.6, '2023-03-31 00:00:00'),
(65, 2, 19, 1.5, '2023-04-30 00:00:00'),
(66, 2, 29, 0.1, '2023-01-31 00:00:00'),
(67, 2, 23, 0.8, '2023-02-28 00:00:00'),
(68, 2, 29, 3, '2023-02-28 00:00:00'),
(69, 1, 23, 1, '2023-03-31 00:00:00'),
(70, 1, 23, 2.1, '2023-03-31 00:00:00'),
(71, 1, 31, 0.5, '2023-01-31 00:00:00'),
(73, 1, 12, 0.1, '2023-03-31 00:00:00'),
(74, 1, 25, 1.8, '2023-02-28 00:00:00'),
(75, 1, 23, 2.4, '2023-02-28 00:00:00'),
(76, 1, 19, 0.6, '2023-03-31 00:00:00'),
(77, 1, 13, 2, '2023-01-31 00:00:00'),
(78, 1, 21, 0.2, '2023-02-28 00:00:00'),
(79, 1, 15, 1.1, '2023-02-28 00:00:00'),
(80, 1, 20, 2.7, '2023-03-31 00:00:00'),
(81, 1, 28, 1.2, '2023-01-31 00:00:00'),
(82, 1, 24, 0.8, '2023-04-30 00:00:00'),
(83, 1, 18, 2, '2023-02-28 00:00:00'),
(84, 1, 20, 0.7, '2023-01-31 00:00:00'),
(86, 1, 18, 0.1, '2023-03-31 00:00:00'),
(87, 1, 17, 0.6, '2023-02-28 00:00:00'),
(88, 1, 17, 1.3, '2023-01-31 00:00:00'),
(89, 1, 15, 0.9, '2023-03-31 00:00:00'),
(90, 1, 12, 1.8, '2023-04-30 00:00:00'),
(91, 1, 17, 1, '2023-03-31 00:00:00'),
(92, 1, 11, 22, '2023-05-16 07:27:09'),
(93, 5, 17, 0.9, '2023-02-28 00:00:00'),
(94, 5, 26, 1.9, '2023-02-28 00:00:00'),
(95, 10, 31, 1.7, '2023-03-31 00:00:00'),
(96, 3, 14, 1.4, '2023-04-30 00:00:00'),
(97, 9, 13, 0.3, '2023-04-30 00:00:00'),
(98, 1, 26, 1.2, '2023-04-30 00:00:00'),
(99, 4, 26, 1.1, '2023-04-30 00:00:00'),
(100, 10, 11, 1.3, '2023-01-31 00:00:00'),
(101, 6, 20, 2.1, '2023-03-31 00:00:00'),
(102, 3, 31, 1.7, '2023-01-31 00:00:00'),
(103, 10, 14, 1.7, '2023-03-31 00:00:00'),
(104, 7, 24, 0.5, '2023-01-31 00:00:00'),
(105, 9, 22, 2.4, '2023-02-28 00:00:00'),
(106, 10, 18, 0.1, '2023-02-28 00:00:00'),
(107, 5, 14, 2.1, '2023-04-30 00:00:00'),
(108, 5, 13, 2.8, '2023-03-31 00:00:00'),
(109, 3, 25, 1.2, '2023-02-28 00:00:00'),
(110, 10, 25, 2.5, '2023-04-30 00:00:00'),
(111, 8, 31, 2.6, '2023-05-31 00:00:00'),
(112, 2, 24, 0.1, '2023-02-28 00:00:00'),
(113, 9, 21, 2.3, '2023-04-30 00:00:00'),
(114, 10, 28, 0.9, '2023-01-31 00:00:00'),
(115, 1, 15, 0.7, '2023-02-28 00:00:00'),
(116, 3, 21, 2.3, '2023-02-28 00:00:00'),
(117, 7, 17, 0.5, '2023-04-30 00:00:00'),
(118, 9, 19, 1.2, '2023-02-28 00:00:00'),
(119, 7, 28, 0.2, '2023-03-31 00:00:00'),
(120, 8, 26, 2.9, '2023-02-28 00:00:00'),
(121, 4, 24, 1.4, '2023-02-28 00:00:00'),
(122, 10, 29, 2.8, '2023-03-31 00:00:00'),
(123, 3, 11, 1, '2023-04-30 00:00:00'),
(124, 2, 22, 0.9, '2023-04-30 00:00:00'),
(125, 2, 19, 1, '2023-04-30 00:00:00'),
(126, 5, 22, 2.6, '2023-02-28 00:00:00'),
(127, 8, 13, 1.7, '2023-02-28 00:00:00'),
(128, 10, 26, 1.8, '2023-04-30 00:00:00'),
(129, 1, 15, 2.4, '2023-01-31 00:00:00'),
(130, 6, 23, 0.3, '2023-01-31 00:00:00'),
(131, 7, 15, 0.6, '2023-04-30 00:00:00'),
(132, 10, 30, 0.7, '2023-04-30 00:00:00'),
(133, 4, 11, 2.6, '2023-01-31 00:00:00'),
(134, 3, 15, 2, '2023-02-28 00:00:00'),
(135, 1, 21, 0.9, '2023-04-30 00:00:00'),
(136, 7, 21, 2.5, '2023-02-28 00:00:00'),
(137, 6, 14, 2, '2023-02-28 00:00:00'),
(138, 10, 12, 2.6, '2023-04-30 00:00:00'),
(139, 9, 26, 2.5, '2023-03-31 00:00:00'),
(140, 4, 11, 2.7, '2023-01-31 00:00:00'),
(141, 10, 12, 1.3, '2023-03-31 00:00:00'),
(142, 6, 18, 1.7, '2023-03-31 00:00:00'),
(143, 7, 13, 1.9, '2023-05-31 00:00:00'),
(144, 9, 14, 1.1, '2023-02-28 00:00:00'),
(145, 1, 15, 1.4, '2023-04-30 00:00:00'),
(146, 2, 29, 1.9, '2023-01-31 00:00:00'),
(147, 9, 14, 1.2, '2023-03-31 00:00:00'),
(148, 10, 25, 1.7, '2023-04-30 00:00:00'),
(149, 7, 19, 0.1, '2023-04-30 00:00:00'),
(150, 7, 22, 2.7, '2023-02-28 00:00:00'),
(151, 1, 22, 2.5, '2023-03-31 00:00:00'),
(152, 2, 24, 0.8, '2023-05-31 00:00:00'),
(153, 10, 21, 2.4, '2023-01-31 00:00:00'),
(154, 3, 23, 1.3, '2023-03-31 00:00:00'),
(155, 1, 29, 1.4, '2023-04-30 00:00:00'),
(156, 6, 19, 0.6, '2023-01-31 00:00:00'),
(157, 2, 22, 2.7, '2023-03-31 00:00:00'),
(158, 8, 30, 2.1, '2023-05-31 00:00:00'),
(159, 2, 20, 0.3, '2023-03-31 00:00:00'),
(160, 6, 19, 2.6, '2023-02-28 00:00:00'),
(161, 3, 28, 0.1, '2023-05-31 00:00:00'),
(162, 10, 18, 0.1, '2023-04-30 00:00:00'),
(163, 3, 19, 1.7, '2023-04-30 00:00:00'),
(164, 1, 26, 2.7, '2023-01-31 00:00:00'),
(165, 3, 15, 1.4, '2023-01-31 00:00:00'),
(166, 1, 29, 2, '2023-01-31 00:00:00'),
(167, 10, 23, 3, '2023-01-31 00:00:00'),
(168, 4, 15, 2.3, '2023-03-31 00:00:00'),
(169, 9, 19, 1.4, '2023-01-31 00:00:00'),
(170, 2, 17, 2.6, '2023-02-28 00:00:00'),
(171, 5, 19, 1.2, '2023-02-28 00:00:00'),
(172, 3, 26, 3, '2023-04-30 00:00:00'),
(173, 5, 18, 2, '2023-03-31 00:00:00'),
(174, 8, 25, 0.9, '2023-04-30 00:00:00'),
(175, 2, 25, 2.2, '2023-04-30 00:00:00'),
(176, 9, 30, 0.7, '2023-02-28 00:00:00'),
(177, 10, 19, 1.5, '2023-03-31 00:00:00'),
(178, 5, 20, 1.8, '2023-03-31 00:00:00'),
(179, 6, 19, 2.9, '2023-02-28 00:00:00'),
(180, 4, 24, 1.9, '2023-04-30 00:00:00'),
(181, 9, 24, 3, '2023-02-28 00:00:00'),
(182, 7, 30, 1.1, '2023-03-31 00:00:00'),
(183, 5, 24, 0.7, '2023-01-31 00:00:00'),
(184, 10, 11, 1.2, '2023-01-31 00:00:00'),
(185, 5, 15, 2.2, '2023-03-31 00:00:00'),
(186, 3, 15, 0.2, '2023-03-31 00:00:00'),
(187, 2, 24, 1.7, '2023-04-30 00:00:00'),
(188, 5, 21, 0.5, '2023-03-31 00:00:00'),
(189, 1, 21, 2.2, '2023-02-28 00:00:00'),
(190, 5, 11, 2.7, '2023-03-31 00:00:00'),
(191, 6, 29, 1.5, '2023-03-31 00:00:00'),
(192, 9, 23, 0.1, '2023-01-31 00:00:00'),
(193, 8, 30, 1.6, '2023-02-28 00:00:00'),
(194, 8, 31, 2, '2023-03-31 00:00:00'),
(195, 8, 15, 0.5, '2023-04-30 00:00:00'),
(196, 8, 14, 2, '2023-02-28 00:00:00'),
(197, 1, 25, 2.9, '2023-04-30 00:00:00'),
(198, 9, 26, 2.3, '2023-05-31 00:00:00'),
(199, 6, 25, 0.8, '2023-04-30 00:00:00'),
(200, 9, 17, 2.2, '2023-01-31 00:00:00'),
(201, 3, 29, 2.6, '2023-02-28 00:00:00'),
(202, 8, 11, 2.8, '2023-01-31 00:00:00'),
(203, 7, 20, 2, '2023-04-30 00:00:00'),
(204, 7, 12, 0.5, '2023-01-31 00:00:00'),
(205, 9, 17, 0.7, '2023-01-31 00:00:00'),
(206, 9, 18, 0.2, '2023-01-31 00:00:00'),
(207, 4, 14, 0.1, '2023-02-28 00:00:00'),
(208, 6, 23, 0.7, '2023-04-30 00:00:00'),
(209, 5, 28, 2.7, '2023-04-30 00:00:00'),
(210, 7, 14, 0.4, '2023-01-31 00:00:00'),
(211, 4, 30, 2, '2023-02-28 00:00:00'),
(212, 5, 13, 2.7, '2023-01-31 00:00:00'),
(213, 3, 11, 0.1, '2023-04-30 00:00:00'),
(214, 8, 23, 2.1, '2023-02-28 00:00:00'),
(215, 1, 13, 1.4, '2023-02-28 00:00:00'),
(216, 9, 13, 2.2, '2023-04-30 00:00:00'),
(217, 3, 11, 2, '2023-03-31 00:00:00'),
(218, 7, 15, 0.8, '2023-03-31 00:00:00'),
(219, 5, 31, 1.2, '2023-04-30 00:00:00'),
(220, 6, 12, 1.2, '2023-02-28 00:00:00'),
(221, 10, 28, 1.4, '2023-01-31 00:00:00'),
(222, 4, 15, 0.4, '2023-01-31 00:00:00'),
(223, 9, 26, 2.6, '2023-02-28 00:00:00'),
(224, 10, 13, 0.7, '2023-02-28 00:00:00'),
(225, 5, 29, 2.4, '2023-01-31 00:00:00'),
(226, 7, 25, 2.9, '2023-03-31 00:00:00'),
(227, 2, 12, 0.2, '2023-01-31 00:00:00'),
(228, 7, 30, 2.4, '2023-05-31 00:00:00'),
(229, 2, 29, 2.5, '2023-04-30 00:00:00'),
(230, 5, 14, 1.1, '2023-04-30 00:00:00'),
(231, 10, 22, 2.3, '2023-04-30 00:00:00'),
(232, 7, 18, 1.6, '2023-04-30 00:00:00'),
(233, 6, 30, 0.7, '2023-01-31 00:00:00'),
(234, 3, 22, 2.4, '2023-02-28 00:00:00'),
(235, 8, 30, 0.4, '2023-02-28 00:00:00'),
(236, 2, 28, 2.1, '2023-01-31 00:00:00'),
(237, 9, 18, 0.7, '2023-01-31 00:00:00'),
(238, 9, 25, 1.4, '2023-02-28 00:00:00'),
(239, 5, 30, 0.5, '2023-02-28 00:00:00'),
(240, 2, 13, 2.3, '2023-04-30 00:00:00'),
(241, 4, 14, 2.9, '2023-04-30 00:00:00'),
(242, 10, 15, 2.5, '2023-03-31 00:00:00'),
(243, 9, 26, 0.3, '2023-04-30 00:00:00'),
(244, 7, 11, 0.8, '2023-02-28 00:00:00'),
(245, 1, 11, 1.6, '2023-01-31 00:00:00'),
(246, 5, 24, 0.4, '2023-03-31 00:00:00'),
(247, 1, 19, 2.7, '2023-02-28 00:00:00'),
(248, 8, 23, 1.8, '2023-04-30 00:00:00'),
(249, 8, 31, 2.8, '2023-05-31 00:00:00'),
(250, 7, 23, 1.4, '2023-05-31 00:00:00'),
(251, 5, 19, 1.2, '2023-02-28 00:00:00'),
(252, 6, 26, 2.2, '2023-01-31 00:00:00'),
(253, 2, 20, 2.9, '2023-05-31 00:00:00'),
(254, 9, 19, 1.1, '2023-01-31 00:00:00'),
(255, 3, 29, 3, '2023-02-28 00:00:00'),
(256, 8, 28, 2.7, '2023-04-30 00:00:00'),
(257, 9, 13, 2.6, '2023-02-28 00:00:00'),
(258, 1, 14, 2.1, '2023-04-30 00:00:00'),
(259, 2, 31, 1.5, '2023-01-31 00:00:00'),
(260, 1, 22, 2.9, '2023-05-31 00:00:00'),
(261, 3, 20, 0.1, '2023-05-31 00:00:00'),
(262, 8, 22, 1.9, '2023-05-31 00:00:00'),
(263, 6, 23, 1.2, '2023-02-28 00:00:00'),
(264, 5, 26, 2.1, '2023-03-31 00:00:00'),
(265, 2, 17, 1.3, '2023-03-31 00:00:00'),
(266, 10, 18, 0.3, '2023-04-30 00:00:00'),
(267, 1, 20, 1.5, '2023-02-28 00:00:00'),
(268, 6, 14, 1.3, '2023-03-31 00:00:00'),
(269, 6, 24, 3, '2023-02-28 00:00:00'),
(270, 6, 17, 1.5, '2023-02-28 00:00:00'),
(271, 1, 26, 2.8, '2023-01-31 00:00:00'),
(272, 1, 19, 1.4, '2023-02-28 00:00:00'),
(273, 4, 14, 2, '2023-03-31 00:00:00'),
(274, 1, 13, 0.3, '2023-01-31 00:00:00'),
(275, 3, 20, 0.3, '2023-01-31 00:00:00'),
(276, 7, 30, 1.5, '2023-04-30 00:00:00'),
(277, 1, 22, 2.2, '2023-04-30 00:00:00'),
(278, 9, 12, 0.5, '2023-01-31 00:00:00'),
(279, 8, 17, 1, '2023-05-31 00:00:00'),
(280, 6, 11, 2.8, '2023-02-28 00:00:00'),
(281, 4, 22, 0.2, '2023-02-28 00:00:00'),
(282, 1, 17, 2.8, '2023-03-31 00:00:00'),
(283, 3, 30, 0.1, '2023-01-31 00:00:00'),
(284, 1, 21, 1.3, '2023-04-30 00:00:00'),
(285, 3, 30, 0.2, '2023-03-31 00:00:00'),
(286, 3, 18, 0.1, '2023-04-30 00:00:00'),
(287, 8, 11, 0.3, '2023-04-30 00:00:00'),
(288, 6, 12, 2.3, '2023-02-28 00:00:00'),
(289, 2, 21, 1.4, '2023-01-31 00:00:00'),
(290, 6, 21, 1.2, '2023-05-31 00:00:00'),
(291, 8, 14, 1.4, '2023-04-30 00:00:00'),
(292, 1, 25, 1.1, '2023-03-31 00:00:00');

-- --------------------------------------------------------

--
-- Stand-in structure for view `record_diet_ref`
-- (See below for the actual view)
--
DROP VIEW IF EXISTS `record_diet_ref`;
CREATE TABLE `record_diet_ref` (
`sid` int(11)
,`name` varchar(255)
,`food_type` varchar(255)
,`quantity` float
,`diet_time` datetime
);

-- --------------------------------------------------------

--
-- Table structure for table `record_exercise_record`
--

DROP TABLE IF EXISTS `record_exercise_record`;
CREATE TABLE `record_exercise_record` (
  `sid` int(11) NOT NULL,
  `member_sid` int(11) NOT NULL,
  `exe_type_sid` int(11) NOT NULL,
  `weight` float NOT NULL,
  `sets` int(11) NOT NULL,
  `reps` int(11) NOT NULL,
  `exe_date` datetime NOT NULL
) ENGINE=InnoDB DEFAULT CHARSET=utf8mb4;

--
-- Dumping data for table `record_exercise_record`
--

INSERT INTO `record_exercise_record` (`sid`, `member_sid`, `exe_type_sid`, `weight`, `sets`, `reps`, `exe_date`) VALUES
(1, 1, 4, 12.1, 2, 4, '2023-04-30 00:00:00'),
(2, 1, 11, 43.7, 1, 4, '2023-01-31 00:00:00'),
(3, 1, 12, 38.5, 6, 5, '2023-03-31 00:00:00'),
(4, 1, 14, 24.7, 4, 11, '2023-01-31 00:00:00'),
(5, 1, 21, 21.2, 2, 6, '2023-02-28 00:00:00'),
(6, 1, 21, 29.6, 3, 8, '2023-03-31 00:00:00'),
(8, 1, 20, 10.2, 1, 6, '2023-04-30 00:00:00'),
(9, 1, 18, 38, 3, 10, '2023-02-28 00:00:00'),
(10, 1, 22, 36.5, 1, 5, '2023-02-28 00:00:00'),
(12, 1, 4, 23.7, 6, 10, '2023-04-30 00:00:00'),
(13, 1, 8, 37.8, 1, 5, '2023-01-31 00:00:00'),
(14, 1, 21, 34.2, 6, 12, '2023-02-28 00:00:00'),
(15, 1, 3, 38.1, 5, 5, '2023-03-31 00:00:00'),
(16, 2, 13, 41.4, 5, 6, '2023-02-28 00:00:00'),
(17, 2, 3, 16.5, 1, 11, '2023-03-31 00:00:00'),
(18, 2, 4, 26.8, 1, 11, '2023-02-28 00:00:00'),
(19, 2, 20, 27.5, 6, 15, '2023-01-31 00:00:00'),
(20, 2, 19, 32.1, 5, 4, '2023-02-28 00:00:00'),
(21, 2, 8, 56.7, 1, 13, '2023-04-30 00:00:00'),
(22, 2, 20, 26.2, 4, 13, '2023-04-30 00:00:00'),
(23, 2, 14, 49.3, 5, 15, '2023-01-31 00:00:00'),
(24, 2, 8, 46.7, 1, 7, '2023-05-31 00:00:00'),
(25, 2, 11, 16.8, 5, 12, '2023-01-31 00:00:00'),
(26, 2, 5, 45.5, 2, 12, '2023-03-31 00:00:00'),
(27, 2, 12, 29.3, 2, 6, '2023-02-28 00:00:00'),
(28, 2, 17, 18.7, 4, 11, '2023-04-30 00:00:00'),
(29, 2, 22, 23.4, 3, 5, '2023-02-28 00:00:00'),
(30, 2, 19, 15.2, 5, 7, '2023-03-31 00:00:00'),
(31, 2, 8, 57.9, 2, 11, '2023-01-31 00:00:00'),
(32, 2, 20, 24.6, 3, 11, '2023-02-28 00:00:00'),
(33, 2, 14, 43.9, 5, 8, '2023-02-28 00:00:00'),
(34, 2, 9, 17.7, 2, 7, '2023-03-31 00:00:00'),
(35, 2, 2, 53.3, 2, 8, '2023-01-31 00:00:00'),
(36, 2, 1, 22.3, 5, 6, '2023-02-28 00:00:00'),
(37, 2, 19, 44, 1, 4, '2023-01-31 00:00:00'),
(38, 2, 11, 52.7, 4, 8, '2023-03-31 00:00:00'),
(39, 2, 2, 31, 2, 4, '2023-05-31 00:00:00'),
(40, 2, 17, 46.6, 1, 8, '2023-04-30 00:00:00'),
(41, 2, 16, 47.8, 5, 4, '2023-01-31 00:00:00'),
(42, 2, 12, 30.7, 2, 15, '2023-02-28 00:00:00'),
(43, 2, 2, 23.1, 2, 7, '2023-03-31 00:00:00'),
(44, 2, 11, 58.1, 1, 13, '2023-03-31 00:00:00'),
(45, 2, 22, 20.1, 6, 11, '2023-02-28 00:00:00'),
(46, 3, 22, 29.7, 5, 5, '2023-02-28 00:00:00'),
(47, 3, 11, 38.9, 6, 11, '2023-01-31 00:00:00'),
(48, 3, 12, 14, 3, 12, '2023-02-28 00:00:00'),
(49, 3, 14, 15, 1, 13, '2023-04-30 00:00:00'),
(50, 3, 15, 51.1, 5, 4, '2023-04-30 00:00:00'),
(52, 3, 15, 47.8, 1, 14, '2023-04-30 00:00:00'),
(53, 3, 8, 56.4, 3, 15, '2023-04-30 00:00:00'),
(54, 3, 22, 38, 1, 7, '2023-04-30 00:00:00'),
(55, 3, 19, 15.4, 5, 9, '2023-01-31 00:00:00'),
(56, 3, 11, 47.9, 5, 9, '2023-02-28 00:00:00'),
(57, 3, 9, 57.8, 6, 4, '2023-04-30 00:00:00'),
(59, 3, 19, 37, 6, 15, '2023-05-18 02:09:14'),
(60, 4, 21, 53.2, 4, 7, '2023-02-28 00:00:00'),
(61, 1, 19, 34.3, 1, 6, '2023-03-31 00:00:00'),
(62, 7, 7, 16.3, 4, 12, '2023-05-31 00:00:00'),
(63, 4, 6, 14.3, 2, 14, '2023-05-31 00:00:00'),
(64, 1, 18, 12.9, 6, 12, '2023-05-31 00:00:00'),
(65, 2, 17, 47.1, 2, 8, '2023-01-31 00:00:00'),
(66, 7, 1, 12.2, 3, 15, '2023-04-30 00:00:00'),
(67, 8, 5, 48.5, 2, 13, '2023-01-31 00:00:00'),
(68, 7, 6, 25.8, 1, 6, '2023-02-28 00:00:00'),
(69, 2, 18, 31.5, 1, 6, '2023-02-28 00:00:00'),
(70, 1, 13, 18.7, 4, 11, '2023-03-31 00:00:00'),
(71, 4, 2, 22.3, 1, 13, '2023-04-30 00:00:00'),
(72, 10, 4, 46.3, 5, 7, '2023-01-31 00:00:00'),
(73, 3, 5, 44.2, 3, 15, '2023-05-31 00:00:00'),
(74, 9, 5, 29.7, 5, 13, '2023-04-30 00:00:00'),
(75, 3, 12, 36, 3, 6, '2023-03-31 00:00:00'),
(76, 5, 21, 12.9, 3, 10, '2023-04-30 00:00:00'),
(77, 8, 19, 18.1, 5, 10, '2023-02-28 00:00:00'),
(78, 10, 6, 47, 3, 4, '2023-04-30 00:00:00'),
(79, 1, 4, 53.7, 5, 8, '2023-02-28 00:00:00'),
(80, 2, 2, 54.9, 4, 9, '2023-02-28 00:00:00'),
(81, 2, 10, 21.1, 4, 5, '2023-04-30 00:00:00'),
(82, 5, 12, 52.6, 1, 14, '2023-01-31 00:00:00'),
(83, 8, 3, 30.2, 2, 8, '2023-04-30 00:00:00'),
(84, 6, 22, 28.3, 5, 9, '2023-03-31 00:00:00'),
(85, 8, 1, 40.8, 6, 9, '2023-04-30 00:00:00'),
(86, 9, 4, 18.6, 5, 11, '2023-02-28 00:00:00'),
(87, 9, 12, 22.6, 2, 7, '2023-02-28 00:00:00'),
(88, 5, 18, 50.6, 3, 8, '2023-04-30 00:00:00'),
(89, 6, 15, 43.8, 3, 6, '2023-05-31 00:00:00'),
(90, 2, 9, 29.1, 4, 6, '2023-02-28 00:00:00'),
(91, 4, 10, 47.2, 4, 15, '2023-03-31 00:00:00'),
(92, 1, 2, 38.4, 3, 11, '2023-03-31 00:00:00'),
(93, 1, 17, 25.2, 3, 5, '2023-02-28 00:00:00'),
(94, 6, 15, 35.3, 3, 11, '2023-05-31 00:00:00'),
(95, 10, 17, 50.6, 2, 5, '2023-04-30 00:00:00'),
(96, 6, 5, 48, 5, 9, '2023-01-31 00:00:00'),
(97, 1, 2, 58.3, 2, 6, '2023-04-30 00:00:00'),
(98, 1, 17, 58.1, 2, 5, '2023-04-30 00:00:00'),
(99, 9, 2, 24.2, 3, 5, '2023-02-28 00:00:00'),
(100, 10, 20, 27.6, 3, 10, '2023-01-31 00:00:00'),
(101, 9, 17, 47.8, 4, 8, '2023-03-31 00:00:00'),
(102, 6, 5, 51.5, 4, 9, '2023-04-30 00:00:00'),
(103, 1, 17, 28.5, 1, 7, '2023-03-31 00:00:00'),
(104, 10, 10, 13.3, 5, 10, '2023-03-31 00:00:00'),
(105, 7, 11, 55.8, 5, 7, '2023-04-30 00:00:00'),
(106, 9, 2, 37.9, 4, 11, '2023-05-31 00:00:00'),
(107, 7, 9, 49.1, 2, 14, '2023-01-31 00:00:00'),
(108, 7, 11, 33.2, 4, 11, '2023-03-31 00:00:00'),
(109, 3, 17, 40.4, 4, 6, '2023-01-31 00:00:00'),
(110, 6, 2, 42.9, 1, 9, '2023-02-28 00:00:00'),
(111, 5, 7, 26.7, 4, 9, '2023-01-31 00:00:00'),
(112, 10, 8, 23.1, 6, 4, '2023-05-31 00:00:00'),
(113, 1, 10, 56.5, 6, 11, '2023-05-31 00:00:00'),
(114, 1, 14, 34.1, 3, 8, '2023-03-31 00:00:00'),
(115, 2, 18, 47.4, 5, 5, '2023-02-28 00:00:00'),
(116, 9, 4, 13.8, 5, 14, '2023-04-30 00:00:00'),
(117, 3, 9, 25.4, 2, 4, '2023-01-31 00:00:00'),
(118, 6, 21, 14.1, 4, 6, '2023-02-28 00:00:00'),
(119, 5, 15, 34.8, 1, 4, '2023-04-30 00:00:00'),
(120, 5, 11, 58.5, 5, 15, '2023-02-28 00:00:00'),
(121, 4, 2, 53, 4, 14, '2023-02-28 00:00:00'),
(122, 7, 15, 27.7, 2, 15, '2023-01-31 00:00:00'),
(123, 10, 2, 58.1, 1, 4, '2023-04-30 00:00:00'),
(124, 7, 15, 25.8, 1, 13, '2023-02-28 00:00:00'),
(125, 8, 8, 23, 6, 12, '2023-01-31 00:00:00'),
(126, 8, 1, 45.9, 4, 10, '2023-04-30 00:00:00'),
(127, 8, 17, 29.3, 6, 5, '2023-01-31 00:00:00'),
(128, 9, 5, 56, 3, 8, '2023-04-30 00:00:00'),
(129, 5, 2, 57.9, 3, 9, '2023-01-31 00:00:00'),
(130, 1, 6, 44.7, 4, 10, '2023-03-31 00:00:00'),
(131, 2, 12, 20.8, 4, 13, '2023-02-28 00:00:00'),
(132, 2, 13, 51.8, 6, 8, '2023-01-31 00:00:00'),
(133, 8, 11, 37, 6, 4, '2023-03-31 00:00:00'),
(134, 3, 2, 48.8, 3, 4, '2023-03-31 00:00:00'),
(135, 3, 16, 40, 6, 15, '2023-02-28 00:00:00'),
(136, 4, 6, 24.8, 4, 6, '2023-04-30 00:00:00'),
(137, 8, 7, 25.6, 1, 11, '2023-01-31 00:00:00'),
(138, 5, 1, 38.7, 4, 4, '2023-01-31 00:00:00'),
(139, 2, 9, 43.8, 3, 14, '2023-01-31 00:00:00'),
(140, 3, 16, 15.7, 6, 7, '2023-03-31 00:00:00'),
(141, 3, 16, 19.5, 1, 13, '2023-02-28 00:00:00'),
(142, 3, 3, 58.3, 2, 11, '2023-01-31 00:00:00'),
(143, 3, 7, 31.1, 3, 15, '2023-04-30 00:00:00'),
(144, 4, 2, 49.4, 5, 11, '2023-02-28 00:00:00'),
(145, 8, 21, 14.4, 2, 10, '2023-01-31 00:00:00'),
(146, 1, 16, 15.4, 6, 12, '2023-01-31 00:00:00'),
(147, 6, 22, 33.4, 1, 7, '2023-02-28 00:00:00'),
(148, 5, 5, 38.1, 6, 4, '2023-01-31 00:00:00'),
(149, 9, 5, 53.2, 1, 7, '2023-03-31 00:00:00'),
(150, 10, 9, 34.7, 2, 9, '2023-02-28 00:00:00'),
(151, 1, 5, 56.5, 5, 15, '2023-04-30 00:00:00'),
(152, 7, 3, 28.2, 1, 7, '2023-04-30 00:00:00'),
(153, 10, 13, 39.8, 5, 13, '2023-02-28 00:00:00'),
(154, 1, 14, 52.2, 5, 9, '2023-02-28 00:00:00'),
(155, 7, 10, 30.2, 6, 9, '2023-03-31 00:00:00'),
(156, 3, 2, 24.8, 2, 10, '2023-03-31 00:00:00'),
(157, 5, 1, 47.7, 4, 5, '2023-02-28 00:00:00'),
(158, 1, 1, 41.2, 3, 4, '2023-04-30 00:00:00'),
(159, 3, 8, 55.3, 1, 11, '2023-02-28 00:00:00'),
(160, 3, 7, 23.9, 5, 6, '2023-03-31 00:00:00'),
(161, 3, 18, 44.3, 2, 15, '2023-01-31 00:00:00'),
(162, 2, 10, 50.1, 4, 11, '2023-02-28 00:00:00'),
(163, 6, 11, 51.5, 5, 9, '2023-01-31 00:00:00'),
(164, 7, 15, 44.4, 6, 10, '2023-03-31 00:00:00'),
(165, 6, 8, 59, 6, 9, '2023-01-31 00:00:00'),
(166, 1, 10, 38, 6, 8, '2023-02-28 00:00:00'),
(167, 1, 16, 31.4, 4, 13, '2023-03-31 00:00:00'),
(168, 7, 7, 39.3, 3, 6, '2023-01-31 00:00:00'),
(169, 9, 8, 39, 2, 8, '2023-01-31 00:00:00'),
(170, 7, 10, 35, 4, 9, '2023-02-28 00:00:00'),
(171, 4, 13, 22.1, 6, 6, '2023-02-28 00:00:00'),
(172, 10, 16, 51.7, 5, 13, '2023-03-31 00:00:00'),
(173, 1, 8, 50.2, 4, 11, '2023-04-30 00:00:00'),
(174, 5, 12, 34.5, 1, 13, '2023-04-30 00:00:00'),
(175, 9, 11, 14.7, 2, 6, '2023-01-31 00:00:00'),
(176, 2, 11, 30.7, 4, 12, '2023-04-30 00:00:00'),
(177, 1, 14, 24.6, 2, 15, '2023-01-31 00:00:00'),
(178, 5, 12, 45, 3, 13, '2023-01-31 00:00:00'),
(179, 9, 15, 58.1, 1, 8, '2023-02-28 00:00:00'),
(180, 4, 10, 27.3, 3, 10, '2023-02-28 00:00:00'),
(181, 2, 6, 23, 6, 15, '2023-03-31 00:00:00'),
(182, 2, 11, 56.9, 4, 15, '2023-03-31 00:00:00'),
(183, 3, 2, 35, 6, 10, '2023-03-31 00:00:00'),
(184, 7, 21, 46, 3, 14, '2023-01-31 00:00:00'),
(185, 8, 1, 38.9, 6, 13, '2023-04-30 00:00:00'),
(186, 3, 20, 39.8, 4, 7, '2023-05-31 00:00:00'),
(187, 10, 12, 20.5, 5, 15, '2023-03-31 00:00:00'),
(188, 2, 15, 57.7, 5, 4, '2023-02-28 00:00:00'),
(189, 10, 12, 24.6, 6, 5, '2023-03-31 00:00:00'),
(190, 9, 10, 37.1, 5, 10, '2023-02-28 00:00:00'),
(191, 1, 18, 13.2, 3, 9, '2023-03-31 00:00:00'),
(192, 8, 4, 47.1, 4, 6, '2023-03-31 00:00:00'),
(193, 6, 9, 50.2, 1, 10, '2023-04-30 00:00:00'),
(194, 10, 5, 24.5, 3, 4, '2023-02-28 00:00:00'),
(195, 7, 14, 20.7, 4, 14, '2023-04-30 00:00:00'),
(196, 6, 18, 15.6, 4, 11, '2023-01-31 00:00:00'),
(197, 10, 5, 18.2, 3, 14, '2023-01-31 00:00:00'),
(198, 8, 6, 29, 3, 8, '2023-01-31 00:00:00'),
(199, 2, 12, 35.2, 1, 9, '2023-03-31 00:00:00'),
(200, 7, 9, 37.9, 5, 4, '2023-04-30 00:00:00'),
(201, 8, 1, 20.2, 1, 5, '2023-03-31 00:00:00'),
(202, 3, 18, 16.9, 1, 6, '2023-03-31 00:00:00'),
(203, 10, 14, 49.5, 5, 12, '2023-01-31 00:00:00'),
(204, 9, 12, 48.8, 3, 10, '2023-04-30 00:00:00'),
(205, 9, 9, 13.9, 1, 9, '2023-01-31 00:00:00'),
(206, 8, 6, 29.4, 6, 7, '2023-03-31 00:00:00'),
(207, 6, 3, 29.1, 4, 10, '2023-02-28 00:00:00'),
(208, 10, 13, 54, 5, 14, '2023-03-31 00:00:00'),
(209, 2, 18, 40.5, 2, 4, '2023-04-30 00:00:00'),
(210, 4, 9, 15.3, 3, 10, '2023-04-30 00:00:00'),
(211, 5, 19, 24.3, 3, 15, '2023-03-31 00:00:00'),
(212, 7, 16, 50.1, 4, 9, '2023-03-31 00:00:00'),
(213, 8, 2, 13.8, 1, 6, '2023-03-31 00:00:00'),
(214, 8, 1, 33.5, 2, 9, '2023-03-31 00:00:00'),
(215, 10, 15, 16.8, 4, 6, '2023-04-30 00:00:00'),
(216, 1, 11, 30.9, 6, 5, '2023-02-28 00:00:00'),
(217, 2, 8, 31.5, 2, 9, '2023-05-31 00:00:00'),
(218, 7, 13, 44.8, 5, 11, '2023-03-31 00:00:00'),
(219, 2, 22, 16.5, 5, 11, '2023-01-31 00:00:00'),
(220, 10, 10, 12.8, 2, 8, '2023-02-28 00:00:00'),
(221, 3, 14, 31.6, 3, 9, '2023-01-31 00:00:00'),
(222, 3, 15, 44.8, 3, 5, '2023-05-31 00:00:00'),
(223, 4, 15, 19.8, 1, 15, '2023-02-28 00:00:00'),
(224, 4, 22, 54.7, 3, 10, '2023-03-31 00:00:00'),
(225, 8, 3, 18.8, 3, 15, '2023-04-30 00:00:00'),
(226, 3, 10, 22, 2, 11, '2023-02-28 00:00:00'),
(227, 4, 13, 17.4, 4, 10, '2023-04-30 00:00:00'),
(228, 6, 15, 23, 1, 13, '2023-01-31 00:00:00'),
(229, 1, 3, 49.1, 4, 13, '2023-03-31 00:00:00'),
(230, 9, 10, 49, 6, 7, '2023-02-28 00:00:00'),
(231, 7, 18, 39.4, 5, 6, '2023-04-30 00:00:00'),
(232, 6, 11, 45.3, 3, 13, '2023-01-31 00:00:00'),
(233, 9, 4, 48, 2, 8, '2023-01-31 00:00:00'),
(234, 8, 20, 26, 6, 4, '2023-04-30 00:00:00'),
(235, 10, 17, 30.6, 3, 7, '2023-01-31 00:00:00'),
(236, 5, 15, 47, 6, 9, '2023-01-31 00:00:00'),
(237, 2, 18, 21.2, 1, 12, '2023-05-31 00:00:00'),
(238, 8, 6, 45.6, 3, 5, '2023-01-31 00:00:00'),
(239, 6, 8, 17.9, 2, 6, '2023-04-30 00:00:00'),
(240, 10, 13, 40.9, 2, 12, '2023-04-30 00:00:00'),
(241, 4, 16, 40.2, 1, 14, '2023-03-31 00:00:00'),
(242, 9, 8, 15.8, 2, 14, '2023-04-30 00:00:00'),
(243, 3, 2, 33.4, 4, 7, '2023-04-30 00:00:00'),
(244, 4, 3, 59.4, 2, 6, '2023-01-31 00:00:00'),
(245, 4, 15, 45.3, 2, 12, '2023-01-31 00:00:00'),
(246, 9, 8, 17.8, 1, 10, '2023-01-31 00:00:00'),
(247, 9, 12, 46.5, 2, 8, '2023-04-30 00:00:00'),
(248, 6, 6, 56.7, 3, 10, '2023-04-30 00:00:00'),
(249, 5, 10, 18.3, 6, 6, '2023-04-30 00:00:00'),
(250, 9, 15, 22.7, 4, 15, '2023-04-30 00:00:00'),
(251, 8, 6, 54.6, 1, 13, '2023-03-31 00:00:00'),
(252, 2, 13, 23.7, 6, 6, '2023-05-31 00:00:00'),
(253, 4, 14, 22.2, 3, 12, '2023-04-30 00:00:00'),
(254, 3, 6, 51.1, 3, 6, '2023-01-31 00:00:00'),
(255, 7, 5, 19.3, 5, 6, '2023-02-28 00:00:00'),
(256, 5, 13, 39.6, 5, 10, '2023-01-31 00:00:00'),
(257, 5, 17, 25.6, 2, 10, '2023-04-30 00:00:00'),
(258, 5, 9, 21.4, 6, 11, '2023-03-31 00:00:00'),
(259, 7, 21, 35.7, 2, 12, '2023-01-31 00:00:00'),
(420, 3, 17, 20.2, 5, 15, '2023-07-07 00:00:00'),
(421, 5, 2, 26.4, 4, 4, '2023-07-05 00:00:00'),
(435, 3, 21, 49.5, 1, 14, '2023-07-04 00:00:00'),
(438, 3, 20, 39.5, 4, 7, '2023-07-04 00:00:00'),
(440, 4, 7, 22.3, 1, 10, '2023-07-21 00:00:00'),
(441, 3, 12, 49.3, 5, 6, '2023-08-03 00:00:00'),
(443, 3, 14, 34.4, 1, 9, '2023-08-04 00:00:00'),
(445, 4, 3, 53.4, 1, 10, '2023-07-03 00:00:00'),
(446, 4, 9, 25.6, 6, 11, '2023-07-27 00:00:00'),
(447, 4, 15, 51.7, 6, 10, '2023-08-06 00:00:00'),
(448, 4, 7, 41.2, 2, 11, '2023-07-14 00:00:00'),
(449, 4, 16, 58.8, 4, 12, '2023-07-27 00:00:00'),
(451, 5, 22, 17.8, 4, 5, '2023-08-08 00:00:00'),
(452, 3, 21, 36.5, 1, 6, '2023-08-05 00:00:00'),
(453, 5, 9, 47.1, 2, 10, '2023-08-03 00:00:00'),
(454, 4, 10, 36.9, 3, 7, '2023-08-08 00:00:00'),
(455, 5, 21, 15.1, 5, 15, '2023-07-09 00:00:00'),
(456, 3, 13, 21.7, 3, 11, '2023-07-15 00:00:00'),
(457, 5, 7, 27.3, 1, 4, '2023-08-03 00:00:00'),
(458, 4, 18, 23.3, 1, 5, '2023-07-12 00:00:00'),
(459, 3, 17, 47.8, 1, 11, '2023-08-01 00:00:00'),
(460, 5, 11, 59.7, 6, 9, '2023-08-09 00:00:00'),
(461, 5, 5, 55, 5, 13, '2023-07-17 00:00:00'),
(462, 5, 11, 16.8, 2, 5, '2023-07-30 00:00:00'),
(463, 3, 12, 26.7, 5, 10, '2023-07-28 00:00:00'),
(464, 3, 4, 16.7, 1, 9, '2023-07-06 00:00:00'),
(466, 4, 11, 50.1, 1, 12, '2023-07-09 00:00:00'),
(467, 4, 11, 56, 2, 8, '2023-08-06 00:00:00'),
(468, 5, 5, 42.1, 1, 4, '2023-07-28 00:00:00'),
(470, 5, 7, 12.5, 5, 11, '2023-08-08 00:00:00'),
(471, 3, 18, 26.8, 5, 5, '2023-07-30 00:00:00'),
(472, 4, 4, 16.6, 2, 4, '2023-07-27 00:00:00'),
(473, 4, 15, 14.8, 2, 9, '2023-07-22 00:00:00'),
(474, 4, 14, 36.6, 1, 10, '2023-07-05 00:00:00'),
(475, 4, 20, 47.1, 3, 12, '2023-08-11 00:00:00'),
(476, 5, 19, 29.2, 3, 12, '2023-07-17 00:00:00'),
(477, 4, 6, 16.4, 2, 13, '2023-07-28 00:00:00'),
(478, 5, 19, 49.7, 6, 8, '2023-07-24 00:00:00'),
(479, 5, 12, 48.9, 3, 8, '2023-07-24 00:00:00'),
(480, 3, 8, 33.3, 1, 10, '2023-07-28 00:00:00'),
(481, 3, 11, 13.4, 6, 8, '2023-07-04 00:00:00'),
(482, 4, 19, 15.2, 4, 14, '2023-07-17 00:00:00'),
(483, 3, 4, 39.5, 1, 14, '2023-07-09 00:00:00'),
(484, 5, 12, 32.6, 1, 5, '2023-07-25 00:00:00'),
(485, 5, 9, 26.9, 5, 11, '2023-08-09 00:00:00'),
(487, 3, 3, 26.1, 2, 11, '2023-07-09 00:00:00'),
(489, 5, 1, 39.3, 2, 12, '2023-08-03 00:00:00'),
(490, 4, 1, 52.8, 3, 11, '2023-07-24 00:00:00'),
(491, 3, 13, 18, 1, 6, '2023-07-24 00:00:00'),
(492, 3, 21, 21.6, 6, 11, '2023-07-13 00:00:00'),
(493, 4, 9, 26.2, 2, 9, '2023-07-30 00:00:00'),
(494, 4, 14, 18.9, 1, 13, '2023-07-26 00:00:00'),
(495, 5, 10, 30.3, 3, 11, '2023-08-04 00:00:00'),
(497, 3, 5, 34.7, 1, 6, '2023-07-07 00:00:00'),
(498, 5, 7, 21.2, 4, 10, '2023-07-03 00:00:00'),
(499, 4, 5, 50.9, 6, 8, '2023-08-11 00:00:00'),
(500, 5, 19, 28.6, 5, 9, '2023-07-29 00:00:00'),
(501, 5, 21, 37.3, 2, 4, '2023-08-03 00:00:00'),
(502, 3, 16, 20.7, 6, 5, '2023-08-11 00:00:00'),
(503, 4, 12, 44.4, 4, 15, '2023-07-13 00:00:00'),
(504, 5, 10, 16.4, 5, 13, '2023-07-27 00:00:00'),
(506, 5, 9, 25.1, 2, 13, '2023-08-09 00:00:00'),
(507, 3, 2, 59, 3, 7, '2023-08-04 00:00:00'),
(508, 3, 14, 46, 6, 8, '2023-07-24 00:00:00'),
(509, 5, 10, 14.6, 4, 7, '2023-07-30 00:00:00'),
(510, 5, 18, 38.8, 5, 9, '2023-07-03 00:00:00'),
(511, 5, 17, 54.3, 3, 15, '2023-08-03 00:00:00'),
(512, 5, 16, 57.7, 1, 4, '2023-08-01 00:00:00'),
(513, 4, 2, 25, 3, 15, '2023-08-01 00:00:00'),
(514, 3, 14, 25.1, 4, 9, '2023-07-23 00:00:00'),
(515, 4, 14, 53, 6, 9, '2023-07-06 00:00:00'),
(516, 5, 12, 39, 4, 9, '2023-07-26 00:00:00'),
(517, 3, 5, 25, 2, 11, '2023-07-29 00:00:00'),
(520, 5, 6, 48.6, 5, 13, '2023-07-23 00:00:00'),
(521, 5, 5, 54.3, 5, 9, '2023-08-09 00:00:00'),
(522, 5, 7, 42.8, 1, 13, '2023-07-17 00:00:00'),
(523, 5, 14, 31.2, 6, 9, '2023-08-08 00:00:00'),
(524, 3, 13, 26.7, 5, 6, '2023-08-06 00:00:00'),
(525, 4, 5, 48, 2, 7, '2023-07-30 00:00:00'),
(526, 5, 11, 55.4, 1, 10, '2023-07-31 00:00:00'),
(527, 4, 21, 28.2, 5, 12, '2023-07-23 00:00:00'),
(530, 4, 8, 42.3, 6, 4, '2023-08-09 00:00:00'),
(531, 3, 9, 17, 2, 6, '2023-07-25 00:00:00'),
(532, 3, 9, 15.5, 4, 5, '2023-08-11 00:00:00'),
(535, 4, 6, 13.8, 2, 4, '2023-07-04 00:00:00'),
(536, 4, 7, 29.3, 6, 9, '2023-08-09 00:00:00'),
(538, 5, 19, 29.5, 4, 6, '2023-07-23 00:00:00'),
(539, 4, 7, 22, 1, 9, '2023-07-13 00:00:00'),
(540, 5, 18, 44, 2, 9, '2023-07-09 00:00:00'),
(541, 4, 2, 13.1, 3, 12, '2023-07-15 00:00:00'),
(542, 5, 6, 43.9, 3, 11, '2023-08-06 00:00:00'),
(543, 3, 13, 45.6, 4, 7, '2023-07-20 00:00:00'),
(544, 5, 4, 42.9, 3, 9, '2023-07-31 00:00:00'),
(545, 4, 1, 41.4, 6, 12, '2023-08-11 00:00:00'),
(546, 5, 22, 13.3, 4, 5, '2023-07-17 00:00:00'),
(547, 3, 16, 33.4, 6, 14, '2023-07-18 00:00:00'),
(548, 4, 14, 25, 6, 15, '2023-07-24 00:00:00'),
(550, 3, 14, 21.8, 6, 14, '2023-07-27 00:00:00'),
(551, 5, 1, 35.7, 4, 5, '2023-08-10 00:00:00'),
(552, 4, 4, 45.6, 6, 12, '2023-07-18 00:00:00'),
(553, 4, 4, 54.8, 5, 6, '2023-07-24 00:00:00'),
(555, 4, 16, 42.5, 4, 7, '2023-07-13 00:00:00'),
(556, 3, 18, 24.6, 5, 6, '2023-07-26 00:00:00'),
(557, 3, 15, 16.4, 3, 12, '2023-07-22 00:00:00'),
(558, 5, 4, 15, 2, 9, '2023-07-29 00:00:00'),
(559, 5, 15, 25.1, 1, 13, '2023-07-23 00:00:00'),
(560, 4, 13, 17.4, 1, 7, '2023-08-06 00:00:00'),
(561, 3, 21, 45.1, 3, 13, '2023-07-28 00:00:00'),
(562, 4, 1, 13.8, 4, 7, '2023-07-06 00:00:00'),
(563, 4, 8, 52.7, 2, 13, '2023-08-04 00:00:00'),
(564, 4, 20, 59.7, 1, 12, '2023-08-04 00:00:00'),
(565, 4, 15, 20, 1, 6, '2023-08-01 00:00:00'),
(566, 4, 12, 27.3, 4, 5, '2023-07-19 00:00:00'),
(567, 4, 15, 53, 1, 10, '2023-07-24 00:00:00'),
(568, 3, 10, 58, 3, 6, '2023-07-26 00:00:00'),
(570, 3, 14, 26.2, 5, 9, '2023-07-29 00:00:00'),
(571, 3, 11, 44.4, 2, 5, '2023-07-30 00:00:00'),
(573, 3, 9, 39.4, 4, 11, '2023-07-17 00:00:00'),
(574, 5, 12, 37, 2, 12, '2023-08-04 00:00:00'),
(575, 5, 4, 40.9, 2, 13, '2023-07-05 00:00:00'),
(576, 3, 21, 34.6, 6, 7, '2023-07-05 00:00:00'),
(577, 4, 7, 45.5, 2, 4, '2023-07-09 00:00:00'),
(578, 5, 12, 45.5, 4, 15, '2023-08-02 00:00:00'),
(579, 4, 13, 59.9, 5, 5, '2023-07-16 00:00:00'),
(580, 5, 2, 24.1, 1, 4, '2023-07-31 00:00:00'),
(581, 4, 16, 17.1, 6, 9, '2023-07-25 00:00:00'),
(582, 4, 13, 51.6, 4, 5, '2023-07-04 00:00:00'),
(583, 5, 3, 39.5, 6, 10, '2023-07-24 00:00:00'),
(584, 5, 21, 27.5, 6, 10, '2023-08-04 00:00:00'),
(585, 4, 4, 52.2, 6, 13, '2023-07-26 00:00:00'),
(586, 3, 19, 17.2, 2, 10, '2023-07-09 00:00:00'),
(588, 4, 1, 31.8, 2, 10, '2023-07-27 00:00:00'),
(589, 4, 18, 19.9, 6, 14, '2023-07-25 00:00:00'),
(590, 4, 9, 47.7, 1, 6, '2023-07-29 00:00:00'),
(591, 4, 15, 49.3, 5, 11, '2023-08-07 00:00:00'),
(592, 3, 3, 51.3, 4, 9, '2023-07-21 00:00:00'),
(593, 3, 15, 34.8, 2, 11, '2023-07-28 00:00:00'),
(594, 5, 4, 59.3, 2, 14, '2023-08-02 00:00:00'),
(596, 3, 21, 12.2, 6, 14, '2023-07-19 00:00:00'),
(597, 4, 3, 14.5, 4, 12, '2023-07-30 00:00:00'),
(598, 5, 9, 25.2, 4, 6, '2023-07-21 00:00:00'),
(599, 3, 14, 18.2, 2, 15, '2023-07-15 00:00:00'),
(600, 3, 14, 57.7, 5, 15, '2023-07-12 00:00:00'),
(602, 5, 17, 33.8, 1, 4, '2023-07-27 00:00:00'),
(603, 5, 22, 23, 2, 13, '2023-07-21 00:00:00'),
(604, 3, 22, 31.6, 4, 14, '2023-07-18 00:00:00'),
(605, 3, 6, 18.2, 4, 14, '2023-07-29 00:00:00'),
(606, 5, 2, 36.2, 3, 12, '2023-07-29 00:00:00'),
(607, 4, 10, 56.4, 6, 14, '2023-08-04 00:00:00'),
(608, 3, 4, 57.5, 5, 8, '2023-07-22 00:00:00'),
(609, 5, 1, 57.3, 1, 8, '2023-07-09 00:00:00'),
(610, 3, 18, 39.1, 5, 15, '2023-08-09 00:00:00'),
(611, 4, 3, 31.4, 3, 5, '2023-07-29 00:00:00'),
(612, 4, 1, 51.5, 4, 4, '2023-08-02 00:00:00'),
(614, 3, 8, 45.7, 6, 8, '2023-07-06 00:00:00'),
(615, 4, 2, 32.6, 4, 9, '2023-07-06 00:00:00'),
(616, 4, 17, 25.4, 1, 7, '2023-08-05 00:00:00'),
(617, 3, 11, 52.4, 2, 8, '2023-07-30 00:00:00'),
(618, 4, 20, 45.4, 6, 12, '2023-07-07 00:00:00'),
(619, 3, 15, 25.9, 5, 14, '2023-07-04 00:00:00'),
(620, 5, 20, 57.5, 2, 9, '2023-07-31 00:00:00'),
(621, 3, 12, 31, 3, 12, '2023-07-03 00:00:00'),
(623, 4, 22, 44.8, 3, 13, '2023-07-27 00:00:00'),
(625, 3, 10, 37.9, 2, 11, '2023-08-09 00:00:00'),
(626, 4, 11, 38.6, 4, 11, '2023-08-09 00:00:00'),
(627, 5, 12, 41.8, 5, 7, '2023-07-27 00:00:00'),
(628, 4, 13, 51.8, 3, 15, '2023-07-19 00:00:00'),
(630, 4, 9, 27.2, 6, 5, '2023-07-26 00:00:00'),
(631, 5, 21, 39.3, 6, 7, '2023-07-31 00:00:00'),
(633, 5, 15, 49.2, 5, 10, '2023-07-18 00:00:00'),
(634, 5, 12, 25.3, 4, 7, '2023-07-09 00:00:00'),
(635, 4, 4, 30.9, 5, 14, '2023-07-18 00:00:00'),
(636, 4, 20, 12.1, 2, 14, '2023-07-06 00:00:00'),
(637, 4, 12, 37.2, 1, 7, '2023-07-25 00:00:00'),
(638, 4, 21, 14.1, 2, 4, '2023-07-14 00:00:00'),
(639, 3, 20, 14, 2, 8, '2023-07-20 00:00:00'),
(640, 3, 18, 53.5, 4, 15, '2023-08-03 00:00:00'),
(642, 4, 19, 34.2, 6, 6, '2023-07-28 00:00:00'),
(643, 5, 15, 12.6, 1, 8, '2023-07-25 00:00:00'),
(644, 3, 6, 23.3, 5, 11, '2023-07-25 00:00:00'),
(645, 3, 17, 21.1, 2, 15, '2023-07-13 00:00:00'),
(646, 3, 21, 50.4, 4, 13, '2023-08-05 00:00:00'),
(647, 3, 7, 23.9, 5, 5, '2023-07-19 00:00:00'),
(648, 3, 8, 25, 2, 15, '2023-07-23 00:00:00'),
(651, 4, 9, 45.9, 6, 8, '2023-07-31 00:00:00'),
(652, 4, 22, 19.3, 5, 13, '2023-08-08 00:00:00'),
(653, 4, 20, 44.4, 1, 10, '2023-07-30 00:00:00'),
(654, 3, 13, 21, 3, 7, '2023-08-04 00:00:00'),
(655, 5, 13, 31.2, 2, 11, '2023-07-07 00:00:00'),
(656, 4, 20, 52.2, 5, 10, '2023-07-14 00:00:00'),
(657, 3, 6, 21, 3, 4, '2023-08-10 00:00:00'),
(658, 5, 17, 58.3, 4, 6, '2023-07-21 00:00:00'),
(659, 3, 16, 31.4, 2, 8, '2023-07-17 00:00:00'),
(662, 4, 20, 30.8, 6, 7, '2023-08-09 00:00:00'),
(663, 3, 21, 40.7, 2, 15, '2023-07-19 00:00:00'),
(664, 3, 13, 26, 2, 15, '2023-08-01 00:00:00'),
(666, 3, 8, 21, 5, 6, '2023-07-23 00:00:00'),
(667, 3, 12, 19.4, 2, 6, '2023-07-03 00:00:00'),
(668, 4, 20, 19.9, 3, 7, '2023-07-22 00:00:00'),
(669, 3, 9, 41.1, 4, 14, '2023-08-10 00:00:00'),
(670, 3, 10, 22.2, 6, 13, '2023-07-20 00:00:00'),
(671, 5, 6, 15.1, 4, 11, '2023-07-24 00:00:00'),
(673, 4, 10, 15.6, 4, 14, '2023-07-25 00:00:00'),
(674, 4, 12, 49.1, 6, 4, '2023-07-24 00:00:00'),
(675, 4, 5, 26.9, 1, 10, '2023-07-18 00:00:00'),
(676, 4, 14, 18.4, 5, 12, '2023-08-08 00:00:00'),
(677, 3, 7, 45.9, 2, 15, '2023-08-10 00:00:00'),
(678, 4, 12, 40.3, 1, 13, '2023-07-27 00:00:00'),
(679, 4, 2, 49, 1, 11, '2023-07-16 00:00:00'),
(680, 5, 2, 34.9, 2, 11, '2023-08-02 00:00:00'),
(681, 5, 10, 38.4, 6, 15, '2023-07-30 00:00:00'),
(682, 3, 9, 35.7, 1, 11, '2023-07-20 00:00:00'),
(683, 4, 14, 56.3, 4, 11, '2023-07-20 00:00:00'),
(684, 4, 8, 37.1, 4, 4, '2023-08-01 00:00:00'),
(687, 3, 21, 21.3, 5, 5, '2023-07-30 00:00:00'),
(688, 4, 19, 16.5, 1, 4, '2023-08-06 00:00:00'),
(689, 4, 20, 17.8, 4, 15, '2023-07-22 00:00:00'),
(690, 3, 10, 29.4, 5, 7, '2023-07-22 00:00:00'),
(691, 4, 13, 17, 5, 8, '2023-08-02 00:00:00'),
(692, 4, 18, 18.3, 6, 10, '2023-07-05 00:00:00'),
(693, 4, 12, 54.2, 2, 6, '2023-07-26 00:00:00'),
(694, 3, 13, 30.8, 3, 12, '2023-07-28 00:00:00'),
(695, 4, 8, 22.9, 2, 12, '2023-07-17 00:00:00'),
(696, 3, 13, 44.5, 3, 7, '2023-07-21 00:00:00'),
(697, 5, 7, 54.5, 4, 8, '2023-07-27 00:00:00'),
(699, 5, 11, 50.6, 6, 6, '2023-07-24 00:00:00'),
(700, 3, 12, 15.1, 1, 14, '2023-08-04 00:00:00'),
(701, 4, 11, 37.3, 2, 5, '2023-08-02 00:00:00'),
(702, 4, 19, 20.4, 2, 7, '2023-07-26 00:00:00'),
(703, 3, 20, 39.1, 3, 15, '2023-08-02 00:00:00'),
(704, 3, 22, 16.4, 1, 7, '2023-08-11 00:00:00'),
(705, 4, 1, 41, 1, 9, '2023-08-08 00:00:00'),
(706, 3, 18, 48.6, 3, 5, '2023-07-21 00:00:00'),
(708, 5, 20, 16.2, 1, 9, '2023-08-06 00:00:00'),
(709, 3, 9, 31.6, 4, 8, '2023-07-09 00:00:00'),
(711, 4, 3, 57.7, 3, 10, '2023-08-08 00:00:00'),
(713, 3, 4, 39, 2, 12, '2023-07-06 00:00:00'),
(715, 5, 12, 18.1, 2, 6, '2023-07-03 00:00:00'),
(716, 4, 10, 37.8, 5, 15, '2023-07-26 00:00:00'),
(717, 4, 20, 43.4, 4, 14, '2023-08-10 00:00:00'),
(718, 4, 9, 18.5, 4, 4, '2023-07-29 00:00:00'),
(719, 3, 6, 26.4, 4, 6, '2023-07-28 00:00:00'),
(720, 5, 3, 29.4, 3, 14, '2023-07-29 00:00:00'),
(721, 5, 19, 18, 5, 10, '2023-08-02 00:00:00'),
(722, 3, 4, 56.7, 1, 12, '2023-08-08 00:00:00'),
(724, 5, 14, 28.7, 6, 11, '2023-07-29 00:00:00'),
(725, 5, 10, 33.2, 2, 7, '2023-08-02 00:00:00'),
(726, 5, 2, 42.2, 1, 4, '2023-07-28 00:00:00'),
(727, 4, 16, 31.4, 3, 11, '2023-08-09 00:00:00'),
(729, 5, 18, 45.4, 3, 14, '2023-07-20 00:00:00'),
(731, 3, 10, 41.2, 6, 7, '2023-07-03 00:00:00'),
(732, 5, 3, 43.8, 6, 13, '2023-08-03 00:00:00'),
(733, 5, 6, 33.4, 6, 4, '2023-07-21 00:00:00'),
(734, 5, 11, 44.5, 6, 8, '2023-07-28 00:00:00'),
(735, 5, 17, 26.1, 2, 9, '2023-07-07 00:00:00'),
(736, 5, 1, 39, 2, 8, '2023-08-08 00:00:00'),
(737, 3, 8, 36.8, 4, 14, '2023-07-27 00:00:00'),
(738, 4, 17, 36.4, 3, 11, '2023-07-30 00:00:00'),
(739, 3, 16, 12.4, 1, 13, '2023-08-04 00:00:00'),
(740, 3, 21, 49, 2, 14, '2023-07-21 00:00:00'),
(741, 4, 2, 46.4, 5, 7, '2023-08-04 00:00:00'),
(742, 3, 4, 41.9, 3, 8, '2023-07-11 00:00:00'),
(743, 4, 4, 38, 4, 14, '2023-07-30 00:00:00'),
(745, 4, 20, 47.8, 5, 15, '2023-07-13 00:00:00'),
(746, 4, 15, 28.6, 5, 12, '2023-07-09 00:00:00'),
(748, 4, 15, 58.4, 5, 9, '2023-07-03 00:00:00'),
(749, 5, 12, 51.6, 6, 13, '2023-07-28 00:00:00'),
(750, 5, 7, 13.7, 5, 15, '2023-07-30 00:00:00'),
(751, 3, 20, 51.7, 2, 11, '2023-07-06 00:00:00'),
(752, 4, 3, 46.6, 6, 12, '2023-07-25 00:00:00'),
(753, 4, 1, 31.1, 4, 9, '2023-07-19 00:00:00'),
(754, 4, 16, 40.2, 5, 13, '2023-08-01 00:00:00'),
(755, 5, 14, 40.4, 4, 7, '2023-07-21 00:00:00'),
(756, 5, 1, 47.2, 5, 9, '2023-07-28 00:00:00'),
(758, 3, 20, 14.5, 2, 8, '2023-07-05 00:00:00'),
(760, 4, 20, 16.8, 6, 5, '2023-07-04 00:00:00'),
(761, 4, 18, 54.9, 3, 9, '2023-07-03 00:00:00'),
(762, 4, 17, 31.7, 5, 12, '2023-08-05 00:00:00'),
(763, 4, 22, 37.8, 6, 15, '2023-07-20 00:00:00'),
(764, 5, 5, 49, 1, 5, '2023-08-09 00:00:00'),
(766, 5, 7, 44.3, 3, 10, '2023-07-03 00:00:00'),
(767, 4, 22, 49.7, 5, 5, '2023-07-22 00:00:00'),
(768, 5, 19, 46.6, 4, 5, '2023-08-01 00:00:00'),
(769, 3, 16, 16.4, 1, 8, '2023-08-09 00:00:00'),
(770, 5, 15, 12.4, 5, 13, '2023-07-30 00:00:00'),
(771, 3, 2, 14.1, 2, 11, '2023-07-20 00:00:00'),
(772, 3, 19, 31.2, 1, 15, '2023-07-07 00:00:00'),
(773, 3, 4, 24.8, 2, 8, '2023-07-30 00:00:00'),
(774, 4, 19, 30.9, 6, 7, '2023-07-11 00:00:00'),
(775, 5, 9, 41.4, 6, 4, '2023-07-07 00:00:00'),
(776, 3, 21, 51.3, 5, 8, '2023-07-27 00:00:00'),
(777, 4, 19, 43.1, 3, 12, '2023-07-23 00:00:00'),
(778, 4, 20, 53, 3, 4, '2023-07-12 00:00:00'),
(780, 4, 12, 40, 4, 14, '2023-07-28 00:00:00'),
(781, 4, 15, 56.7, 4, 13, '2023-07-04 00:00:00'),
(782, 5, 15, 36.9, 3, 10, '2023-07-18 00:00:00'),
(783, 4, 20, 12, 6, 6, '2023-08-11 00:00:00'),
(784, 4, 15, 35.1, 3, 7, '2023-07-17 00:00:00'),
(785, 3, 5, 20, 3, 9, '2023-07-29 00:00:00'),
(786, 4, 5, 14.6, 2, 12, '2023-08-11 00:00:00'),
(787, 3, 16, 21.8, 3, 12, '2023-07-24 00:00:00'),
(788, 4, 3, 26.7, 1, 11, '2023-07-09 00:00:00'),
(789, 5, 22, 41.3, 2, 15, '2023-07-17 00:00:00'),
(790, 5, 5, 35.8, 3, 11, '2023-08-03 00:00:00'),
(791, 3, 18, 30.8, 6, 4, '2023-08-02 00:00:00'),
(792, 3, 6, 27.9, 1, 9, '2023-08-11 00:00:00'),
(794, 5, 2, 41, 5, 4, '2023-07-28 00:00:00'),
(795, 5, 22, 25.3, 5, 8, '2023-07-24 00:00:00'),
(796, 5, 8, 49.3, 1, 4, '2023-07-05 00:00:00'),
(797, 4, 7, 45.1, 3, 14, '2023-07-29 00:00:00'),
(798, 3, 21, 37, 2, 5, '2023-07-24 00:00:00'),
(799, 5, 14, 18.1, 3, 4, '2023-07-07 00:00:00'),
(801, 5, 3, 34.8, 3, 14, '2023-08-02 00:00:00'),
(802, 4, 14, 30.8, 4, 14, '2023-07-20 00:00:00'),
(803, 4, 6, 45.7, 2, 15, '2023-07-27 00:00:00'),
(804, 5, 14, 50.1, 1, 14, '2023-07-27 00:00:00'),
(805, 5, 18, 44.2, 6, 12, '2023-07-23 00:00:00'),
(806, 5, 3, 32.1, 2, 7, '2023-07-17 00:00:00'),
(807, 4, 17, 18.3, 4, 14, '2023-07-28 00:00:00'),
(808, 4, 21, 49.2, 4, 12, '2023-07-03 00:00:00'),
(809, 4, 2, 19.9, 4, 9, '2023-07-13 00:00:00'),
(810, 3, 21, 13.8, 1, 7, '2023-07-16 00:00:00'),
(812, 4, 18, 53, 4, 7, '2023-08-04 00:00:00'),
(814, 4, 6, 36.2, 4, 15, '2023-07-05 00:00:00'),
(815, 3, 19, 12.7, 3, 12, '2023-07-26 00:00:00'),
(816, 4, 1, 21.5, 2, 13, '2023-07-09 00:00:00'),
(817, 3, 3, 57.2, 5, 7, '2023-07-07 00:00:00'),
(818, 5, 21, 22.9, 5, 5, '2023-08-08 00:00:00'),
(819, 4, 11, 38, 3, 15, '2023-07-26 00:00:00'),
(820, 3, 18, 28.9, 1, 9, '2023-07-22 00:00:00'),
(821, 4, 17, 22, 3, 15, '2023-08-06 00:00:00'),
(822, 3, 10, 18.3, 6, 13, '2023-07-12 00:00:00'),
(823, 3, 15, 41.6, 3, 9, '2023-07-18 00:00:00'),
(824, 4, 15, 43.9, 1, 6, '2023-07-18 00:00:00'),
(825, 4, 15, 16.6, 3, 8, '2023-07-12 00:00:00'),
(826, 3, 22, 25.2, 1, 11, '2023-08-10 00:00:00'),
(827, 4, 21, 26, 3, 4, '2023-08-07 00:00:00'),
(828, 4, 7, 31.3, 3, 9, '2023-08-06 00:00:00'),
(829, 5, 14, 54.7, 1, 14, '2023-07-18 00:00:00'),
(830, 4, 5, 50.6, 4, 8, '2023-07-21 00:00:00'),
(831, 3, 18, 19.9, 1, 12, '2023-07-31 00:00:00'),
(832, 5, 4, 22.2, 2, 9, '2023-07-24 00:00:00'),
(833, 5, 4, 55.6, 5, 12, '2023-07-26 00:00:00'),
(834, 4, 14, 24.8, 6, 5, '2023-07-16 00:00:00'),
(835, 3, 4, 34.8, 4, 10, '2023-08-02 00:00:00'),
(837, 4, 1, 35.9, 5, 12, '2023-07-18 00:00:00'),
(839, 3, 9, 37.6, 6, 13, '2023-08-05 00:00:00'),
(840, 4, 17, 13.3, 2, 9, '2023-08-11 00:00:00'),
(841, 4, 1, 39.1, 3, 9, '2023-07-03 00:00:00'),
(842, 3, 2, 19.3, 4, 9, '2023-08-09 00:00:00'),
(843, 4, 4, 36.8, 1, 11, '2023-08-10 00:00:00'),
(844, 5, 19, 31.1, 5, 12, '2023-08-06 00:00:00'),
(845, 5, 4, 26.8, 5, 9, '2023-07-07 00:00:00'),
(846, 3, 14, 23.5, 1, 8, '2023-08-03 00:00:00'),
(847, 3, 20, 57.8, 3, 4, '2023-08-08 00:00:00'),
(848, 4, 10, 14, 4, 4, '2023-07-21 00:00:00'),
(849, 4, 20, 48.6, 4, 4, '2023-08-01 00:00:00'),
(850, 3, 9, 28.1, 3, 11, '2023-07-22 00:00:00'),
(853, 3, 5, 45.6, 6, 15, '2023-07-21 00:00:00'),
(854, 5, 12, 55.1, 6, 14, '2023-07-30 00:00:00'),
(855, 3, 7, 52.9, 1, 5, '2023-08-09 00:00:00'),
(856, 4, 17, 33.2, 3, 12, '2023-07-11 00:00:00'),
(857, 4, 18, 41.4, 4, 9, '2023-08-03 00:00:00'),
(858, 5, 1, 29.4, 2, 10, '2023-07-17 00:00:00'),
(859, 3, 15, 39.9, 3, 5, '2023-07-29 00:00:00'),
(860, 4, 6, 40.4, 3, 15, '2023-08-05 00:00:00'),
(861, 5, 11, 24.1, 1, 4, '2023-07-20 00:00:00'),
(862, 5, 5, 23.1, 2, 11, '2023-07-03 00:00:00'),
(863, 3, 22, 53.8, 1, 7, '2023-07-17 00:00:00'),
(864, 3, 19, 41.8, 2, 11, '2023-07-26 00:00:00'),
(865, 5, 15, 49.9, 2, 13, '2023-08-09 00:00:00'),
(866, 3, 16, 12, 1, 5, '2023-07-19 00:00:00'),
(867, 5, 19, 35.5, 3, 15, '2023-07-03 00:00:00'),
(868, 5, 6, 25.8, 1, 4, '2023-08-09 00:00:00'),
(870, 4, 20, 18.9, 3, 7, '2023-07-30 00:00:00'),
(871, 5, 10, 22.2, 2, 12, '2023-07-23 00:00:00'),
(872, 3, 12, 53.5, 1, 6, '2023-07-16 00:00:00'),
(873, 3, 17, 46.9, 6, 7, '2023-07-22 00:00:00'),
(875, 5, 3, 37.4, 1, 4, '2023-07-31 00:00:00'),
(876, 3, 1, 12.8, 3, 15, '2023-07-30 00:00:00'),
(877, 3, 15, 41.5, 1, 12, '2023-07-13 00:00:00'),
(878, 3, 6, 44.9, 5, 8, '2023-08-06 00:00:00'),
(879, 5, 5, 59.6, 3, 15, '2023-07-27 00:00:00'),
(881, 3, 10, 19.4, 3, 5, '2023-07-19 00:00:00'),
(882, 3, 14, 30.8, 2, 15, '2023-08-01 00:00:00'),
(883, 3, 13, 59.7, 2, 4, '2023-07-09 00:00:00'),
(884, 3, 6, 17.5, 6, 6, '2023-07-19 00:00:00'),
(885, 5, 16, 36.2, 4, 4, '2023-08-01 00:00:00'),
(886, 5, 8, 58.6, 3, 14, '2023-07-25 00:00:00'),
(887, 3, 7, 40, 1, 15, '2023-07-19 00:00:00'),
(888, 4, 16, 57.7, 1, 5, '2023-08-11 00:00:00'),
(889, 3, 15, 14, 5, 7, '2023-07-27 00:00:00'),
(890, 3, 17, 42.4, 5, 7, '2023-08-09 00:00:00'),
(891, 3, 9, 48.6, 5, 10, '2023-07-24 00:00:00'),
(892, 3, 7, 25.3, 4, 12, '2023-07-19 00:00:00'),
(893, 5, 11, 21, 3, 6, '2023-08-10 00:00:00'),
(894, 3, 1, 31.6, 5, 7, '2023-08-05 00:00:00'),
(895, 4, 13, 36.5, 3, 7, '2023-07-03 00:00:00'),
(896, 4, 22, 54.5, 2, 13, '2023-07-22 00:00:00'),
(897, 4, 12, 33.3, 3, 12, '2023-08-07 00:00:00'),
(898, 4, 14, 60, 6, 9, '2023-07-17 00:00:00'),
(899, 5, 5, 22.5, 6, 14, '2023-07-28 00:00:00'),
(900, 3, 11, 38.9, 6, 13, '2023-07-19 00:00:00'),
(901, 3, 22, 50.8, 6, 6, '2023-08-06 00:00:00'),
(903, 3, 2, 43, 2, 11, '2023-07-07 00:00:00'),
(904, 4, 8, 57.7, 3, 9, '2023-07-24 00:00:00'),
(905, 3, 11, 22.5, 5, 9, '2023-07-05 00:00:00'),
(908, 3, 5, 12.9, 6, 11, '2023-07-15 00:00:00'),
(910, 4, 13, 41.8, 2, 14, '2023-08-10 00:00:00'),
(911, 3, 2, 43.3, 2, 11, '2023-08-05 00:00:00'),
(912, 3, 17, 29.5, 6, 14, '2023-07-20 00:00:00'),
(914, 3, 22, 14.2, 6, 6, '2023-08-01 00:00:00'),
(915, 3, 13, 49.4, 2, 7, '2023-07-27 00:00:00'),
(917, 3, 15, 38.5, 2, 6, '2023-07-13 00:00:00'),
(919, 3, 12, 58.2, 1, 7, '2023-08-09 00:00:00'),
(921, 4, 10, 45.2, 5, 6, '2023-07-21 00:00:00'),
(922, 4, 4, 26, 1, 11, '2023-07-14 00:00:00'),
(923, 3, 16, 33.7, 3, 13, '2023-07-31 00:00:00'),
(924, 4, 15, 21.8, 3, 7, '2023-08-06 00:00:00'),
(925, 4, 3, 30.3, 1, 6, '2023-07-13 00:00:00'),
(926, 4, 15, 34.8, 1, 7, '2023-07-30 00:00:00'),
(927, 5, 12, 58.4, 3, 9, '2023-07-24 00:00:00'),
(928, 3, 15, 30.9, 1, 15, '2023-07-22 00:00:00'),
(930, 3, 7, 35.9, 3, 6, '2023-08-07 00:00:00'),
(931, 3, 16, 32.2, 6, 4, '2023-07-28 00:00:00'),
(932, 4, 16, 42.1, 4, 6, '2023-08-11 00:00:00'),
(933, 3, 13, 58.7, 6, 14, '2023-07-26 00:00:00'),
(934, 4, 13, 17.3, 1, 6, '2023-07-16 00:00:00'),
(935, 3, 13, 29.7, 6, 15, '2023-07-30 00:00:00'),
(936, 5, 11, 53.1, 1, 10, '2023-07-07 00:00:00'),
(937, 4, 12, 41.3, 4, 6, '2023-07-05 00:00:00'),
(938, 4, 1, 47, 4, 13, '2023-08-09 00:00:00'),
(939, 4, 12, 48.4, 5, 9, '2023-07-14 00:00:00'),
(940, 4, 13, 58.7, 1, 11, '2023-08-06 00:00:00'),
(941, 5, 18, 45.8, 5, 8, '2023-07-04 00:00:00'),
(942, 3, 2, 43.7, 2, 6, '2023-07-14 00:00:00'),
(943, 5, 6, 33.4, 2, 14, '2023-08-03 00:00:00'),
(944, 3, 19, 36.2, 2, 10, '2023-07-30 00:00:00'),
(945, 3, 11, 28.1, 6, 9, '2023-07-15 00:00:00'),
(946, 5, 13, 12.7, 1, 12, '2023-07-17 00:00:00'),
(947, 5, 17, 39.6, 1, 5, '2023-07-04 00:00:00'),
(948, 4, 21, 39.4, 5, 12, '2023-08-07 00:00:00'),
(949, 4, 3, 39.6, 5, 9, '2023-07-16 00:00:00'),
(950, 4, 8, 13.5, 6, 9, '2023-07-31 00:00:00'),
(951, 3, 11, 31.5, 1, 11, '2023-07-12 00:00:00'),
(952, 3, 3, 20.4, 2, 15, '2023-07-12 00:00:00'),
(953, 3, 2, 18.4, 3, 10, '2023-07-25 00:00:00'),
(954, 5, 17, 30.1, 1, 6, '2023-07-28 00:00:00'),
(955, 5, 17, 31.7, 6, 10, '2023-08-04 00:00:00'),
(956, 4, 5, 42.4, 4, 9, '2023-07-20 00:00:00'),
(957, 4, 5, 47.1, 6, 11, '2023-07-29 00:00:00'),
(958, 4, 15, 57, 5, 13, '2023-08-03 00:00:00'),
(959, 4, 5, 12.6, 3, 12, '2023-07-07 00:00:00'),
(960, 4, 3, 46.9, 1, 8, '2023-08-01 00:00:00'),
(962, 5, 17, 28.1, 6, 9, '2023-08-10 00:00:00'),
(963, 5, 20, 33.7, 6, 4, '2023-08-10 00:00:00'),
(964, 3, 17, 45.8, 3, 4, '2023-07-23 00:00:00'),
(965, 4, 19, 43.7, 2, 14, '2023-08-10 00:00:00'),
(966, 4, 10, 45.3, 1, 13, '2023-07-05 00:00:00'),
(967, 3, 12, 12.9, 3, 10, '2023-08-01 00:00:00'),
(968, 4, 21, 54.5, 3, 15, '2023-07-07 00:00:00'),
(969, 4, 8, 24.1, 1, 15, '2023-07-14 00:00:00'),
(970, 4, 19, 42.1, 2, 5, '2023-07-12 00:00:00'),
(971, 3, 13, 57.9, 4, 6, '2023-08-10 00:00:00'),
(972, 5, 8, 46.9, 4, 6, '2023-07-05 00:00:00'),
(973, 4, 8, 39.9, 5, 7, '2023-07-27 00:00:00'),
(975, 4, 11, 29, 1, 10, '2023-07-30 00:00:00'),
(976, 3, 7, 28.2, 1, 10, '2023-07-23 00:00:00'),
(977, 5, 5, 42.8, 2, 6, '2023-07-05 00:00:00'),
(978, 3, 8, 42.1, 6, 13, '2023-07-31 00:00:00'),
(979, 3, 15, 12.9, 2, 12, '2023-07-11 00:00:00'),
(980, 5, 15, 41.5, 6, 7, '2023-07-30 00:00:00'),
(981, 4, 5, 49.6, 6, 10, '2023-07-31 00:00:00'),
(982, 5, 7, 36.3, 1, 7, '2023-08-06 00:00:00'),
(983, 4, 16, 12.6, 1, 6, '2023-08-03 00:00:00'),
(984, 3, 19, 59.8, 5, 6, '2023-07-26 00:00:00'),
(985, 4, 10, 53.1, 5, 6, '2023-08-03 00:00:00'),
(986, 4, 6, 34.5, 3, 12, '2023-07-27 00:00:00'),
(988, 4, 5, 54.5, 4, 15, '2023-07-04 00:00:00'),
(989, 3, 12, 57.9, 6, 7, '2023-07-06 00:00:00'),
(990, 4, 21, 54.3, 5, 12, '2023-08-03 00:00:00'),
(991, 3, 8, 22.5, 6, 13, '2023-08-06 00:00:00'),
(992, 3, 1, 51.9, 3, 12, '2023-07-04 00:00:00'),
(995, 4, 3, 53.9, 1, 10, '2023-07-03 00:00:00'),
(996, 5, 15, 47.2, 6, 6, '2023-08-02 00:00:00'),
(997, 4, 14, 54.7, 5, 4, '2023-08-10 00:00:00'),
(999, 5, 10, 35.4, 3, 6, '2023-08-08 00:00:00'),
(1001, 3, 17, 56.8, 2, 8, '2023-07-29 00:00:00'),
(1002, 4, 6, 56.3, 2, 15, '2023-07-11 00:00:00'),
(1003, 3, 6, 41.1, 3, 9, '2023-07-28 00:00:00'),
(1005, 5, 10, 34.9, 4, 15, '2023-08-01 00:00:00'),
(1006, 5, 12, 25.4, 3, 15, '2023-07-21 00:00:00'),
(1007, 3, 5, 22.8, 5, 7, '2023-08-06 00:00:00'),
(1008, 4, 2, 40.8, 1, 6, '2023-08-10 00:00:00'),
(1009, 3, 9, 57.1, 5, 6, '2023-08-06 00:00:00'),
(1011, 5, 22, 39.8, 4, 14, '2023-07-23 00:00:00'),
(1013, 3, 19, 23.3, 3, 14, '2023-08-09 00:00:00'),
(1014, 3, 16, 12, 5, 6, '2023-07-11 00:00:00'),
(1015, 5, 7, 26.2, 1, 12, '2023-07-28 00:00:00'),
(1016, 3, 19, 27.8, 4, 10, '2023-08-08 00:00:00'),
(1017, 3, 8, 40.5, 4, 7, '2023-07-06 00:00:00'),
(1018, 4, 8, 50, 4, 12, '2023-08-04 00:00:00'),
(1020, 4, 8, 22.3, 2, 12, '2023-07-21 00:00:00'),
(1021, 5, 17, 58.2, 1, 11, '2023-07-05 00:00:00'),
(1022, 4, 11, 34.3, 5, 13, '2023-07-18 00:00:00'),
(1023, 4, 14, 23.5, 1, 6, '2023-08-08 00:00:00'),
(1024, 3, 2, 46.2, 4, 4, '2023-07-03 00:00:00'),
(1025, 5, 2, 41.1, 6, 15, '2023-07-25 00:00:00'),
(1026, 5, 11, 22.1, 5, 10, '2023-08-03 00:00:00'),
(1028, 4, 14, 43.4, 1, 14, '2023-07-29 00:00:00'),
(1031, 4, 22, 41, 2, 4, '2023-07-31 00:00:00'),
(1032, 4, 7, 44.7, 3, 15, '2023-07-13 00:00:00'),
(1033, 3, 3, 44.1, 6, 5, '2023-07-13 00:00:00'),
(1035, 3, 8, 29.5, 2, 11, '2023-07-07 00:00:00'),
(1036, 4, 17, 46.4, 1, 8, '2023-07-18 00:00:00'),
(1037, 3, 18, 45.7, 1, 15, '2023-07-22 00:00:00'),
(1038, 4, 11, 42.4, 1, 8, '2023-08-09 00:00:00'),
(1040, 3, 14, 28.2, 6, 7, '2023-06-27 00:00:00'),
(1041, 3, 3, 52.8, 3, 11, '2023-06-18 00:00:00'),
(1042, 5, 19, 55, 6, 6, '2023-06-25 00:00:00'),
(1043, 5, 9, 26.8, 2, 11, '2023-06-29 00:00:00'),
(1044, 3, 17, 23.3, 2, 15, '2023-06-12 00:00:00'),
(1045, 3, 10, 43.6, 3, 15, '2023-06-20 00:00:00'),
(1046, 5, 9, 13.5, 6, 12, '2023-06-10 00:00:00'),
(1047, 3, 4, 51.9, 5, 5, '2023-06-28 00:00:00'),
(1048, 4, 10, 14.7, 3, 8, '2023-06-10 00:00:00'),
(1049, 4, 15, 12.9, 2, 15, '2023-06-27 00:00:00'),
(1050, 4, 4, 31.3, 6, 6, '2023-06-05 00:00:00'),
(1051, 4, 13, 16.7, 3, 13, '2023-06-25 00:00:00'),
(1052, 3, 12, 22.2, 2, 12, '2023-06-07 00:00:00'),
(1053, 4, 1, 19.1, 5, 14, '2023-06-06 00:00:00'),
(1054, 4, 8, 43, 4, 4, '2023-06-19 00:00:00'),
(1055, 3, 9, 55.1, 3, 7, '2023-06-30 00:00:00'),
(1056, 3, 17, 55, 5, 12, '2023-06-05 00:00:00'),
(1057, 5, 11, 30.1, 5, 10, '2023-06-16 00:00:00'),
(1058, 3, 14, 26.1, 1, 6, '2023-06-20 00:00:00'),
(1059, 3, 4, 49.4, 2, 14, '2023-06-26 00:00:00'),
(1060, 4, 6, 53.6, 3, 15, '2023-06-18 00:00:00'),
(1061, 5, 16, 16.7, 3, 4, '2023-06-14 00:00:00'),
(1062, 5, 7, 51.2, 5, 4, '2023-06-10 00:00:00'),
(1063, 5, 18, 18.2, 2, 7, '2023-06-18 00:00:00'),
(1064, 5, 2, 27.3, 6, 14, '2023-06-01 00:00:00'),
(1065, 3, 21, 37.8, 1, 13, '2023-06-14 00:00:00'),
(1066, 3, 5, 16.6, 6, 6, '2023-06-03 00:00:00'),
(1067, 4, 2, 31.1, 5, 13, '2023-06-10 00:00:00'),
(1068, 3, 13, 31.8, 2, 13, '2023-06-29 00:00:00'),
(1069, 5, 21, 38.9, 5, 5, '2023-06-22 00:00:00'),
(1070, 3, 17, 44.9, 2, 6, '2023-06-01 00:00:00'),
(1071, 4, 4, 30.9, 3, 10, '2023-06-19 00:00:00'),
(1072, 5, 3, 13.1, 6, 11, '2023-06-07 00:00:00'),
(1073, 3, 6, 29.2, 5, 5, '2023-06-19 00:00:00'),
(1074, 4, 7, 43.6, 2, 6, '2023-06-01 00:00:00'),
(1075, 3, 2, 55.2, 4, 6, '2023-06-04 00:00:00'),
(1076, 5, 19, 52.2, 5, 8, '2023-06-23 00:00:00'),
(1077, 4, 10, 45.5, 2, 6, '2023-06-18 00:00:00'),
(1078, 4, 20, 54.8, 2, 14, '2023-06-15 00:00:00'),
(1079, 4, 6, 19.7, 1, 7, '2023-06-05 00:00:00'),
(1080, 4, 22, 55, 4, 14, '2023-06-21 00:00:00'),
(1081, 5, 6, 23.7, 2, 4, '2023-06-13 00:00:00'),
(1082, 5, 6, 31.3, 3, 5, '2023-06-30 00:00:00'),
(1083, 3, 18, 17.4, 2, 5, '2023-06-15 00:00:00'),
(1084, 3, 7, 32.9, 2, 13, '2023-06-11 00:00:00'),
(1085, 5, 15, 39.3, 2, 14, '2023-06-23 00:00:00'),
(1086, 5, 10, 50, 6, 13, '2023-06-19 00:00:00'),
(1087, 5, 20, 55.1, 6, 11, '2023-06-18 00:00:00'),
(1088, 5, 3, 31.3, 2, 6, '2023-06-02 00:00:00'),
(1089, 3, 15, 38.1, 1, 6, '2023-06-27 00:00:00'),
(1090, 5, 20, 37.4, 4, 6, '2023-06-21 00:00:00'),
(1091, 4, 13, 52.3, 1, 7, '2023-06-06 00:00:00'),
(1092, 3, 12, 46.7, 3, 6, '2023-06-07 00:00:00'),
(1093, 5, 8, 31.1, 3, 11, '2023-06-25 00:00:00'),
(1094, 4, 7, 20.6, 5, 7, '2023-06-27 00:00:00'),
(1095, 3, 18, 28.3, 4, 5, '2023-06-12 00:00:00'),
(1096, 4, 8, 29.8, 2, 6, '2023-06-16 00:00:00'),
(1097, 5, 13, 45.7, 4, 8, '2023-06-24 00:00:00'),
(1098, 4, 7, 19, 1, 12, '2023-06-11 00:00:00'),
(1099, 4, 10, 50, 1, 12, '2023-06-05 00:00:00'),
(1100, 4, 2, 35.5, 4, 13, '2023-06-30 00:00:00'),
(1101, 4, 19, 37.2, 4, 12, '2023-06-25 00:00:00'),
(1102, 4, 13, 15, 1, 6, '2023-06-09 00:00:00'),
(1103, 5, 11, 19.5, 2, 10, '2023-06-20 00:00:00'),
(1104, 4, 13, 22.2, 2, 14, '2023-06-25 00:00:00'),
(1105, 3, 22, 33.8, 3, 4, '2023-06-20 00:00:00'),
(1106, 5, 16, 26.2, 2, 14, '2023-06-26 00:00:00'),
(1107, 4, 14, 22.8, 2, 8, '2023-06-30 00:00:00'),
(1108, 5, 15, 29.1, 6, 5, '2023-06-21 00:00:00'),
(1109, 3, 19, 34.9, 2, 8, '2023-06-23 00:00:00'),
(1110, 3, 18, 59.3, 2, 13, '2023-06-20 00:00:00'),
(1111, 5, 8, 15.5, 4, 10, '2023-06-22 00:00:00'),
(1112, 5, 11, 57.1, 6, 4, '2023-06-22 00:00:00'),
(1113, 5, 3, 29.4, 5, 8, '2023-06-03 00:00:00'),
(1114, 3, 11, 45.8, 5, 13, '2023-06-14 00:00:00'),
(1115, 3, 15, 43.4, 4, 8, '2023-06-11 00:00:00'),
(1116, 4, 22, 27.9, 4, 8, '2023-06-05 00:00:00'),
(1117, 3, 13, 18.1, 1, 15, '2023-06-27 00:00:00'),
(1118, 5, 10, 35.1, 1, 12, '2023-06-16 00:00:00'),
(1119, 5, 11, 12.8, 6, 4, '2023-06-18 00:00:00'),
(1120, 4, 13, 30.2, 2, 13, '2023-06-12 00:00:00'),
(1121, 3, 20, 57.7, 1, 5, '2023-06-17 00:00:00'),
(1122, 4, 7, 27.1, 1, 12, '2023-06-01 00:00:00'),
(1123, 5, 10, 54.4, 6, 8, '2023-06-21 00:00:00'),
(1124, 3, 6, 30, 4, 4, '2023-06-15 00:00:00'),
(1125, 5, 17, 26.5, 2, 10, '2023-06-15 00:00:00'),
(1126, 5, 2, 28.5, 1, 8, '2023-06-28 00:00:00'),
(1127, 4, 20, 20.5, 5, 14, '2023-06-20 00:00:00'),
(1128, 5, 13, 13.4, 3, 5, '2023-06-24 00:00:00'),
(1129, 4, 22, 49.7, 5, 10, '2023-06-20 00:00:00'),
(1130, 4, 21, 30.2, 1, 15, '2023-06-07 00:00:00'),
(1131, 5, 22, 46.2, 1, 8, '2023-06-29 00:00:00'),
(1132, 3, 22, 57.9, 3, 15, '2023-06-02 00:00:00'),
(1133, 3, 11, 55, 1, 5, '2023-06-15 00:00:00'),
(1134, 4, 16, 60, 3, 5, '2023-06-05 00:00:00'),
(1135, 5, 8, 18, 4, 8, '2023-06-25 00:00:00'),
(1136, 5, 3, 21.6, 4, 10, '2023-06-07 00:00:00'),
(1137, 5, 17, 54.4, 1, 13, '2023-06-16 00:00:00'),
(1138, 3, 2, 54.9, 1, 10, '2023-06-02 00:00:00'),
(1139, 5, 22, 35.6, 4, 11, '2023-06-03 00:00:00'),
(1140, 4, 22, 28.1, 2, 6, '2023-06-12 00:00:00'),
(1141, 5, 16, 16.8, 4, 6, '2023-06-27 00:00:00'),
(1142, 5, 4, 18.5, 3, 7, '2023-06-05 00:00:00'),
(1143, 4, 4, 34.2, 4, 7, '2023-06-13 00:00:00'),
(1144, 3, 9, 49.3, 5, 6, '2023-06-27 00:00:00'),
(1145, 5, 16, 49.8, 1, 5, '2023-06-04 00:00:00'),
(1146, 4, 9, 50.5, 3, 4, '2023-06-26 00:00:00'),
(1147, 5, 17, 30, 1, 8, '2023-06-05 00:00:00'),
(1148, 3, 13, 58.1, 6, 9, '2023-06-09 00:00:00'),
(1149, 3, 5, 29.9, 6, 10, '2023-06-27 00:00:00'),
(1150, 3, 5, 24.7, 5, 13, '2023-06-02 00:00:00'),
(1151, 3, 9, 49.1, 4, 9, '2023-06-12 00:00:00'),
(1152, 3, 16, 43.2, 3, 9, '2023-06-04 00:00:00'),
(1153, 5, 16, 48.6, 5, 11, '2023-06-10 00:00:00'),
(1154, 3, 16, 31.9, 3, 14, '2023-06-30 00:00:00'),
(1155, 4, 15, 38.1, 2, 7, '2023-06-11 00:00:00'),
(1156, 4, 14, 52.8, 3, 6, '2023-06-06 00:00:00'),
(1157, 4, 1, 28.9, 2, 8, '2023-06-24 00:00:00'),
(1158, 4, 18, 55.1, 3, 11, '2023-06-16 00:00:00'),
(1159, 3, 10, 52.7, 6, 11, '2023-06-06 00:00:00'),
(1160, 5, 18, 28.7, 5, 4, '2023-06-23 00:00:00'),
(1161, 5, 4, 22.2, 4, 5, '2023-06-08 00:00:00'),
(1162, 3, 11, 52.1, 1, 9, '2023-06-03 00:00:00'),
(1163, 3, 4, 34.7, 1, 5, '2023-06-14 00:00:00'),
(1164, 4, 16, 21.8, 5, 9, '2023-06-29 00:00:00'),
(1165, 5, 4, 25.8, 4, 15, '2023-06-03 00:00:00'),
(1166, 4, 14, 32.5, 1, 11, '2023-06-12 00:00:00'),
(1167, 5, 15, 13.5, 6, 12, '2023-06-20 00:00:00'),
(1168, 4, 22, 45.2, 4, 11, '2023-06-18 00:00:00'),
(1169, 4, 8, 51, 1, 14, '2023-06-15 00:00:00'),
(1170, 5, 1, 16.3, 2, 7, '2023-06-15 00:00:00'),
(1171, 5, 10, 18.2, 4, 14, '2023-06-08 00:00:00'),
(1172, 3, 15, 55, 6, 10, '2023-06-13 00:00:00'),
(1173, 3, 18, 21.9, 1, 10, '2023-06-01 00:00:00'),
(1174, 3, 3, 14, 4, 4, '2023-06-23 00:00:00'),
(1175, 3, 14, 25.7, 6, 15, '2023-06-18 00:00:00'),
(1176, 5, 9, 17.4, 5, 13, '2023-06-08 00:00:00'),
(1177, 4, 16, 28, 5, 9, '2023-06-19 00:00:00'),
(1178, 5, 21, 12, 6, 14, '2023-06-07 00:00:00'),
(1179, 5, 21, 45.5, 4, 11, '2023-06-29 00:00:00'),
(1180, 5, 11, 15.3, 3, 14, '2023-06-27 00:00:00'),
(1181, 3, 7, 26.7, 6, 4, '2023-06-23 00:00:00'),
(1182, 5, 14, 48.6, 2, 13, '2023-06-19 00:00:00'),
(1183, 4, 5, 19.1, 6, 9, '2023-06-29 00:00:00'),
(1184, 5, 15, 43.8, 6, 11, '2023-06-26 00:00:00'),
(1186, 4, 22, 48.8, 2, 5, '2023-06-22 00:00:00'),
(1187, 5, 16, 31.5, 2, 4, '2023-06-27 00:00:00'),
(1188, 5, 9, 44.5, 4, 8, '2023-06-05 00:00:00'),
(1189, 3, 15, 29.5, 3, 15, '2023-06-05 00:00:00'),
(1190, 3, 19, 48.2, 1, 8, '2023-06-26 00:00:00'),
(1191, 3, 20, 30.2, 5, 10, '2023-06-04 00:00:00'),
(1192, 4, 3, 36.4, 1, 15, '2023-06-11 00:00:00'),
(1193, 3, 1, 19.6, 1, 13, '2023-06-24 00:00:00'),
(1194, 5, 4, 58.1, 4, 12, '2023-06-30 00:00:00'),
(1195, 5, 16, 46.9, 1, 14, '2023-06-04 00:00:00'),
(1196, 3, 15, 19.6, 3, 6, '2023-06-03 00:00:00'),
(1197, 4, 4, 33.7, 4, 12, '2023-06-19 00:00:00'),
(1198, 3, 20, 31.2, 6, 5, '2023-06-05 00:00:00'),
(1199, 5, 19, 20.6, 1, 5, '2023-06-12 00:00:00'),
(1200, 3, 12, 33.3, 4, 7, '2023-06-12 00:00:00'),
(1201, 3, 17, 53.2, 1, 5, '2023-06-17 00:00:00'),
(1202, 3, 8, 25, 4, 11, '2023-06-18 00:00:00'),
(1203, 4, 4, 54.6, 1, 11, '2023-06-04 00:00:00'),
(1204, 5, 16, 24, 3, 4, '2023-06-12 00:00:00'),
(1205, 4, 21, 16.5, 5, 8, '2023-06-18 00:00:00'),
(1206, 3, 21, 58.3, 6, 9, '2023-06-07 00:00:00'),
(1207, 3, 7, 52.9, 1, 8, '2023-06-08 00:00:00'),
(1208, 3, 22, 16.1, 1, 7, '2023-06-03 00:00:00'),
(1209, 4, 8, 17.2, 1, 12, '2023-06-27 00:00:00'),
(1210, 4, 9, 40.9, 4, 14, '2023-06-03 00:00:00'),
(1211, 5, 21, 55.8, 3, 9, '2023-06-20 00:00:00'),
(1212, 5, 11, 28.7, 2, 14, '2023-06-03 00:00:00'),
(1213, 5, 11, 13.8, 6, 6, '2023-06-29 00:00:00'),
(1214, 3, 3, 57.6, 4, 8, '2023-06-14 00:00:00'),
(1215, 4, 4, 36.2, 5, 15, '2023-06-20 00:00:00'),
(1216, 4, 4, 45.2, 4, 7, '2023-06-26 00:00:00'),
(1217, 3, 14, 12.7, 3, 15, '2023-06-22 00:00:00'),
(1218, 5, 19, 32.4, 4, 15, '2023-06-24 00:00:00'),
(1219, 3, 4, 14.4, 2, 5, '2023-06-07 00:00:00'),
(1220, 3, 12, 59.7, 3, 14, '2023-06-12 00:00:00'),
(1221, 3, 1, 52.5, 2, 7, '2023-06-16 00:00:00'),
(1222, 4, 3, 26.8, 5, 4, '2023-06-24 00:00:00'),
(1223, 3, 8, 49.6, 5, 15, '2023-06-06 00:00:00'),
(1224, 3, 21, 57.4, 5, 14, '2023-06-20 00:00:00'),
(1225, 4, 13, 41.6, 1, 13, '2023-06-27 00:00:00'),
(1227, 3, 17, 14.4, 4, 11, '2023-06-25 00:00:00'),
(1228, 3, 3, 59.7, 6, 15, '2023-06-09 00:00:00'),
(1229, 4, 21, 40.9, 3, 10, '2023-06-06 00:00:00'),
(1230, 3, 12, 20.9, 2, 9, '2023-06-29 00:00:00'),
(1231, 3, 9, 36.2, 4, 15, '2023-06-17 00:00:00'),
(1232, 4, 11, 46.3, 3, 6, '2023-06-02 00:00:00'),
(1233, 4, 8, 49.7, 3, 6, '2023-06-10 00:00:00'),
(1234, 4, 19, 43.4, 4, 12, '2023-06-13 00:00:00'),
(1235, 4, 12, 57.1, 5, 13, '2023-06-30 00:00:00'),
(1236, 4, 7, 14.4, 6, 11, '2023-06-01 00:00:00'),
(1237, 4, 12, 22.2, 2, 14, '2023-06-04 00:00:00'),
(1238, 5, 14, 54.7, 3, 9, '2023-06-03 00:00:00'),
(1239, 4, 6, 38.4, 2, 13, '2023-06-14 00:00:00'),
(1240, 3, 1, 36.9, 6, 10, '2023-05-30 00:00:00'),
(1241, 4, 16, 51.2, 1, 12, '2023-05-11 00:00:00'),
(1242, 3, 1, 15.9, 5, 11, '2023-05-28 00:00:00'),
(1243, 5, 15, 51.6, 6, 12, '2023-05-30 00:00:00'),
(1244, 5, 6, 18.4, 4, 15, '2023-05-06 00:00:00'),
(1245, 3, 3, 33.6, 1, 14, '2023-05-11 00:00:00'),
(1246, 3, 2, 48.5, 5, 12, '2023-05-02 00:00:00'),
(1247, 5, 1, 35.2, 4, 5, '2023-05-21 00:00:00'),
(1248, 3, 16, 34.6, 4, 15, '2023-05-03 00:00:00'),
(1249, 3, 6, 44.8, 4, 6, '2023-05-27 00:00:00'),
(1250, 4, 5, 37.4, 1, 11, '2023-05-25 00:00:00'),
(1251, 3, 2, 57, 5, 6, '2023-05-16 00:00:00'),
(1252, 4, 11, 56.2, 1, 11, '2023-05-01 00:00:00'),
(1253, 5, 21, 47.5, 5, 15, '2023-05-04 00:00:00'),
(1254, 5, 19, 26.5, 3, 11, '2023-05-26 00:00:00'),
(1255, 4, 12, 27, 1, 11, '2023-05-03 00:00:00'),
(1256, 4, 14, 54.3, 5, 7, '2023-05-23 00:00:00'),
(1257, 4, 11, 37, 6, 12, '2023-05-03 00:00:00'),
(1258, 4, 11, 51.6, 4, 13, '2023-05-30 00:00:00'),
(1259, 3, 5, 12.3, 5, 6, '2023-05-05 00:00:00'),
(1260, 3, 13, 24.1, 2, 12, '2023-05-26 00:00:00'),
(1261, 4, 7, 16.6, 6, 7, '2023-05-16 00:00:00'),
(1262, 5, 2, 33.2, 5, 12, '2023-05-19 00:00:00'),
(1263, 4, 15, 12.8, 2, 9, '2023-05-11 00:00:00'),
(1264, 5, 19, 12.7, 5, 8, '2023-05-12 00:00:00'),
(1265, 5, 10, 57.8, 6, 10, '2023-05-26 00:00:00'),
(1266, 4, 20, 15.1, 6, 7, '2023-05-22 00:00:00'),
(1267, 5, 17, 57.6, 2, 4, '2023-05-15 00:00:00'),
(1268, 4, 9, 21, 6, 14, '2023-05-01 00:00:00'),
(1269, 3, 1, 31.3, 4, 13, '2023-05-11 00:00:00'),
(1270, 3, 17, 25.4, 2, 11, '2023-05-29 00:00:00'),
(1271, 3, 6, 54.3, 5, 13, '2023-05-15 00:00:00'),
(1272, 5, 2, 26, 3, 8, '2023-05-22 00:00:00'),
(1273, 3, 2, 17.8, 4, 15, '2023-05-03 00:00:00'),
(1274, 5, 8, 16.2, 5, 10, '2023-05-30 00:00:00'),
(1275, 4, 13, 57.5, 6, 9, '2023-05-01 00:00:00'),
(1276, 3, 14, 18.7, 4, 9, '2023-05-29 00:00:00'),
(1277, 5, 8, 56.6, 2, 12, '2023-05-22 00:00:00'),
(1278, 5, 12, 25, 2, 11, '2023-05-24 00:00:00'),
(1279, 4, 18, 58.6, 2, 5, '2023-05-18 00:00:00'),
(1280, 4, 10, 31.5, 1, 4, '2023-05-14 00:00:00'),
(1281, 5, 7, 33.1, 2, 11, '2023-05-08 00:00:00'),
(1282, 4, 19, 27.8, 1, 8, '2023-05-12 00:00:00'),
(1283, 3, 12, 50, 6, 13, '2023-05-04 00:00:00'),
(1284, 3, 18, 53.8, 4, 7, '2023-05-01 00:00:00'),
(1285, 4, 15, 40.1, 2, 11, '2023-05-04 00:00:00'),
(1286, 4, 20, 21.6, 1, 7, '2023-05-25 00:00:00'),
(1287, 4, 14, 57.9, 6, 14, '2023-05-05 00:00:00'),
(1288, 5, 18, 59.9, 1, 4, '2023-05-23 00:00:00'),
(1289, 5, 13, 37.3, 5, 5, '2023-05-17 00:00:00'),
(1290, 4, 6, 25.2, 6, 15, '2023-05-02 00:00:00'),
(1291, 4, 11, 17.7, 4, 11, '2023-05-16 00:00:00'),
(1292, 4, 1, 16.5, 1, 4, '2023-05-21 00:00:00'),
(1293, 3, 6, 53.4, 3, 7, '2023-05-12 00:00:00'),
(1294, 5, 2, 42.9, 2, 15, '2023-05-23 00:00:00'),
(1295, 3, 8, 23.7, 4, 11, '2023-05-01 00:00:00'),
(1296, 3, 5, 29.3, 5, 14, '2023-05-13 00:00:00'),
(1297, 4, 7, 34, 2, 14, '2023-05-11 00:00:00'),
(1298, 5, 18, 54.1, 3, 4, '2023-05-10 00:00:00'),
(1299, 4, 12, 41.9, 5, 4, '2023-05-21 00:00:00'),
(1300, 4, 19, 30.8, 1, 11, '2023-05-26 00:00:00'),
(1301, 3, 10, 24.6, 5, 6, '2023-05-02 00:00:00'),
(1302, 4, 14, 17.5, 3, 15, '2023-05-09 00:00:00'),
(1303, 5, 1, 50.1, 6, 12, '2023-05-29 00:00:00'),
(1304, 5, 2, 53.3, 2, 12, '2023-05-23 00:00:00'),
(1305, 5, 4, 19.8, 6, 12, '2023-05-07 00:00:00'),
(1306, 4, 17, 59, 5, 9, '2023-05-23 00:00:00'),
(1307, 3, 16, 12.5, 2, 7, '2023-05-21 00:00:00'),
(1308, 4, 20, 37.9, 5, 9, '2023-05-10 00:00:00'),
(1309, 3, 9, 53.6, 3, 10, '2023-05-17 00:00:00'),
(1310, 4, 17, 37.9, 3, 6, '2023-05-17 00:00:00'),
(1311, 4, 11, 29.5, 3, 6, '2023-05-15 00:00:00'),
(1312, 5, 18, 34.6, 2, 15, '2023-05-28 00:00:00'),
(1313, 4, 8, 15, 6, 9, '2023-05-11 00:00:00'),
(1314, 3, 22, 30, 1, 14, '2023-05-18 00:00:00'),
(1315, 3, 4, 43.2, 2, 13, '2023-05-14 00:00:00'),
(1316, 5, 1, 55.9, 3, 9, '2023-05-19 00:00:00'),
(1317, 3, 21, 13.7, 1, 11, '2023-05-13 00:00:00'),
(1318, 4, 19, 51.3, 3, 10, '2023-05-10 00:00:00'),
(1319, 5, 7, 34.9, 6, 8, '2023-05-01 00:00:00'),
(1320, 4, 5, 28, 3, 15, '2023-05-27 00:00:00'),
(1321, 5, 2, 14.7, 2, 5, '2023-05-20 00:00:00'),
(1322, 3, 11, 55.8, 6, 6, '2023-05-18 00:00:00'),
(1323, 4, 10, 27.8, 6, 10, '2023-05-10 00:00:00'),
(1324, 4, 2, 21, 1, 4, '2023-05-25 00:00:00'),
(1325, 5, 14, 39.2, 5, 10, '2023-05-01 00:00:00'),
(1326, 3, 8, 54.8, 5, 8, '2023-05-04 00:00:00'),
(1327, 3, 18, 36.9, 1, 15, '2023-05-06 00:00:00'),
(1328, 4, 19, 57.3, 5, 14, '2023-05-09 00:00:00');
INSERT INTO `record_exercise_record` (`sid`, `member_sid`, `exe_type_sid`, `weight`, `sets`, `reps`, `exe_date`) VALUES
(1329, 3, 3, 20, 3, 14, '2023-05-29 00:00:00'),
(1330, 3, 14, 51.3, 2, 14, '2023-05-18 00:00:00'),
(1331, 5, 19, 39.4, 2, 8, '2023-05-25 00:00:00'),
(1332, 4, 22, 43, 3, 7, '2023-05-04 00:00:00'),
(1333, 5, 7, 49, 6, 15, '2023-05-09 00:00:00'),
(1334, 4, 22, 52.8, 4, 11, '2023-05-09 00:00:00'),
(1335, 5, 3, 39.6, 5, 5, '2023-05-19 00:00:00'),
(1336, 5, 9, 54.6, 2, 10, '2023-05-25 00:00:00'),
(1337, 3, 18, 39.6, 6, 9, '2023-05-23 00:00:00'),
(1338, 5, 10, 14.5, 2, 6, '2023-05-25 00:00:00'),
(1339, 3, 20, 59.5, 4, 4, '2023-05-26 00:00:00'),
(1340, 5, 1, 1, 1, 1, '2023-07-23 00:00:00'),
(1388, 5, 3, 55, 3, 2, '2023-09-01 00:00:00'),
(1389, 5, 3, 55, 3, 2, '2023-09-01 00:00:00'),
(1390, 5, 3, 55, 3, 2, '2023-09-01 00:00:00'),
(1391, 5, 3, 55, 3, 2, '2023-09-01 00:00:00'),
(1392, 5, 3, 55, 3, 2, '2023-09-07 00:00:00'),
(1393, 5, 3, 55, 3, 2, '2023-09-07 00:00:00'),
(1394, 5, 3, 55, 3, 2, '2023-09-07 00:00:00'),
(1395, 5, 3, 55, 3, 2, '2023-09-07 00:00:00'),
(1396, 5, 3, 55, 3, 2, '2023-09-07 00:00:00'),
(1397, 5, 3, 55, 3, 2, '2023-09-07 00:00:00'),
(1398, 5, 3, 55, 3, 2, '2023-09-07 00:00:00'),
(1399, 5, 3, 55, 3, 2, '2023-09-07 00:00:00'),
(1400, 5, 3, 55, 3, 2, '2023-09-07 00:00:00'),
(1401, 5, 3, 55, 3, 2, '2023-09-07 00:00:00'),
(1402, 5, 16, 36.7, 6, 5, '2023-09-01 00:00:00'),
(1403, 5, 16, 23.1, 5, 6, '2023-09-01 00:00:00'),
(1404, 5, 9, 43.7, 1, 7, '2023-09-01 00:00:00'),
(1405, 5, 18, 51, 5, 12, '2023-09-01 00:00:00'),
(1406, 5, 16, 36.7, 6, 5, '2023-09-01 00:00:00'),
(1407, 5, 9, 43.7, 1, 7, '2023-09-01 00:00:00'),
(1408, 5, 16, 23.1, 5, 6, '2023-09-01 00:00:00'),
(1409, 5, 18, 51, 5, 12, '2023-09-01 00:00:00'),
(1410, 5, 3, 55, 3, 2, '2023-09-01 00:00:00'),
(1411, 5, 3, 55, 3, 2, '2023-09-01 00:00:00'),
(1412, 5, 3, 55, 3, 2, '2023-09-01 00:00:00'),
(1413, 5, 3, 55, 3, 2, '2023-09-01 00:00:00'),
(1414, 5, 16, 36.7, 6, 5, '2023-09-01 00:00:00'),
(1415, 5, 16, 23.1, 5, 6, '2023-09-01 00:00:00'),
(1416, 5, 9, 43.7, 1, 7, '2023-09-01 00:00:00'),
(1417, 5, 18, 51, 5, 12, '2023-09-01 00:00:00'),
(1418, 5, 16, 36.7, 6, 5, '2023-09-01 00:00:00'),
(1419, 5, 9, 43.7, 1, 7, '2023-09-01 00:00:00'),
(1420, 5, 16, 23.1, 5, 6, '2023-09-01 00:00:00'),
(1421, 5, 18, 51, 5, 12, '2023-09-01 00:00:00'),
(1422, 5, 3, 70, 6, 10, '2023-09-02 00:00:00'),
(1423, 5, 3, 68, 5, 12, '2023-09-02 00:00:00'),
(1424, 5, 2, 123, 4, 13, '2023-09-02 00:00:00'),
(1425, 5, 3, 123, 6, 7, '2023-09-02 00:00:00'),
(1435, 5, 6, 1, 1, 1, '2023-09-15 00:00:00'),
(1436, 5, 16, 36.7, 6, 5, '2023-09-21 00:00:00'),
(1437, 5, 16, 23.1, 5, 6, '2023-09-21 00:00:00'),
(1438, 5, 9, 43.7, 1, 7, '2023-09-21 00:00:00'),
(1439, 5, 18, 51, 5, 12, '2023-09-21 00:00:00'),
(1441, 5, 3, 123, 7, 1, '2023-09-08 00:00:00'),
(1444, 5, 3, 1, 3, 2, '2023-09-22 00:00:00'),
(1453, 5, 3, 2, 2, 2, '2023-09-14 00:00:00'),
(1465, 5, 3, 1, 1, 1, '2023-09-14 00:00:00'),
(1468, 5, 3, 123, 6, 14, '2023-09-22 00:00:00'),
(1473, 5, 16, 42.5, 3, 6, '2023-07-08 00:00:00'),
(1474, 5, 19, 49.5, 2, 10, '2023-07-08 00:00:00'),
(1476, 5, 2, 1, 3, 2, '2023-09-30 00:00:00'),
(1555, 5, 18, 41.1, 5, 6, '2023-07-14 00:00:00'),
(1558, 5, 22, 50.1, 2, 14, '2023-07-15 00:00:00'),
(1561, 5, 4, 55.4, 4, 9, '2023-07-02 00:00:00'),
(1568, 5, 16, 21.4, 5, 9, '2023-07-06 00:00:00'),
(1569, 5, 14, 37.8, 3, 12, '2023-07-06 00:00:00'),
(1570, 5, 13, 51.6, 6, 7, '2023-07-06 00:00:00'),
(1577, 5, 6, 16.3, 2, 7, '2023-07-19 00:00:00'),
(1578, 5, 6, 50, 5, 5, '2023-07-19 00:00:00'),
(1579, 5, 17, 57.5, 4, 13, '2023-07-19 00:00:00'),
(1592, 5, 9, 5, 5, 5, '2023-08-12 00:00:00'),
(1593, 5, 3, 55, 5, 5, '2023-07-16 00:00:00'),
(1594, 5, 5, 42, 2, 11, '2023-07-16 00:00:00'),
(1595, 5, 5, 42, 2, 11, '2023-07-16 00:00:00'),
(1596, 5, 3, 100, 4, 6, '2023-07-16 00:00:00'),
(1597, 5, 3, 77, 3, 4, '2023-07-16 00:00:00'),
(1598, 5, 3, 56, 5, 5, '2023-07-16 00:00:00'),
(1599, 5, 2, 52, 5, 9, '2023-08-07 00:00:00'),
(1600, 5, 1, 46.2, 6, 10, '2023-08-07 00:00:00'),
(1601, 5, 7, 27.9, 1, 10, '2023-08-07 00:00:00'),
(1602, 5, 10, 47.5, 1, 7, '2023-08-07 00:00:00'),
(1603, 5, 11, 40.9, 5, 5, '2023-08-07 00:00:00'),
(1604, 5, 3, 14.6, 4, 11, '2023-08-07 00:00:00'),
(1605, 5, 9, 36.1, 3, 9, '2023-08-07 00:00:00'),
(1606, 5, 18, 33.7, 4, 8, '2023-08-11 00:00:00'),
(1607, 5, 19, 55.7, 1, 10, '2023-08-11 00:00:00'),
(1608, 5, 4, 45.8, 6, 5, '2023-08-11 00:00:00'),
(1609, 5, 12, 56.8, 1, 9, '2023-08-11 00:00:00'),
(1610, 5, 9, 54, 6, 13, '2023-08-11 00:00:00'),
(1611, 5, 2, 55, 6, 6, '2023-08-02 00:00:00'),
(1613, 5, 6, 65, 5, 5, '2023-10-01 00:00:00'),
(1616, 5, 2, 29, 2, 5, '2023-08-05 00:00:00'),
(1617, 5, 2, 27.3, 5, 13, '2023-08-05 00:00:00'),
(1618, 5, 9, 48.8, 1, 9, '2023-08-05 00:00:00');

-- --------------------------------------------------------

--
-- Table structure for table `record_exercise_type`
--

DROP TABLE IF EXISTS `record_exercise_type`;
CREATE TABLE `record_exercise_type` (
  `sid` int(11) NOT NULL,
  `exercise_name` varchar(255) NOT NULL,
  `exercise_description` varchar(255) NOT NULL,
  `exercise_img` varchar(255) DEFAULT NULL,
  `exercise_vid` varchar(255) DEFAULT NULL,
  `frontBackLow` int(11) NOT NULL,
  `status` int(11) NOT NULL DEFAULT '1'
) ENGINE=InnoDB DEFAULT CHARSET=utf8mb4;

--
-- Dumping data for table `record_exercise_type`
--

INSERT INTO `record_exercise_type` (`sid`, `exercise_name`, `exercise_description`, `exercise_img`, `exercise_vid`, `frontBackLow`, `status`) VALUES
(1, '槓鈴深蹲', '雙腳與肩同寬，腳尖朝前。彎曲膝蓋，降低身體直到大腿與地面平行，然後站起來。', '槓鈴深蹲.jpg', 'https://www.youtube.com/embed/gcNh17Ckjgg?start=154', 2, 1),
(2, '槓鈴臥推', '躺在平板凳上，抓住槓鈴使手臂與肩同寬，然後將槓鈴降低到胸前，再推回原位。', '槓鈴臥推.jpg', 'https://www.youtube.com/embed/4Y2ZdHCOXok?start=18', 0, 1),
(3, '槓鈴硬舉', '雙腳與肩同寬，握住槓鈴，然後通過膝蓋和臀部的伸展將重量從地面上抬起。', '槓鈴硬舉.jpg', 'https://www.youtube.com/embed/VL5Ab0T07e4?start=195', 2, 1),
(4, '弓箭步', '一腳向前邁步，降低身體直到兩腿都彎曲成90度，然後向上推起，換另一隻腳重複練習。', '弓箭步.jpg', 'https://www.youtube.com/embed/3XDriUn0udo?start=39', 2, 1),
(5, '引體向上', '以肩同寬握住橫向的懸浮杠，然後拉起身體直到下巴高於橫杆，再降下身體。', '引體向上.jpg', 'https://www.youtube.com/embed/sIvJTfGxdFo?start=219', 1, 1),
(6, '伏地挺身', '從平板支撐的姿勢開始，以肩同寬的手距降低身體，直到胸部碰到地面，然後推回原位。', '伏地挺身.jpg', 'https://www.youtube.com/embed/IODxDxX7oi4', 0, 1),
(7, '啞鈴二頭彎舉', '雙腳與肩同寬，握住一支啞鈴，將其向上彎曲到肩膀，然後降低到原位。', '啞鈴二頭彎舉.jpg', 'https://www.youtube.com/embed/iixND1P2lik', 0, 1),
(8, '三頭肌板凳撐體', '坐在長凳邊緣，雙手握住後方邊緣，然後彎曲肘部降低身體，再推回原位。', '三頭肌板凳撐體.jpg', 'https://www.youtube.com/embed/jdFzYGmvDyg?start=120', 1, 1),
(9, '機器腿推舉', '坐在機器上，腳踏在平台上，然後用腿推開平台，再降低到原位。', '機器腿推舉.jpg', 'https://www.youtube.com/embed/s9-zeWzPUmA', 2, 1),
(10, '三頭纜繩下拉', '坐在設備下面，握住繩子，然後向下拉到手伸直，然後緩慢地返回原位。', '三頭纜繩下拉.jpg', 'https://www.youtube.com/embed/tMyFe-IL7Ks?start=412', 1, 1),
(11, '卷腹', '這是一種腹肌鍛煉，主要鍛煉腹肌。 你平躺在地上，抬起雙腿，收緊腹部，使上半身離地，然後再慢慢放下。 ', '卷腹.jpg', 'https://www.youtube.com/embed/2_e4I-brfqs?start=60', 0, 1),
(12, '啞鈴側平舉', '這是一種鍛煉，主要鍛煉胸部肌肉的鍛煉。 你躺在板凳上，用啞鈴做“V”字型，然後慢慢下放，再向上舉起。 ', '啞鈴側平舉.jpg', 'https://www.youtube.com/embed/v_ZkxWzYnMc?start=56', 1, 1),
(13, '側平板支撐', '這是一種腰腹肌鍛煉，主要鍛煉腹橫肌和腰肌。 你側著身子，用手肘和膝蓋支撐地面，然後使身體離地，維持一定的時間。 ', '側平板支撐.jpg', 'https://www.youtube.com/embed/2_e4I-brfqs?start=210', 1, 1),
(14, '提踵', '這是一種腿部鍛煉，主要鍛煉小腿肌肉。 你站在踏板上，先讓腳跟下降到低點，然後用小腿力量將身體提起來，再慢慢放下。 ', '提踵.jpg', 'https://www.youtube.com/embed/7gguihMNVSE?start=381', 2, 1),
(15, '平板支撐', '這是一種腹肌鍛煉，主要鍛煉腹部肌肉。 你採取仰臥的姿勢，支撐膝蓋和前臂，使身體保持平衡狀態，直到時間結束。 ', '平板支撐.jpg', 'https://www.youtube.com/embed/F-nQ_KJgfCY', 0, 1),
(16, '啞鈴推舉', '這是一種肩部鍛煉，主要鍛煉肩前束和三角肌。 你雙腳併攏站立，將負重啞鈴放在肩膀兩側，用雙手向上推舉，直到臂展完全伸直。 ', '啞鈴推舉.jpg', 'https://www.youtube.com/embed/HzIiNhHhhtA', 0, 1),
(17, '啞鈴俯身划船', '這是一種鍛煉，主要鍛煉背部和手臂的鍛煉。 你俯身，抓住啞鈴，手臂伸直，然後將啞鈴拉向胸部，再慢慢放下。 ', '啞鈴俯身划船.jpg', 'https://www.youtube.com/embed/knB5Q4FN4ck', 1, 1),
(18, '槓鈴肩推', '這是一種肩部鍛煉，主要鍛煉肩前束和三角肌。 你雙腳併攏站立，將槓鈴放在肩膀前方，用雙手向上推舉，直到臂展完全伸直。 ', '槓鈴肩推.jpg', 'https://www.youtube.com/embed/G2qpTG1Eh40', 0, 1),
(19, '窄距伏地挺身', '這是一種鍛煉，主要鍛煉三頭肌的鍛煉。你雙手放在地上，兩手指尖相碰，然後彎曲肘部，使身體向地面靠近，再用三頭肌力量將身體推回到起始位置。', '窄距伏地挺身.jpg', 'https://www.youtube.com/embed/Lz1aFtuNvEQ', 0, 1),
(20, '雙槓撐體', '這是一種鍛煉，主要鍛煉三頭肌的鍛煉。用雙手握住杠桿，將身體向上推，然後彎曲肘部，直到上臂與地面成平行，然後再慢慢放回到起始位置。', '雙槓撐體.jpg', 'https://www.youtube.com/embed/vi1-BOcj3cQ', 0, 1),
(21, '槓鈴直腿硬舉', '如同傳統硬舉一樣，動作起始直接從向心收縮開始，但它臀位更高，且上半身更平行於地面。', '槓鈴直腿硬舉.jpg', 'https://www.youtube.com/embed/CN_7cz3P-1U', 2, 1),
(22, '羅馬椅', '手拿槓片或是徒手的方式，將身體靠在羅馬椅上，確保椅墊約在髖關節的地方。用腿後側與臀部的力量，並注意核心與束脊肌穩定收緊，將上半身往上抬起，讓身體與羅馬椅呈現平行的一直線。', '羅馬椅.jpg', 'https://www.youtube.com/embed/H8Swl1N-uis', 1, 1);

-- --------------------------------------------------------

--
-- Table structure for table `record_exercis_bodyPart_ref`
--

DROP TABLE IF EXISTS `record_exercis_bodyPart_ref`;
CREATE TABLE `record_exercis_bodyPart_ref` (
  `sid` int(11) NOT NULL,
  `exerciseType_sid` int(11) NOT NULL,
  `bodyPart_sid` int(11) NOT NULL
) ENGINE=InnoDB DEFAULT CHARSET=utf8mb4;

--
-- Dumping data for table `record_exercis_bodyPart_ref`
--

INSERT INTO `record_exercis_bodyPart_ref` (`sid`, `exerciseType_sid`, `bodyPart_sid`) VALUES
(1, 1, 4),
(2, 1, 8),
(3, 2, 1),
(4, 2, 11),
(6, 3, 5),
(11, 3, 7),
(5, 3, 8),
(8, 4, 4),
(7, 4, 8),
(10, 5, 6),
(9, 5, 12),
(13, 6, 1),
(12, 6, 2),
(14, 7, 12),
(15, 8, 11),
(16, 9, 4),
(17, 10, 11),
(18, 11, 2),
(19, 12, 3),
(20, 13, 2),
(21, 14, 10),
(22, 15, 2),
(23, 16, 3),
(24, 17, 6),
(26, 19, 1),
(25, 19, 11),
(28, 20, 1),
(27, 20, 11),
(29, 21, 5),
(31, 22, 5),
(30, 22, 8);

-- --------------------------------------------------------

--
-- Stand-in structure for view `record_exe_bodypart_ref`
-- (See below for the actual view)
--
DROP VIEW IF EXISTS `record_exe_bodypart_ref`;
CREATE TABLE `record_exe_bodypart_ref` (
`sid` int(11)
,`exercise_name` varchar(255)
,`bodyPart_name` varchar(255)
);

-- --------------------------------------------------------

--
-- Stand-in structure for view `record_exe_record_ref`
-- (See below for the actual view)
--
DROP VIEW IF EXISTS `record_exe_record_ref`;
CREATE TABLE `record_exe_record_ref` (
`sid` int(11)
,`name` varchar(255)
,`exercise_name` varchar(255)
,`weight` float
,`sets` int(11)
,`reps` int(11)
,`exe_date` datetime
);

-- --------------------------------------------------------

--
-- Table structure for table `record_food_category`
--

DROP TABLE IF EXISTS `record_food_category`;
CREATE TABLE `record_food_category` (
  `sid` int(11) NOT NULL,
  `category_name` varchar(255) NOT NULL
) ENGINE=InnoDB DEFAULT CHARSET=utf8mb4;

--
-- Dumping data for table `record_food_category`
--

INSERT INTO `record_food_category` (`sid`, `category_name`) VALUES
(1, '海鮮'),
(2, '肉類'),
(3, '豆類'),
(4, '米食'),
(5, '奶製品'),
(6, '堅果'),
(7, '蔬菜'),
(8, '蛋'),
(9, '麥類');

-- --------------------------------------------------------

--
-- Stand-in structure for view `record_food_category_ref`
-- (See below for the actual view)
--
DROP VIEW IF EXISTS `record_food_category_ref`;
CREATE TABLE `record_food_category_ref` (
`sid` int(11)
,`food_type` varchar(255)
,`category_name` varchar(255)
);

-- --------------------------------------------------------

--
-- Table structure for table `record_food_type`
--

DROP TABLE IF EXISTS `record_food_type`;
CREATE TABLE `record_food_type` (
  `sid` int(11) NOT NULL,
  `food_type` varchar(255) NOT NULL,
  `food_description` varchar(255) NOT NULL,
  `calories` float NOT NULL,
  `protein` float NOT NULL,
  `unit` enum('100g','100ml') NOT NULL,
  `food_img` varchar(255) DEFAULT NULL,
  `category_sid` int(11) NOT NULL,
  `status` int(11) NOT NULL DEFAULT '1'
) ENGINE=InnoDB DEFAULT CHARSET=utf8mb4;

--
-- Dumping data for table `record_food_type`
--

INSERT INTO `record_food_type` (`sid`, `food_type`, `food_description`, `calories`, `protein`, `unit`, `food_img`, `category_sid`, `status`) VALUES
(11, '雞胸肉', '低脂肪低卡路里的蛋白質來源。', 165, 31, '100g', '雞胸肉.jpg', 2, 1),
(12, '希臘優格', '一種豐富的蛋白質和低卡路里的奶製品。', 73, 10, '100g', '希臘優格.jpg', 5, 1),
(13, '杏仁', '富含健康脂肪，蛋白質和纖維的堅果。', 576, 21, '100g', '杏仁.jpg', 6, 1),
(14, '鮪魚', '高蛋白質和低卡路里的魚類。', 116, 25, '100g', '鮪魚.jpg', 1, 1),
(15, '扁豆', '富含蛋白質和纖維的豆類。', 116, 9, '100g', '扁豆.jpg', 3, 1),
(17, '起司', '富含蛋白質和鈣的牛奶製品', 98, 11, '100g', '起司.jpg', 5, 1),
(18, '蝦', '低卡路里高蛋白質的海鮮。', 99, 20, '100g', '蝦.jpg', 1, 1),
(19, '蛋白', '高蛋白質低卡路里的蛋清。', 52, 11, '100g', '蛋白.jpg', 8, 1),
(20, '脫脂奶', '高蛋白質和各種維生素和礦物質的低脂肪奶製品。', 35, 3.5, '100ml', '脫脂奶.jpg', 5, 1),
(21, '牛肉', '富含蛋白質和鐵質的肉類。', 250, 26, '100g', '牛肉.jpg', 2, 1),
(22, '燕麥片', '富含蛋白質、纖維和碳水化合物的穀物。', 389, 17, '100g', '燕麥片.jpg', 9, 1),
(23, '雞蛋', '含有高品質蛋白質、維生素和礦物質的食物。', 155, 13, '100g', '雞蛋.jpg', 8, 1),
(24, '南瓜子', '富含蛋白質、纖維和健康脂肪的堅果。', 446, 19, '100g', '南瓜子.jpg', 6, 1),
(25, '鴨肉', '富含蛋白質和鐵質的肉類。', 337, 16, '100g', '鴨肉.jpg', 2, 1),
(26, '黑豆', '富含蛋白質、纖維和礦物質的豆類。', 341, 21, '100g', '黑豆.jpg', 3, 1),
(28, '杏仁奶', '富含蛋白質、健康脂肪和維生素的植物性奶。', 56, 1, '100ml', '杏仁奶.jpg', 6, 1),
(29, '豆漿', '富含蛋白質、纖維和維生素的植物性奶。', 45, 3, '100ml', '豆漿.jpg', 3, 1),
(30, '火雞胸肉', '低脂肪低卡路里的蛋白質來源。', 104, 22, '100g', '火雞胸肉.jpg', 2, 1),
(31, '白飯', '以米為原料製作的主食。', 130, 2.7, '100g', '白飯.jpg', 4, 1);

-- --------------------------------------------------------

--
-- Structure for view `record_diet_ref`
--
DROP TABLE IF EXISTS `record_diet_ref`;

DROP VIEW IF EXISTS `record_diet_ref`;
CREATE ALGORITHM=UNDEFINED DEFINER=`root`@`localhost` SQL SECURITY DEFINER VIEW `record_diet_ref`  AS   (select `dr`.`sid` AS `sid`,`mb`.`name` AS `name`,`ft`.`food_type` AS `food_type`,`dr`.`quantity` AS `quantity`,`dr`.`diet_time` AS `diet_time` from ((`record_diet_record` `dr` join `member` `mb`) join `record_food_type` `ft`) where ((`dr`.`member_sid` = `mb`.`sid`) and (`dr`.`food_sid` = `ft`.`sid`)))  ;

-- --------------------------------------------------------

--
-- Structure for view `record_exe_bodypart_ref`
--
DROP TABLE IF EXISTS `record_exe_bodypart_ref`;

DROP VIEW IF EXISTS `record_exe_bodypart_ref`;
CREATE ALGORITHM=UNDEFINED DEFINER=`root`@`localhost` SQL SECURITY DEFINER VIEW `record_exe_bodypart_ref`  AS   (select `ref`.`sid` AS `sid`,`et`.`exercise_name` AS `exercise_name`,`bp`.`bodyPart_name` AS `bodyPart_name` from ((`record_body_part` `bp` join `record_exercise_type` `et`) join `record_exercis_bodypart_ref` `ref`) where ((`bp`.`sid` = `ref`.`bodyPart_sid`) and (`et`.`sid` = `ref`.`exerciseType_sid`)))  ;

-- --------------------------------------------------------

--
-- Structure for view `record_exe_record_ref`
--
DROP TABLE IF EXISTS `record_exe_record_ref`;

DROP VIEW IF EXISTS `record_exe_record_ref`;
CREATE ALGORITHM=UNDEFINED DEFINER=`root`@`localhost` SQL SECURITY DEFINER VIEW `record_exe_record_ref`  AS   (select `er`.`sid` AS `sid`,`mb`.`name` AS `name`,`et`.`exercise_name` AS `exercise_name`,`er`.`weight` AS `weight`,`er`.`sets` AS `sets`,`er`.`reps` AS `reps`,`er`.`exe_date` AS `exe_date` from ((`record_exercise_record` `er` join `member` `mb`) join `record_exercise_type` `et`) where ((`er`.`member_sid` = `mb`.`sid`) and (`er`.`exe_type_sid` = `et`.`sid`)))  ;

-- --------------------------------------------------------

--
-- Structure for view `record_food_category_ref`
--
DROP TABLE IF EXISTS `record_food_category_ref`;

DROP VIEW IF EXISTS `record_food_category_ref`;
CREATE ALGORITHM=UNDEFINED DEFINER=`root`@`localhost` SQL SECURITY DEFINER VIEW `record_food_category_ref`  AS   (select `ft`.`sid` AS `sid`,`ft`.`food_type` AS `food_type`,`fc`.`category_name` AS `category_name` from (`record_food_type` `ft` join `record_food_category` `fc`) where (`ft`.`category_sid` = `fc`.`sid`))  ;

--
-- Indexes for dumped tables
--

--
-- Indexes for table `record_body_part`
--
ALTER TABLE `record_body_part`
  ADD PRIMARY KEY (`sid`),
  ADD UNIQUE KEY `bodyPart_name` (`bodyPart_name`);

--
-- Indexes for table `record_condition`
--
ALTER TABLE `record_condition`
  ADD PRIMARY KEY (`sid`),
  ADD KEY `member` (`member_sid`);

--
-- Indexes for table `record_diet_record`
--
ALTER TABLE `record_diet_record`
  ADD PRIMARY KEY (`sid`),
  ADD KEY `member_sid` (`member_sid`),
  ADD KEY `food_sid` (`food_sid`);

--
-- Indexes for table `record_exercise_record`
--
ALTER TABLE `record_exercise_record`
  ADD PRIMARY KEY (`sid`),
  ADD KEY `exeType_to_exeID` (`exe_type_sid`),
  ADD KEY `member_sid` (`member_sid`);

--
-- Indexes for table `record_exercise_type`
--
ALTER TABLE `record_exercise_type`
  ADD PRIMARY KEY (`sid`),
  ADD UNIQUE KEY `exercise_name` (`exercise_name`),
  ADD UNIQUE KEY `exercise_img` (`exercise_img`),
  ADD UNIQUE KEY `exercise_vid` (`exercise_vid`);

--
-- Indexes for table `record_exercis_bodyPart_ref`
--
ALTER TABLE `record_exercis_bodyPart_ref`
  ADD PRIMARY KEY (`sid`),
  ADD UNIQUE KEY `exerciseType_sid` (`exerciseType_sid`,`bodyPart_sid`),
  ADD KEY `bodyPart_sid` (`bodyPart_sid`);

--
-- Indexes for table `record_food_category`
--
ALTER TABLE `record_food_category`
  ADD PRIMARY KEY (`sid`);

--
-- Indexes for table `record_food_type`
--
ALTER TABLE `record_food_type`
  ADD PRIMARY KEY (`sid`),
  ADD UNIQUE KEY `food_type` (`food_type`),
  ADD UNIQUE KEY `food_img` (`food_img`);

--
-- AUTO_INCREMENT for dumped tables
--

--
-- AUTO_INCREMENT for table `record_body_part`
--
ALTER TABLE `record_body_part`
  MODIFY `sid` int(11) NOT NULL AUTO_INCREMENT, AUTO_INCREMENT=13;

--
-- AUTO_INCREMENT for table `record_condition`
--
ALTER TABLE `record_condition`
  MODIFY `sid` int(11) NOT NULL AUTO_INCREMENT, AUTO_INCREMENT=178;

--
-- AUTO_INCREMENT for table `record_diet_record`
--
ALTER TABLE `record_diet_record`
  MODIFY `sid` int(11) NOT NULL AUTO_INCREMENT, AUTO_INCREMENT=293;

--
-- AUTO_INCREMENT for table `record_exercise_record`
--
ALTER TABLE `record_exercise_record`
  MODIFY `sid` int(11) NOT NULL AUTO_INCREMENT, AUTO_INCREMENT=1619;

--
-- AUTO_INCREMENT for table `record_exercise_type`
--
ALTER TABLE `record_exercise_type`
  MODIFY `sid` int(11) NOT NULL AUTO_INCREMENT, AUTO_INCREMENT=23;

--
-- AUTO_INCREMENT for table `record_exercis_bodyPart_ref`
--
ALTER TABLE `record_exercis_bodyPart_ref`
  MODIFY `sid` int(11) NOT NULL AUTO_INCREMENT, AUTO_INCREMENT=32;

--
-- AUTO_INCREMENT for table `record_food_category`
--
ALTER TABLE `record_food_category`
  MODIFY `sid` int(11) NOT NULL AUTO_INCREMENT, AUTO_INCREMENT=10;

--
-- AUTO_INCREMENT for table `record_food_type`
--
ALTER TABLE `record_food_type`
  MODIFY `sid` int(11) NOT NULL AUTO_INCREMENT, AUTO_INCREMENT=32;

--
-- Constraints for dumped tables
--

--
-- Constraints for table `record_condition`
--
ALTER TABLE `record_condition`
  ADD CONSTRAINT `member` FOREIGN KEY (`member_sid`) REFERENCES `member` (`sid`);

--
-- Constraints for table `record_diet_record`
--
ALTER TABLE `record_diet_record`
  ADD CONSTRAINT `record_diet_record_ibfk_1` FOREIGN KEY (`member_sid`) REFERENCES `member` (`sid`),
  ADD CONSTRAINT `record_diet_record_ibfk_2` FOREIGN KEY (`food_sid`) REFERENCES `record_food_type` (`sid`);

--
-- Constraints for table `record_exercise_record`
--
ALTER TABLE `record_exercise_record`
  ADD CONSTRAINT `exeType_to_exeID` FOREIGN KEY (`exe_type_sid`) REFERENCES `record_exercise_type` (`sid`),
  ADD CONSTRAINT `record_exercise_record_ibfk_1` FOREIGN KEY (`member_sid`) REFERENCES `member` (`sid`);

--
-- Constraints for table `record_exercis_bodyPart_ref`
--
ALTER TABLE `record_exercis_bodyPart_ref`
  ADD CONSTRAINT `record_exercis_bodypart_ref_ibfk_1` FOREIGN KEY (`bodyPart_sid`) REFERENCES `record_body_part` (`sid`),
  ADD CONSTRAINT `record_exercis_bodypart_ref_ibfk_2` FOREIGN KEY (`exerciseType_sid`) REFERENCES `record_exercise_type` (`sid`);
COMMIT;

/*!40101 SET CHARACTER_SET_CLIENT=@OLD_CHARACTER_SET_CLIENT */;
/*!40101 SET CHARACTER_SET_RESULTS=@OLD_CHARACTER_SET_RESULTS */;
/*!40101 SET COLLATION_CONNECTION=@OLD_COLLATION_CONNECTION */;
