-- phpMyAdmin SQL Dump
-- version 5.1.2
-- https://www.phpmyadmin.net/
--
-- Host: localhost:3306
-- Generation Time: May 19, 2023 at 09:15 AM
-- Server version: 5.7.24
-- PHP Version: 8.0.1

SET SQL_MODE = "NO_AUTO_VALUE_ON_ZERO";
START TRANSACTION;
SET time_zone = "+00:00";


/*!40101 SET @OLD_CHARACTER_SET_CLIENT=@@CHARACTER_SET_CLIENT */;
/*!40101 SET @OLD_CHARACTER_SET_RESULTS=@@CHARACTER_SET_RESULTS */;
/*!40101 SET @OLD_COLLATION_CONNECTION=@@COLLATION_CONNECTION */;
/*!40101 SET NAMES utf8mb4 */;

--
-- Database: `shoppingcart`
--
DROP TABLE IF EXISTS `order_cart`;
DROP TABLE IF EXISTS `order_detail`;
DROP TABLE IF EXISTS `order_main`;
DROP TABLE IF EXISTS `order_method`;
DROP TABLE IF EXISTS `order_payment`;
-- --------------------------------------------------------

--
-- Table structure for table `order_cart`
--

CREATE TABLE `order_cart` (
  `sid` int(11) NOT NULL,
  `member_sid` int(11) NOT NULL,
  `products_type_sid` int(11) NOT NULL,
  `item_sid` int(11) NOT NULL,
  `price` varchar(255) NOT NULL,
  `quantity` varchar(255) NOT NULL,
  `amount` varchar(255) NOT NULL,
  `created_at` datetime NOT NULL
) ENGINE=InnoDB DEFAULT CHARSET=utf8;

--
-- Dumping data for table `order_cart`
--

INSERT INTO `order_cart` (`sid`, `member_sid`, `products_type_sid`, `item_sid`, `price`, `quantity`, `amount`, `created_at`) VALUES
(45, 135, 1, 6, '1200', '1', '1200', '2023-05-18 10:06:55'),
(46, 320, 2, 2, '400', '5', '2000', '2011-01-20 14:10:15'),
(47, 502, 4, 8, '2000', '10', '20000', '2020-10-11 08:17:24'),
(48, 94, 2, 4, '1500', '4', '6000', '2010-04-18 20:03:41'),
(50, 204, 2, 7, '900', '10', '9000', '2010-01-27 23:13:40'),
(51, 331, 1, 7, '2000', '1', '2000', '2013-07-22 10:00:07'),
(53, 38, 2, 8, '1300', '4', '5200', '2013-07-03 18:54:52'),
(55, 609, 2, 1, '800', '8', '6400', '2020-11-18 19:42:19'),
(56, 625, 2, 6, '1700', '2', '3400', '2017-03-05 03:22:58'),
(57, 490, 3, 8, '600', '5', '3000', '2021-01-13 21:41:19'),
(58, 372, 4, 8, '100', '1', '100', '2021-09-18 06:42:51'),
(59, 424, 2, 5, '300', '8', '2400', '2020-02-13 07:17:06'),
(60, 369, 4, 7, '2000', '7', '14000', '2023-02-07 20:27:16'),
(61, 9, 2, 9, '500', '8', '4000', '2012-12-20 10:07:17'),
(62, 550, 4, 6, '1800', '3', '5400', '2020-01-25 15:35:55'),
(63, 240, 2, 4, '200', '2', '400', '2019-03-12 14:37:05'),
(64, 30, 4, 9, '700', '2', '1400', '2018-01-12 02:54:22'),
(65, 138, 2, 5, '800', '1', '800', '2017-10-02 23:37:55'),
(66, 239, 2, 6, '1400', '1', '1400', '2012-09-18 05:06:47'),
(67, 218, 1, 4, '1200', '1', '1200', '2023-04-21 03:54:02'),
(68, 437, 4, 9, '700', '6', '4200', '2013-02-14 00:02:52'),
(69, 624, 3, 7, '1700', '7', '11900', '2014-04-25 04:04:36'),
(70, 169, 2, 4, '500', '7', '3500', '2021-09-01 08:34:47'),
(71, 3, 2, 1, '700', '7', '4900', '2014-02-05 00:48:23'),
(72, 541, 2, 6, '200', '1', '200', '2011-10-15 18:01:24'),
(73, 285, 3, 10, '100', '9', '900', '2019-09-16 23:46:00'),
(74, 502, 2, 10, '1800', '8', '14400', '2019-02-09 10:09:22'),
(75, 616, 1, 5, '1400', '1', '1400', '2011-04-09 13:17:35'),
(76, 385, 4, 10, '400', '8', '3200', '2019-12-02 12:40:45'),
(77, 129, 3, 2, '1400', '8', '11200', '2018-11-17 09:29:43'),
(78, 623, 3, 3, '1300', '4', '5200', '2012-06-12 17:54:27'),
(79, 79, 4, 3, '1100', '4', '4400', '2014-10-27 14:08:32'),
(80, 299, 3, 5, '1100', '9', '9900', '2021-05-05 11:55:34'),
(81, 275, 3, 7, '800', '2', '1600', '2010-06-21 23:32:07'),
(82, 75, 2, 10, '700', '9', '6300', '2020-12-16 01:36:27'),
(83, 394, 1, 6, '1200', '1', '1200', '2020-04-05 10:06:08'),
(84, 590, 3, 1, '1700', '5', '8500', '2010-06-12 09:27:35'),
(85, 159, 3, 5, '600', '9', '5400', '2010-07-07 18:23:56'),
(86, 38, 2, 10, '2000', '5', '10000', '2021-04-24 12:02:33'),
(87, 226, 2, 9, '700', '5', '3500', '2018-09-05 09:06:52'),
(88, 500, 4, 7, '1200', '1', '1200', '2013-08-14 08:42:14'),
(89, 192, 2, 3, '1000', '5', '5000', '2020-05-22 22:36:10'),
(90, 567, 2, 5, '1000', '4', '4000', '2012-02-06 17:57:04'),
(91, 587, 2, 8, '1900', '3', '5700', '2020-02-06 06:28:49'),
(92, 300, 1, 10, '2500', '1', '2500', '2014-10-27 21:43:28'),
(93, 561, 1, 8, '3000', '1', '3000', '2023-05-12 05:25:23'),
(94, 562, 1, 9, '3500', '1', '3500', '2018-02-13 15:24:25'),
(95, 42, 1, 10, '2500', '1', '2500', '2019-02-12 12:26:28'),
(96, 177, 1, 7, '2000', '1', '2000', '2011-06-17 00:50:48'),
(97, 500, 2, 2, '700', '5', '3500', '2012-01-22 08:40:13'),
(98, 125, 1, 9, '3500', '1', '3500', '2021-11-12 10:53:46'),
(99, 481, 4, 2, '600', '4', '2400', '2015-01-28 13:36:20'),
(100, 601, 3, 7, '200', '10', '2000', '2021-03-04 04:44:19'),
(101, 350, 2, 6, '1400', '1', '1400', '2022-07-03 11:23:24'),
(102, 102, 3, 1, '500', '4', '2000', '2011-03-22 16:49:26'),
(103, 492, 2, 5, '1700', '1', '1700', '2022-07-20 09:30:32'),
(104, 7, 3, 10, '1400', '7', '9800', '2013-06-03 06:03:04'),
(105, 623, 3, 2, '300', '6', '1800', '2022-03-30 18:29:33'),
(106, 595, 1, 5, '1400', '1', '1400', '2013-06-07 02:13:21'),
(107, 543, 1, 7, '2000', '1', '2000', '2022-01-10 13:28:14'),
(108, 591, 2, 8, '300', '10', '3000', '2016-10-07 06:28:07'),
(109, 304, 1, 2, '2300', '1', '2300', '2017-07-23 13:12:34'),
(110, 61, 1, 4, '1200', '1', '1200', '2021-12-24 07:04:00'),
(111, 406, 2, 7, '100', '2', '200', '2015-11-11 14:02:10'),
(112, 561, 2, 6, '400', '1', '400', '2015-06-10 17:28:44'),
(113, 86, 2, 2, '800', '3', '2400', '2017-12-20 07:11:52'),
(114, 174, 2, 3, '1800', '7', '12600', '2015-10-25 20:43:08'),
(115, 92, 2, 7, '800', '6', '4800', '2019-12-07 12:12:10'),
(116, 397, 4, 5, '2000', '1', '2000', '2016-07-15 10:03:39'),
(117, 407, 1, 10, '2500', '1', '2500', '2011-02-25 09:05:03'),
(118, 574, 1, 5, '1400', '1', '1400', '2013-08-18 12:09:48'),
(119, 415, 2, 1, '200', '3', '600', '2019-08-14 10:00:03'),
(120, 576, 4, 4, '200', '3', '600', '2021-02-27 21:06:35'),
(121, 59, 3, 8, '1800', '7', '12600', '2012-05-11 06:40:46'),
(122, 469, 4, 9, '400', '10', '4000', '2010-04-09 22:41:47'),
(123, 24, 4, 2, '600', '2', '1200', '2010-07-18 21:30:21'),
(124, 95, 3, 10, '1200', '2', '2400', '2023-04-24 09:48:27'),
(125, 491, 4, 4, '1500', '3', '4500', '2023-05-07 07:13:45'),
(126, 300, 3, 10, '600', '6', '3600', '2012-09-14 11:53:44'),
(127, 301, 4, 10, '1200', '2', '2400', '2015-07-26 09:45:37'),
(128, 586, 2, 6, '200', '2', '400', '2012-04-03 02:56:53'),
(129, 344, 1, 7, '2000', '1', '2000', '2021-02-22 07:33:24'),
(130, 48, 4, 8, '1300', '8', '10400', '2022-06-17 20:39:00'),
(131, 547, 1, 6, '1200', '1', '1200', '2012-02-17 15:03:38'),
(132, 9, 2, 7, '500', '9', '4500', '2017-06-23 21:22:59'),
(133, 118, 3, 6, '2000', '10', '20000', '2022-08-07 02:39:56'),
(134, 423, 2, 7, '1600', '8', '12800', '2019-09-26 22:15:32'),
(135, 535, 1, 3, '2499', '1', '2499', '2019-08-08 01:39:58'),
(136, 91, 4, 7, '300', '2', '600', '2023-02-11 18:15:44'),
(137, 343, 3, 1, '1600', '4', '6400', '2019-11-30 13:38:24'),
(138, 498, 4, 3, '600', '6', '3600', '2020-07-23 00:29:40'),
(139, 496, 4, 2, '500', '9', '4500', '2012-05-19 16:58:16'),
(140, 215, 3, 7, '1200', '2', '2400', '2019-01-28 08:40:24'),
(141, 194, 4, 5, '1500', '1', '1500', '2022-12-16 08:38:01'),
(142, 440, 1, 10, '2500', '1', '2500', '2020-03-13 12:20:51'),
(143, 198, 3, 5, '200', '4', '800', '2019-09-10 18:24:26'),
(144, 334, 3, 5, '1900', '4', '7600', '2011-11-13 10:00:42'),
(145, 337, 2, 6, '600', '5', '3000', '2010-10-20 13:59:35'),
(146, 614, 1, 6, '1200', '1', '1200', '2018-07-04 17:11:55'),
(147, 522, 2, 2, '200', '2', '400', '2020-04-30 09:13:53'),
(148, 459, 2, 7, '2000', '1', '2000', '2016-12-28 16:19:51'),
(149, 120, 2, 3, '1900', '9', '17100', '2012-08-17 11:42:44'),
(150, 262, 2, 1, '400', '4', '1600', '2015-11-01 11:43:39'),
(151, 454, 1, 10, '2500', '1', '2500', '2011-05-04 23:22:49'),
(152, 336, 3, 10, '1000', '8', '8000', '2021-08-11 01:33:09'),
(153, 571, 2, 5, '200', '3', '600', '2020-01-27 21:37:28'),
(154, 575, 4, 5, '1400', '6', '8400', '2021-07-28 21:31:58'),
(155, 256, 3, 6, '1000', '5', '5000', '2015-10-21 11:26:35'),
(156, 562, 3, 8, '400', '7', '2800', '2010-10-07 05:35:48'),
(157, 260, 2, 8, '200', '6', '1200', '2021-05-08 17:08:29'),
(158, 186, 4, 10, '600', '1', '600', '2012-07-13 04:42:02'),
(159, 203, 3, 1, '800', '9', '7200', '2016-10-17 06:46:35'),
(160, 580, 1, 4, '1200', '1', '1200', '2012-04-18 22:17:39'),
(161, 513, 3, 6, '1500', '8', '12000', '2014-10-20 05:44:42'),
(162, 289, 1, 8, '3000', '1', '3000', '2020-04-24 05:29:19'),
(163, 604, 4, 7, '2000', '4', '8000', '2010-04-07 09:26:20'),
(164, 94, 3, 7, '1100', '3', '3300', '2020-10-24 21:08:00'),
(165, 478, 2, 10, '1000', '6', '6000', '2021-03-27 11:32:00'),
(167, 400, 3, 4, '1100', '2', '2200', '2010-12-02 10:57:34'),
(168, 504, 3, 8, '900', '8', '7200', '2018-07-19 15:46:14'),
(169, 562, 4, 4, '500', '2', '1000', '2020-06-15 03:34:27'),
(170, 606, 3, 4, '100', '8', '800', '2012-01-12 03:22:32'),
(171, 394, 1, 3, '2499', '1', '2499', '2017-06-08 20:38:31'),
(172, 177, 1, 8, '3000', '1', '3000', '2017-04-18 23:10:31'),
(173, 255, 4, 2, '1300', '5', '6500', '2013-07-11 06:04:39'),
(174, 497, 2, 7, '700', '8', '5600', '2016-06-02 03:55:31'),
(175, 182, 3, 9, '900', '6', '5400', '2014-04-23 15:46:12'),
(176, 80, 4, 5, '1500', '4', '6000', '2021-07-10 14:58:15'),
(177, 299, 4, 5, '700', '7', '4900', '2015-02-14 10:30:19'),
(178, 32, 2, 4, '1200', '4', '4800', '2021-08-28 01:50:21'),
(179, 143, 1, 1, '2500', '1', '2500', '2011-01-24 18:38:02'),
(180, 26, 3, 8, '900', '3', '2700', '2010-06-20 12:38:42'),
(181, 422, 3, 8, '2000', '8', '16000', '2012-11-18 10:20:12'),
(182, 393, 3, 4, '800', '6', '4800', '2012-03-04 23:22:44'),
(183, 464, 1, 5, '1400', '1', '1400', '2011-08-05 04:27:26'),
(184, 122, 4, 10, '1200', '9', '10800', '2017-05-24 19:00:15'),
(185, 74, 1, 6, '1200', '1', '1200', '2017-01-21 05:53:49'),
(186, 482, 3, 9, '900', '10', '9000', '2021-03-09 21:54:46'),
(187, 418, 3, 9, '1300', '6', '7800', '2014-04-14 12:50:21'),
(188, 216, 4, 7, '1100', '4', '4400', '2011-12-21 08:38:09'),
(189, 402, 4, 9, '1700', '1', '1700', '2021-09-05 13:38:51'),
(190, 544, 2, 5, '1600', '3', '4800', '2020-11-07 23:11:58'),
(191, 89, 2, 2, '400', '2', '800', '2015-10-13 04:09:20'),
(192, 307, 1, 10, '2500', '1', '2500', '2018-08-25 02:18:06'),
(193, 481, 3, 4, '500', '5', '2500', '2018-07-23 06:43:01'),
(194, 122, 3, 5, '1100', '3', '3300', '2015-12-02 14:36:22'),
(195, 476, 2, 6, '1400', '9', '12600', '2016-10-14 05:33:07'),
(196, 387, 3, 5, '1000', '1', '1000', '2022-01-26 07:18:16'),
(197, 82, 3, 7, '500', '4', '2000', '2018-02-11 03:59:43'),
(198, 296, 4, 8, '2000', '8', '16000', '2017-12-21 14:23:14'),
(199, 217, 3, 9, '1000', '10', '10000', '2012-04-19 17:47:23'),
(200, 554, 3, 4, '1800', '2', '3600', '2023-02-21 00:19:07'),
(201, 96, 1, 6, '1200', '1', '1200', '2014-06-25 02:16:31'),
(202, 292, 4, 6, '2000', '4', '8000', '2019-06-27 18:25:24'),
(203, 389, 1, 8, '3000', '1', '3000', '2016-07-02 16:50:38'),
(204, 543, 2, 5, '100', '2', '200', '2013-09-29 22:38:28'),
(205, 445, 2, 9, '700', '3', '2100', '2014-01-01 09:44:04'),
(206, 22, 1, 10, '2500', '1', '2500', '2017-04-09 19:57:45'),
(207, 139, 3, 9, '1600', '2', '3200', '2019-06-20 15:14:51'),
(208, 540, 3, 2, '1000', '6', '6000', '2022-08-21 05:22:21'),
(209, 192, 3, 7, '200', '3', '600', '2014-12-09 07:28:27'),
(210, 619, 1, 6, '1200', '1', '1200', '2018-09-02 23:18:16'),
(211, 56, 3, 6, '700', '10', '7000', '2019-11-05 02:50:49'),
(212, 45, 3, 10, '100', '3', '300', '2011-12-03 16:10:13'),
(213, 417, 3, 7, '300', '5', '1500', '2013-11-07 08:43:23'),
(214, 332, 4, 7, '2000', '3', '6000', '2016-12-12 05:15:03'),
(215, 49, 2, 1, '1900', '3', '5700', '2021-12-23 14:46:26'),
(216, 314, 3, 2, '1300', '7', '9100', '2019-08-14 17:15:46'),
(217, 121, 4, 6, '1700', '7', '11900', '2018-05-16 10:26:22'),
(218, 597, 1, 4, '1200', '1', '1200', '2012-02-04 15:47:45'),
(219, 475, 4, 10, '1800', '1', '1800', '2011-09-13 05:52:13'),
(220, 7, 2, 6, '1300', '9', '11700', '2014-08-08 07:15:49'),
(221, 449, 1, 1, '2500', '1', '2500', '2015-09-05 21:34:24'),
(222, 3, 4, 10, '1700', '3', '5100', '2020-09-07 02:21:43'),
(223, 196, 3, 5, '2000', '7', '14000', '2010-06-20 11:06:16'),
(224, 337, 2, 2, '1800', '10', '18000', '2010-10-26 09:46:50'),
(225, 335, 3, 9, '1300', '10', '13000', '2013-05-06 21:24:07'),
(226, 363, 2, 6, '300', '6', '1800', '2022-03-20 13:25:14'),
(227, 528, 1, 7, '2000', '1', '2000', '2015-03-19 20:38:00'),
(228, 400, 3, 7, '800', '4', '3200', '2013-06-26 11:33:09'),
(229, 304, 3, 6, '1200', '7', '8400', '2015-05-13 20:42:24'),
(230, 367, 1, 4, '1200', '1', '1200', '2010-09-10 07:28:13'),
(231, 471, 2, 9, '600', '4', '2400', '2018-12-18 12:08:13'),
(232, 99, 2, 10, '100', '7', '700', '2020-02-15 14:19:44'),
(233, 81, 3, 5, '900', '4', '3600', '2021-11-05 06:41:41'),
(234, 504, 2, 3, '1900', '8', '15200', '2019-12-06 02:24:46'),
(235, 256, 1, 9, '3500', '1', '3500', '2023-02-13 16:11:35'),
(236, 182, 4, 3, '1100', '8', '8800', '2018-11-26 19:03:39'),
(237, 498, 2, 6, '1000', '7', '7000', '2012-12-22 05:05:49'),
(238, 193, 4, 1, '1800', '5', '9000', '2018-07-09 09:01:14'),
(239, 283, 4, 3, '100', '5', '500', '2012-09-22 14:13:18'),
(240, 184, 2, 10, '1600', '10', '16000', '2014-09-10 13:29:59'),
(241, 298, 3, 2, '400', '2', '800', '2012-10-14 07:21:28'),
(242, 371, 2, 9, '1100', '5', '5500', '2011-07-14 14:26:38'),
(243, 199, 3, 8, '700', '4', '2800', '2012-03-07 15:30:03'),
(244, 494, 1, 8, '3000', '1', '3000', '2018-05-21 02:16:29'),
(245, 332, 2, 1, '500', '6', '3000', '2013-12-10 05:19:15'),
(246, 579, 3, 2, '1600', '7', '11200', '2016-07-12 22:16:03'),
(247, 333, 2, 3, '1700', '2', '3400', '2020-09-11 15:51:03'),
(248, 432, 2, 9, '1600', '3', '4800', '2011-04-18 02:36:56'),
(249, 366, 2, 1, '1200', '9', '10800', '2014-06-09 05:21:53'),
(250, 113, 1, 10, '2500', '1', '2500', '2017-04-12 10:01:25'),
(251, 89, 2, 8, '2000', '7', '14000', '2014-05-08 23:31:46'),
(252, 616, 3, 5, '800', '9', '7200', '2018-07-21 02:45:33'),
(253, 453, 2, 5, '800', '8', '6400', '2021-04-29 22:47:21'),
(254, 251, 1, 10, '2500', '1', '2500', '2011-10-17 22:06:32'),
(255, 52, 3, 9, '1400', '2', '2800', '2019-01-24 23:12:23'),
(256, 328, 3, 8, '1700', '4', '6800', '2013-02-08 09:11:31'),
(257, 234, 4, 2, '400', '2', '800', '2020-10-24 02:25:25'),
(258, 558, 1, 1, '2500', '1', '2500', '2012-04-19 03:22:07'),
(259, 455, 1, 2, '2300', '1', '2300', '2020-06-26 23:01:27'),
(260, 325, 1, 2, '2300', '1', '2300', '2012-08-15 03:56:21'),
(261, 106, 2, 9, '400', '1', '400', '2022-11-07 14:00:38'),
(262, 82, 1, 4, '1200', '1', '1200', '2017-01-01 04:58:29'),
(263, 337, 2, 8, '700', '8', '5600', '2022-01-24 07:23:32'),
(264, 129, 4, 1, '1300', '7', '9100', '2021-04-03 09:37:23'),
(265, 288, 1, 1, '2500', '1', '2500', '2011-06-12 10:47:05'),
(266, 504, 1, 1, '2500', '1', '2500', '2012-11-18 13:17:20'),
(267, 171, 3, 1, '1700', '7', '11900', '2012-07-14 06:41:21'),
(268, 371, 2, 8, '1900', '4', '7600', '2018-04-01 14:02:51'),
(269, 109, 2, 1, '1600', '1', '1600', '2022-10-10 19:38:19'),
(270, 437, 3, 9, '1100', '1', '1100', '2017-11-20 13:31:17'),
(271, 177, 3, 2, '800', '8', '6400', '2021-07-27 11:39:40'),
(272, 395, 3, 8, '1300', '6', '7800', '2015-12-29 17:12:37'),
(273, 415, 2, 8, '1400', '4', '5600', '2016-11-20 13:15:51'),
(274, 467, 4, 1, '1300', '7', '9100', '2012-06-23 14:56:00'),
(275, 165, 2, 6, '1400', '5', '7000', '2010-02-15 20:06:34'),
(276, 435, 4, 10, '1000', '5', '5000', '2020-02-07 10:17:50'),
(277, 625, 2, 1, '100', '6', '600', '2019-05-29 05:47:19'),
(278, 460, 4, 3, '1800', '9', '16200', '2021-01-06 17:00:17'),
(279, 383, 1, 4, '1200', '1', '1200', '2021-09-15 04:40:23'),
(280, 247, 3, 9, '2000', '6', '12000', '2017-01-31 18:33:02'),
(281, 395, 2, 8, '1000', '1', '1000', '2015-02-06 04:53:31'),
(282, 542, 4, 3, '500', '9', '4500', '2011-12-19 20:59:45'),
(283, 607, 1, 8, '3000', '1', '3000', '2017-12-12 04:32:13'),
(284, 576, 4, 8, '700', '5', '3500', '2013-03-02 19:15:21'),
(285, 516, 1, 10, '2500', '1', '2500', '2020-09-11 00:12:26'),
(286, 6, 4, 6, '100', '7', '700', '2010-02-27 01:13:04'),
(287, 526, 1, 8, '3000', '1', '3000', '2013-05-02 16:47:16'),
(288, 252, 1, 8, '3000', '1', '3000', '2012-09-13 11:43:11'),
(289, 580, 4, 10, '500', '9', '4500', '2019-09-29 19:10:22'),
(290, 287, 1, 5, '1400', '1', '1400', '2015-09-10 08:34:49'),
(291, 294, 3, 7, '800', '10', '8000', '2015-08-20 21:46:45'),
(292, 270, 4, 10, '600', '7', '4200', '2017-03-27 01:35:40'),
(293, 336, 4, 1, '1300', '4', '5200', '2010-03-30 07:15:14'),
(294, 190, 3, 6, '1700', '8', '13600', '2015-05-17 06:53:16'),
(295, 206, 2, 4, '1700', '7', '11900', '2013-03-16 18:45:29'),
(296, 474, 2, 5, '400', '6', '2400', '2017-01-26 09:11:17'),
(297, 347, 1, 6, '1200', '1', '1200', '2014-05-15 21:56:54'),
(298, 146, 3, 5, '1600', '6', '9600', '2016-06-14 10:31:19'),
(299, 146, 1, 10, '2500', '1', '2500', '2013-07-23 20:29:00'),
(300, 363, 2, 6, '500', '4', '2000', '2023-01-12 23:57:12'),
(301, 618, 1, 3, '2499', '1', '2499', '2015-11-11 23:37:55'),
(302, 100, 2, 9, '500', '3', '1500', '2010-11-19 10:14:40'),
(303, 549, 1, 8, '3000', '1', '3000', '2023-03-31 19:09:25'),
(304, 494, 4, 7, '400', '10', '4000', '2020-02-29 04:00:56'),
(305, 440, 1, 2, '2300', '1', '2300', '2022-11-02 09:57:24'),
(306, 117, 3, 2, '600', '8', '4800', '2021-01-29 13:38:18'),
(307, 390, 4, 6, '2000', '9', '18000', '2016-08-25 02:30:35'),
(308, 94, 4, 8, '1900', '3', '5700', '2017-02-08 19:35:58'),
(309, 192, 2, 8, '700', '10', '7000', '2019-05-12 01:51:41'),
(310, 393, 1, 5, '1400', '1', '1400', '2013-12-12 20:56:54'),
(311, 293, 1, 8, '3000', '1', '3000', '2010-09-21 19:42:46'),
(312, 467, 4, 5, '200', '1', '200', '2023-03-08 15:25:55'),
(313, 463, 3, 5, '2000', '8', '16000', '2012-03-05 20:11:33'),
(314, 545, 1, 2, '2300', '1', '2300', '2014-12-27 08:44:40'),
(315, 229, 4, 1, '1600', '8', '12800', '2018-09-06 01:44:22'),
(316, 577, 2, 9, '600', '10', '6000', '2011-10-07 00:24:15'),
(317, 237, 1, 8, '3000', '1', '3000', '2014-11-24 05:51:08'),
(318, 307, 2, 8, '400', '5', '2000', '2021-09-09 11:43:36'),
(319, 185, 3, 9, '1900', '1', '1900', '2022-05-02 08:05:50'),
(320, 344, 3, 7, '1700', '4', '6800', '2014-10-03 19:57:21'),
(321, 296, 1, 6, '1200', '1', '1200', '2017-02-18 15:08:11'),
(322, 223, 1, 4, '1200', '1', '1200', '2014-03-01 21:07:12'),
(323, 451, 2, 8, '900', '9', '8100', '2014-04-22 18:36:20'),
(324, 116, 4, 7, '700', '10', '7000', '2015-03-11 02:42:20'),
(325, 554, 1, 9, '3500', '1', '3500', '2019-04-20 15:04:27'),
(326, 32, 1, 6, '1200', '1', '1200', '2023-01-15 08:22:12'),
(327, 71, 2, 9, '2000', '9', '18000', '2011-01-25 04:01:22'),
(328, 416, 3, 4, '600', '4', '2400', '2010-06-03 14:58:51'),
(329, 138, 1, 5, '1400', '1', '1400', '2020-11-01 15:36:08'),
(330, 533, 1, 4, '1200', '1', '1200', '2018-05-30 17:51:38'),
(331, 228, 3, 10, '900', '8', '7200', '2021-12-14 16:09:59'),
(332, 307, 4, 10, '1400', '2', '2800', '2013-05-23 05:01:51'),
(333, 130, 4, 6, '1500', '10', '15000', '2019-02-14 18:30:36'),
(334, 450, 1, 2, '2300', '1', '2300', '2016-11-24 14:14:45'),
(335, 429, 4, 10, '1500', '1', '1500', '2013-12-20 19:29:46'),
(336, 480, 1, 3, '2499', '1', '2499', '2014-10-05 20:54:48'),
(337, 559, 1, 1, '2500', '1', '2500', '2015-02-23 14:31:45'),
(338, 189, 1, 9, '3500', '1', '3500', '2010-05-28 01:07:34'),
(339, 73, 2, 2, '1400', '9', '12600', '2021-12-12 05:57:24'),
(340, 457, 1, 10, '2500', '1', '2500', '2013-01-10 09:53:32'),
(341, 527, 1, 1, '2500', '1', '2500', '2012-04-19 23:45:28'),
(342, 429, 3, 4, '1000', '1', '1000', '2015-06-10 22:50:35'),
(343, 158, 4, 2, '400', '8', '3200', '2019-07-02 02:25:11'),
(344, 16, 2, 4, '700', '10', '7000', '2013-11-20 08:14:06'),
(345, 271, 2, 7, '800', '1', '800', '2011-08-23 10:59:34'),
(346, 9, 1, 7, '2000', '1', '2000', '2011-03-11 11:04:57'),
(347, 83, 3, 8, '700', '8', '5600', '2011-01-03 03:57:38'),
(348, 520, 2, 10, '1100', '4', '4400', '2022-06-05 05:03:49'),
(349, 574, 4, 8, '800', '9', '7200', '2015-06-28 04:54:29'),
(350, 411, 1, 7, '2000', '1', '2000', '2010-09-08 04:20:47'),
(351, 579, 2, 9, '200', '1', '200', '2019-11-04 20:09:30'),
(352, 265, 3, 4, '500', '6', '3000', '2015-06-24 09:33:32'),
(353, 224, 2, 3, '400', '5', '2000', '2019-11-04 16:44:19'),
(354, 5, 3, 7, '300', '10', '3000', '2020-01-02 00:25:06'),
(355, 185, 4, 10, '700', '1', '700', '2019-07-30 05:23:10'),
(356, 75, 1, 4, '1200', '1', '1200', '2014-04-12 10:53:46'),
(357, 450, 2, 6, '200', '9', '1800', '2015-08-29 09:08:59'),
(358, 447, 3, 9, '200', '8', '1600', '2015-07-10 23:22:22'),
(359, 215, 2, 5, '1300', '4', '5200', '2011-11-04 21:43:31'),
(360, 298, 4, 8, '1100', '7', '7700', '2019-09-16 12:05:12'),
(361, 351, 1, 4, '1200', '1', '1200', '2017-03-18 17:07:20'),
(362, 147, 1, 4, '1200', '1', '1200', '2023-01-07 23:02:27'),
(363, 161, 3, 6, '100', '4', '400', '2018-08-09 12:39:25'),
(364, 194, 1, 5, '1400', '1', '1400', '2017-06-21 03:21:09'),
(365, 402, 2, 6, '1200', '10', '12000', '2010-08-17 04:48:42'),
(366, 180, 2, 6, '1500', '7', '10500', '2013-03-08 12:28:08'),
(367, 599, 3, 5, '1500', '8', '12000', '2019-12-04 00:24:10'),
(368, 500, 2, 7, '1100', '4', '4400', '2014-05-18 21:02:57'),
(369, 321, 4, 3, '800', '3', '2400', '2020-05-25 12:50:26'),
(370, 145, 4, 9, '400', '8', '3200', '2018-09-03 11:50:54'),
(371, 455, 4, 9, '300', '8', '2400', '2014-10-15 02:17:00'),
(372, 446, 1, 7, '2000', '1', '2000', '2012-03-06 12:40:04'),
(373, 590, 3, 4, '1100', '1', '1100', '2017-12-22 11:34:39'),
(374, 129, 3, 7, '600', '3', '1800', '2021-06-17 19:20:25'),
(375, 587, 2, 5, '1800', '3', '5400', '2017-10-28 14:03:22'),
(376, 484, 2, 4, '400', '2', '800', '2013-11-29 22:42:28'),
(377, 618, 1, 6, '1200', '1', '1200', '2015-02-08 09:47:40'),
(378, 100, 3, 4, '400', '5', '2000', '2010-12-22 03:32:00'),
(379, 438, 3, 6, '1500', '7', '10500', '2020-04-15 04:40:40'),
(380, 264, 3, 10, '700', '1', '700', '2022-10-18 19:59:40'),
(381, 455, 2, 7, '900', '6', '5400', '2016-11-24 16:04:30'),
(382, 362, 3, 5, '1900', '8', '15200', '2014-01-31 13:47:48'),
(383, 323, 2, 7, '1000', '4', '4000', '2013-07-20 00:59:33'),
(384, 401, 4, 8, '1700', '8', '13600', '2021-03-10 16:02:23'),
(385, 328, 2, 1, '500', '5', '2500', '2016-06-08 11:15:30'),
(386, 626, 2, 6, '1400', '5', '7000', '2017-06-14 13:56:00'),
(387, 500, 2, 5, '300', '2', '600', '2018-05-04 16:55:56'),
(388, 21, 4, 6, '1700', '7', '11900', '2012-10-03 13:08:50'),
(389, 111, 3, 9, '700', '2', '1400', '2010-03-24 22:06:09'),
(390, 317, 4, 3, '900', '9', '8100', '2019-11-16 21:31:44'),
(391, 16, 2, 1, '1000', '9', '9000', '2020-10-21 07:53:29'),
(392, 634, 4, 1, '1100', '6', '6600', '2016-12-06 08:59:00'),
(393, 334, 3, 7, '1600', '7', '11200', '2016-11-22 15:56:40'),
(394, 56, 4, 2, '900', '7', '6300', '2012-06-03 20:11:20'),
(395, 324, 1, 2, '2300', '1', '2300', '2021-08-24 17:34:27'),
(396, 297, 3, 10, '1700', '3', '5100', '2010-01-28 12:48:04'),
(397, 36, 3, 3, '1300', '5', '6500', '2012-12-12 16:20:32'),
(398, 165, 3, 8, '1400', '10', '14000', '2021-06-07 00:11:36'),
(399, 488, 4, 4, '900', '3', '2700', '2016-05-06 12:15:37'),
(400, 209, 1, 1, '2500', '1', '2500', '2012-05-01 18:36:05'),
(401, 574, 4, 7, '1700', '8', '13600', '2017-07-29 13:30:51'),
(402, 517, 1, 9, '3500', '1', '3500', '2010-04-21 23:33:28'),
(403, 476, 2, 10, '700', '6', '4200', '2019-10-20 02:56:22'),
(404, 622, 1, 1, '2500', '1', '2500', '2015-09-30 03:33:05'),
(405, 136, 2, 10, '700', '3', '2100', '2014-01-22 18:46:26'),
(406, 391, 3, 1, '400', '1', '400', '2021-07-26 15:16:00'),
(407, 464, 1, 2, '2300', '1', '2300', '2011-07-15 00:08:01'),
(408, 173, 1, 7, '2000', '1', '2000', '2015-01-15 14:54:14'),
(409, 413, 1, 7, '2000', '1', '2000', '2013-07-16 06:33:36'),
(410, 123, 3, 1, '500', '7', '3500', '2021-06-02 11:33:41'),
(411, 342, 1, 5, '1400', '1', '1400', '2022-08-08 23:24:56'),
(412, 370, 4, 3, '1800', '2', '3600', '2021-11-19 17:23:56'),
(413, 292, 1, 10, '2500', '1', '2500', '2014-10-30 08:19:43'),
(414, 342, 4, 2, '1000', '10', '10000', '2010-03-11 14:31:43'),
(415, 276, 4, 2, '1000', '9', '9000', '2015-09-23 02:01:34'),
(416, 602, 4, 10, '500', '8', '4000', '2013-09-07 14:48:09'),
(417, 587, 4, 10, '900', '10', '9000', '2012-02-06 01:29:06'),
(418, 413, 1, 9, '3500', '1', '3500', '2011-02-21 22:08:56'),
(419, 462, 1, 8, '3000', '1', '3000', '2011-07-08 23:58:31'),
(420, 212, 1, 8, '3000', '1', '3000', '2013-06-09 16:18:55'),
(421, 125, 4, 1, '500', '7', '3500', '2010-11-19 05:15:37'),
(422, 273, 3, 10, '600', '2', '1200', '2022-12-07 16:39:31'),
(423, 98, 2, 9, '1800', '8', '14400', '2017-09-08 13:30:48'),
(424, 535, 4, 4, '700', '8', '5600', '2010-11-05 04:02:15'),
(425, 34, 4, 6, '1700', '6', '10200', '2015-08-28 02:54:40'),
(426, 543, 4, 6, '1300', '2', '2600', '2011-07-30 19:03:07'),
(427, 361, 3, 9, '600', '5', '3000', '2013-06-09 21:30:34'),
(428, 476, 3, 4, '1000', '6', '6000', '2021-05-20 15:31:50'),
(429, 424, 3, 10, '1100', '1', '1100', '2020-05-13 17:56:08'),
(430, 142, 3, 1, '1200', '5', '6000', '2018-12-04 19:01:03'),
(431, 474, 1, 9, '3500', '1', '3500', '2011-12-11 07:50:17'),
(432, 51, 4, 7, '1700', '10', '17000', '2016-03-04 11:17:35'),
(433, 392, 4, 7, '600', '8', '4800', '2010-07-06 05:10:49'),
(434, 85, 2, 5, '900', '2', '1800', '2018-11-15 06:05:25'),
(435, 387, 4, 8, '1300', '9', '11700', '2016-10-18 18:32:45'),
(436, 356, 3, 2, '1500', '6', '9000', '2019-09-04 01:19:40'),
(437, 51, 2, 2, '500', '6', '3000', '2019-11-16 08:29:48'),
(438, 462, 1, 1, '2500', '1', '2500', '2013-03-16 12:00:01'),
(439, 233, 1, 7, '2000', '1', '2000', '2021-06-11 01:08:38'),
(440, 10, 2, 5, '400', '7', '2800', '2019-09-03 18:10:12'),
(441, 164, 4, 6, '800', '10', '8000', '2016-09-12 16:21:27'),
(442, 177, 2, 10, '600', '4', '2400', '2020-11-07 22:02:20'),
(443, 618, 1, 1, '2500', '1', '2500', '2022-02-26 10:42:15'),
(444, 100, 1, 3, '2499', '1', '2499', '2017-05-27 20:50:59'),
(445, 78, 1, 4, '1200', '1', '1200', '2013-07-05 12:00:17'),
(446, 418, 1, 9, '3500', '1', '3500', '2016-11-24 18:18:07'),
(447, 232, 2, 6, '1100', '6', '6600', '2017-05-10 02:36:26'),
(448, 41, 2, 9, '1000', '2', '2000', '2017-10-04 10:01:52'),
(449, 108, 3, 6, '1600', '10', '16000', '2016-01-24 10:24:55'),
(450, 21, 2, 9, '1300', '2', '2600', '2016-10-04 10:45:07'),
(451, 97, 3, 2, '2000', '6', '12000', '2010-03-14 02:29:06'),
(452, 210, 4, 4, '500', '4', '2000', '2012-10-27 08:42:30'),
(453, 262, 4, 5, '300', '6', '1800', '2020-01-01 14:56:42'),
(454, 237, 3, 1, '200', '2', '400', '2012-07-27 23:10:53'),
(455, 570, 4, 1, '1400', '8', '11200', '2022-06-13 20:11:37'),
(456, 78, 2, 4, '2000', '1', '2000', '2013-02-27 12:55:12'),
(457, 405, 3, 4, '500', '5', '2500', '2016-03-22 21:28:53'),
(458, 511, 1, 2, '2300', '1', '2300', '2014-06-09 07:05:57'),
(459, 247, 4, 6, '1800', '3', '5400', '2015-01-24 20:17:44'),
(460, 9, 4, 7, '800', '2', '1600', '2017-07-23 17:50:52'),
(461, 629, 4, 6, '900', '3', '2700', '2016-02-27 12:28:18'),
(462, 193, 4, 4, '1600', '2', '3200', '2022-12-31 23:47:48'),
(463, 396, 3, 3, '1700', '1', '1700', '2021-06-09 23:02:28'),
(464, 281, 2, 10, '1100', '6', '6600', '2012-07-10 15:47:09'),
(465, 146, 1, 2, '2300', '1', '2300', '2020-04-04 09:12:09'),
(466, 548, 1, 10, '2500', '1', '2500', '2013-01-27 06:43:31'),
(467, 54, 4, 8, '400', '7', '2800', '2012-06-17 04:58:54'),
(468, 141, 2, 8, '1300', '4', '5200', '2011-06-01 12:37:48'),
(469, 631, 4, 4, '700', '6', '4200', '2011-06-14 01:56:29'),
(470, 114, 4, 6, '200', '10', '2000', '2018-07-03 06:32:21'),
(471, 410, 1, 4, '1200', '1', '1200', '2019-03-31 18:39:03'),
(472, 150, 1, 5, '1400', '1', '1400', '2023-05-13 07:03:15'),
(473, 337, 2, 1, '700', '6', '4200', '2016-09-08 07:36:39'),
(474, 59, 1, 9, '3500', '1', '3500', '2017-12-04 00:44:00'),
(475, 65, 2, 6, '100', '3', '300', '2015-09-11 20:40:39'),
(476, 75, 4, 8, '1600', '4', '6400', '2020-10-14 21:50:29'),
(477, 305, 4, 6, '1600', '8', '12800', '2011-03-31 09:20:52'),
(478, 463, 3, 10, '100', '1', '100', '2018-01-07 04:28:14'),
(479, 192, 3, 3, '1600', '10', '16000', '2017-01-29 06:01:10'),
(480, 628, 3, 8, '400', '5', '2000', '2015-03-21 00:47:28'),
(481, 531, 3, 8, '100', '2', '200', '2016-02-29 12:23:11'),
(482, 369, 4, 6, '1900', '9', '17100', '2018-01-19 11:09:03'),
(483, 39, 1, 4, '1200', '1', '1200', '2014-10-11 19:39:56'),
(484, 173, 4, 4, '1500', '8', '12000', '2021-08-26 17:05:19'),
(485, 492, 4, 5, '700', '2', '1400', '2018-01-28 14:32:17'),
(486, 546, 4, 7, '700', '3', '2100', '2012-07-02 08:03:50'),
(487, 46, 3, 3, '800', '8', '6400', '2020-05-09 14:25:19'),
(488, 545, 2, 3, '1400', '2', '2800', '2017-08-29 04:58:17'),
(489, 601, 1, 9, '3500', '1', '3500', '2010-03-28 15:27:10'),
(490, 51, 1, 4, '1200', '1', '1200', '2013-08-24 02:00:50'),
(491, 108, 1, 3, '2499', '1', '2499', '2014-10-31 03:13:51'),
(492, 343, 2, 6, '1900', '5', '9500', '2019-02-17 13:44:21'),
(493, 395, 4, 9, '1400', '3', '4200', '2011-11-08 03:42:35'),
(494, 438, 1, 8, '3000', '1', '3000', '2012-02-12 11:39:02'),
(495, 256, 4, 2, '1000', '1', '1000', '2012-10-02 22:40:06'),
(496, 203, 4, 1, '800', '6', '4800', '2011-07-22 11:42:07'),
(497, 14, 1, 4, '1200', '1', '1200', '2019-06-22 09:43:31'),
(498, 308, 1, 2, '2300', '1', '2300', '2014-09-01 19:11:49'),
(499, 141, 3, 10, '1400', '2', '2800', '2017-04-23 20:34:57'),
(500, 571, 2, 10, '700', '6', '4200', '2015-12-05 18:37:35'),
(501, 497, 2, 7, '1800', '2', '3600', '2023-01-23 12:13:16'),
(502, 136, 4, 10, '2000', '7', '14000', '2021-05-01 22:29:10'),
(503, 616, 2, 6, '400', '4', '1600', '2016-07-02 18:13:37'),
(504, 441, 3, 8, '1400', '9', '12600', '2019-12-17 10:04:41'),
(505, 466, 1, 8, '3000', '1', '3000', '2019-12-13 18:18:56'),
(506, 427, 2, 6, '1300', '8', '10400', '2011-12-10 04:58:35'),
(507, 317, 4, 4, '200', '3', '600', '2023-02-22 09:40:43'),
(508, 507, 4, 6, '300', '2', '600', '2016-07-12 13:51:54'),
(509, 232, 1, 2, '2300', '1', '2300', '2010-07-07 03:08:42'),
(510, 419, 4, 9, '1300', '2', '2600', '2021-08-09 17:04:48'),
(511, 281, 2, 4, '300', '4', '1200', '2011-07-29 02:48:22'),
(512, 143, 4, 10, '800', '1', '800', '2016-06-10 23:04:53'),
(513, 546, 2, 8, '1500', '9', '13500', '2022-10-17 23:55:23'),
(514, 296, 4, 1, '500', '2', '1000', '2015-09-12 16:13:44'),
(515, 8, 1, 6, '1200', '1', '1200', '2017-05-31 10:21:14'),
(516, 541, 2, 6, '1500', '10', '15000', '2015-10-05 14:22:43'),
(517, 334, 4, 5, '900', '10', '9000', '2018-09-19 16:29:16'),
(518, 357, 2, 4, '1100', '4', '4400', '2023-02-12 13:45:09'),
(519, 333, 1, 7, '2000', '1', '2000', '2012-06-08 14:08:04'),
(520, 405, 1, 7, '2000', '1', '2000', '2016-12-07 04:07:44'),
(521, 369, 3, 5, '1500', '6', '9000', '2016-06-27 10:03:42'),
(522, 395, 4, 5, '100', '1', '100', '2022-12-13 15:15:11'),
(523, 345, 1, 7, '2000', '1', '2000', '2011-03-09 08:35:34'),
(524, 201, 3, 2, '1000', '2', '2000', '2013-10-05 17:55:17'),
(525, 362, 1, 6, '1200', '1', '1200', '2020-06-24 04:42:28'),
(526, 324, 2, 3, '500', '5', '2500', '2015-06-26 11:41:20'),
(527, 566, 2, 8, '1200', '2', '2400', '2011-02-21 18:58:31'),
(528, 54, 3, 5, '1100', '4', '4400', '2016-08-01 04:52:22'),
(529, 487, 2, 4, '800', '7', '5600', '2011-01-29 18:15:03'),
(530, 20, 4, 2, '1000', '10', '10000', '2021-03-17 03:49:26'),
(531, 379, 2, 2, '600', '6', '3600', '2014-06-07 08:18:05'),
(532, 27, 3, 1, '900', '5', '4500', '2022-01-28 01:43:43'),
(533, 337, 2, 6, '2000', '9', '18000', '2019-11-13 00:34:11'),
(534, 79, 3, 4, '1100', '7', '7700', '2015-05-27 06:40:59'),
(535, 176, 2, 4, '700', '6', '4200', '2012-08-28 12:16:05'),
(536, 631, 1, 6, '1200', '1', '1200', '2021-07-11 09:25:15'),
(537, 164, 4, 6, '200', '1', '200', '2015-02-22 08:11:16'),
(538, 601, 4, 8, '200', '10', '2000', '2015-06-20 06:29:20'),
(539, 20, 1, 6, '1200', '1', '1200', '2019-04-04 12:55:59'),
(540, 28, 2, 9, '1400', '9', '12600', '2019-05-01 16:27:13'),
(541, 176, 2, 3, '1400', '6', '8400', '2015-07-01 07:49:25'),
(542, 509, 4, 1, '1700', '2', '3400', '2011-03-22 22:41:04'),
(543, 17, 4, 8, '2000', '1', '2000', '2017-07-28 12:47:44'),
(544, 430, 3, 9, '1700', '9', '15300', '2022-06-15 01:51:37'),
(545, 493, 4, 7, '2000', '10', '20000', '2014-06-12 16:02:04'),
(546, 270, 3, 5, '1300', '10', '13000', '2019-12-06 17:42:43'),
(547, 497, 4, 9, '700', '9', '6300', '2019-03-10 18:10:41'),
(548, 604, 1, 9, '3500', '1', '3500', '2016-10-10 15:46:36'),
(549, 141, 1, 7, '2000', '1', '2000', '2022-01-17 18:48:25'),
(550, 164, 3, 3, '1600', '3', '4800', '2023-02-12 20:11:26'),
(551, 475, 2, 6, '1400', '10', '14000', '2016-11-02 11:25:01'),
(552, 49, 3, 8, '1700', '10', '17000', '2020-01-30 17:37:29'),
(553, 23, 1, 3, '2499', '1', '2499', '2018-01-14 14:35:22'),
(554, 4, 4, 10, '1100', '1', '1100', '2020-09-05 00:42:58'),
(555, 215, 3, 1, '600', '8', '4800', '2018-08-20 14:07:03'),
(556, 504, 1, 5, '1400', '1', '1400', '2015-07-01 03:55:08'),
(557, 436, 3, 2, '2000', '4', '8000', '2013-05-22 18:40:00'),
(558, 353, 1, 3, '2499', '1', '2499', '2010-06-08 15:06:45'),
(559, 385, 4, 5, '200', '8', '1600', '2016-07-27 07:22:44'),
(560, 193, 2, 7, '800', '8', '6400', '2015-09-14 20:39:48'),
(561, 69, 1, 9, '3500', '1', '3500', '2021-09-27 14:19:14'),
(562, 170, 1, 1, '2500', '1', '2500', '2016-09-02 21:28:07'),
(563, 533, 4, 10, '100', '10', '1000', '2018-11-01 10:19:50'),
(564, 247, 3, 1, '1000', '4', '4000', '2018-05-25 16:46:41'),
(565, 157, 4, 7, '300', '7', '2100', '2022-10-09 03:11:13'),
(566, 144, 1, 5, '1400', '1', '1400', '2017-12-07 10:17:19'),
(567, 256, 2, 7, '100', '3', '300', '2022-03-18 18:04:52'),
(568, 274, 3, 2, '400', '5', '2000', '2010-08-27 07:36:17'),
(569, 451, 1, 6, '1200', '1', '1200', '2019-10-20 22:55:18'),
(570, 492, 1, 3, '2499', '1', '2499', '2010-04-22 21:04:01'),
(571, 603, 1, 10, '2500', '1', '2500', '2017-02-26 08:51:01'),
(572, 171, 3, 2, '700', '9', '6300', '2011-08-17 13:28:17'),
(573, 151, 4, 3, '1000', '10', '10000', '2017-05-01 21:25:20'),
(574, 186, 2, 5, '1500', '4', '6000', '2012-08-24 12:39:23'),
(575, 551, 2, 3, '200', '8', '1600', '2020-03-23 02:46:35'),
(576, 502, 2, 8, '400', '6', '2400', '2019-10-02 11:20:33'),
(577, 122, 3, 4, '200', '10', '2000', '2014-11-29 10:25:19'),
(578, 160, 2, 8, '1600', '2', '3200', '2023-01-08 03:47:21'),
(579, 102, 4, 3, '2000', '2', '4000', '2010-10-18 18:55:53'),
(580, 183, 3, 4, '1900', '3', '5700', '2012-08-05 08:25:13'),
(581, 319, 3, 5, '100', '2', '200', '2014-07-21 20:18:43'),
(582, 23, 3, 3, '1200', '4', '4800', '2015-05-16 22:20:26'),
(583, 571, 2, 6, '1500', '6', '9000', '2014-05-04 01:32:49'),
(584, 83, 1, 9, '3500', '1', '3500', '2015-06-03 21:11:45'),
(585, 91, 2, 7, '1000', '10', '10000', '2010-03-30 06:20:26'),
(586, 255, 4, 5, '1600', '6', '9600', '2017-08-25 11:29:53'),
(587, 146, 2, 2, '1600', '8', '12800', '2011-08-22 09:23:49'),
(588, 232, 4, 10, '1000', '3', '3000', '2011-09-03 19:22:34'),
(589, 228, 3, 8, '900', '1', '900', '2016-09-24 01:11:15'),
(590, 513, 3, 10, '700', '3', '2100', '2010-09-26 09:48:14'),
(591, 7, 4, 9, '500', '4', '2000', '2015-10-14 13:24:10'),
(592, 479, 2, 8, '1500', '5', '7500', '2021-05-23 05:50:56'),
(593, 253, 3, 2, '2000', '1', '2000', '2020-10-03 23:48:46'),
(594, 537, 1, 5, '1400', '1', '1400', '2017-11-16 11:27:37'),
(595, 510, 1, 8, '3000', '1', '3000', '2018-08-31 04:42:52'),
(596, 191, 2, 3, '1700', '8', '13600', '2017-12-01 21:37:54'),
(597, 498, 2, 9, '1200', '10', '12000', '2020-11-12 11:12:22'),
(598, 231, 3, 2, '1100', '4', '4400', '2018-06-13 10:47:37'),
(599, 565, 2, 8, '200', '7', '1400', '2022-06-16 12:16:12'),
(600, 362, 2, 6, '2000', '7', '14000', '2018-08-03 15:08:27'),
(601, 228, 4, 1, '1500', '8', '12000', '2016-04-19 11:29:28'),
(602, 79, 2, 4, '2000', '3', '6000', '2015-07-10 18:32:36'),
(603, 94, 3, 10, '100', '4', '400', '2011-03-24 20:36:09'),
(604, 188, 3, 8, '700', '2', '1400', '2012-01-28 10:28:20'),
(605, 360, 3, 3, '1300', '6', '7800', '2013-04-24 09:36:30'),
(606, 268, 3, 1, '1000', '1', '1000', '2018-08-11 15:35:46'),
(607, 552, 2, 7, '1600', '7', '11200', '2017-03-10 17:06:18'),
(608, 127, 2, 3, '1300', '8', '10400', '2016-11-30 23:33:27'),
(609, 73, 4, 2, '900', '3', '2700', '2018-11-26 14:04:46'),
(610, 550, 4, 10, '400', '5', '2000', '2010-12-11 10:59:52'),
(611, 295, 4, 5, '1500', '2', '3000', '2017-07-14 05:10:48'),
(612, 489, 1, 7, '2000', '1', '2000', '2015-09-30 10:51:56'),
(613, 12, 3, 3, '500', '7', '3500', '2015-01-11 23:23:13'),
(614, 314, 3, 5, '700', '8', '5600', '2019-09-04 03:38:00'),
(615, 499, 4, 9, '800', '8', '6400', '2018-02-04 04:05:21'),
(616, 40, 1, 7, '2000', '1', '2000', '2011-03-07 22:38:56'),
(617, 520, 2, 3, '1900', '5', '9500', '2011-07-04 13:21:39'),
(618, 400, 1, 8, '3000', '1', '3000', '2013-07-04 08:48:29'),
(619, 150, 4, 4, '1500', '5', '7500', '2016-01-10 23:57:32'),
(620, 552, 2, 5, '600', '2', '1200', '2017-03-28 02:56:12'),
(621, 340, 4, 10, '1700', '10', '17000', '2016-11-15 08:22:33'),
(622, 440, 4, 6, '1800', '9', '16200', '2020-07-05 03:39:47'),
(623, 435, 3, 5, '1400', '6', '8400', '2019-02-23 22:51:19'),
(624, 632, 2, 7, '900', '9', '8100', '2019-01-29 15:01:16'),
(625, 631, 1, 1, '2500', '1', '2500', '2019-03-18 23:09:58'),
(626, 383, 4, 4, '1800', '2', '3600', '2012-11-02 09:00:03'),
(627, 615, 4, 1, '1300', '8', '10400', '2013-01-15 20:45:02'),
(628, 166, 2, 4, '300', '2', '600', '2014-03-13 06:52:09'),
(629, 216, 1, 4, '1200', '1', '1200', '2014-08-31 13:25:19'),
(630, 246, 1, 1, '2500', '1', '2500', '2014-11-02 05:12:02'),
(631, 29, 4, 9, '800', '6', '4800', '2014-11-19 06:10:38'),
(632, 546, 4, 6, '1300', '5', '6500', '2019-02-25 21:54:45'),
(633, 533, 4, 1, '1600', '4', '6400', '2019-09-09 11:33:51'),
(634, 601, 3, 5, '300', '7', '2100', '2019-11-22 01:18:17'),
(635, 558, 2, 3, '600', '10', '6000', '2015-05-11 10:53:53'),
(636, 416, 1, 4, '1200', '1', '1200', '2014-11-05 00:26:24'),
(637, 509, 1, 6, '1200', '1', '1200', '2021-02-06 21:00:36'),
(638, 413, 3, 6, '900', '2', '1800', '2016-09-13 23:01:26'),
(639, 486, 1, 5, '1400', '1', '1400', '2012-09-17 02:15:41'),
(640, 556, 1, 4, '1200', '1', '1200', '2012-01-21 21:53:55'),
(641, 515, 3, 8, '1000', '8', '8000', '2012-09-19 20:06:40'),
(642, 327, 2, 10, '1800', '9', '16200', '2023-02-13 18:06:15'),
(643, 295, 4, 4, '1400', '4', '5600', '2016-09-06 08:06:36'),
(644, 394, 1, 6, '1200', '1', '1200', '2020-05-12 18:24:38'),
(645, 341, 3, 10, '900', '5', '4500', '2017-09-10 04:54:21'),
(646, 2, 3, 10, '200', '5', '1000', '2011-11-04 05:12:33'),
(647, 569, 1, 8, '3000', '1', '3000', '2019-09-08 05:52:34'),
(648, 334, 2, 8, '400', '3', '1200', '2016-02-10 07:36:54'),
(649, 234, 2, 7, '100', '4', '400', '2016-01-14 11:08:33'),
(650, 49, 4, 7, '1700', '6', '10200', '2014-09-25 11:30:31'),
(651, 140, 3, 9, '300', '4', '1200', '2018-03-05 23:19:18'),
(652, 49, 3, 7, '900', '5', '4500', '2019-04-06 22:19:01'),
(653, 110, 3, 2, '1400', '5', '7000', '2016-06-03 17:58:26'),
(654, 20, 4, 5, '1300', '3', '3900', '2018-05-02 20:19:08'),
(655, 445, 1, 5, '1400', '1', '1400', '2013-07-17 23:15:42'),
(656, 322, 2, 4, '700', '8', '5600', '2015-12-13 14:27:57'),
(657, 66, 1, 1, '2500', '1', '2500', '2021-06-15 04:06:03'),
(658, 276, 4, 10, '1900', '9', '17100', '2011-12-19 23:53:16'),
(659, 153, 1, 2, '2300', '1', '2300', '2023-05-18 19:03:07');

-- --------------------------------------------------------

--
-- Table structure for table `order_detail`
--

CREATE TABLE `order_detail` (
  `sid` int(255) NOT NULL,
  `order_sid` int(255) NOT NULL,
  `member_sid` int(255) NOT NULL,
  `prduct_type_sid` int(255) NOT NULL,
  `item_sid` varchar(255) NOT NULL,
  `price` int(255) NOT NULL,
  `quantity` int(255) NOT NULL,
  `amount` varchar(255) NOT NULL
) ENGINE=InnoDB DEFAULT CHARSET=utf8mb4;

--
-- Dumping data for table `order_detail`
--

INSERT INTO `order_detail` (`sid`, `order_sid`, `member_sid`, `prduct_type_sid`, `item_sid`, `price`, `quantity`, `amount`) VALUES
(1, 11, 538, 1, '7', 2000, 1, '2000');

-- --------------------------------------------------------

--
-- Table structure for table `order_main`
--

CREATE TABLE `order_main` (
  `sid` int(11) NOT NULL,
  `member_sid` int(11) NOT NULL,
  `member_coupon_relation_sid` int(11) DEFAULT NULL,
  `amount` int(11) NOT NULL,
  `buy_time` datetime NOT NULL,
  `pay_time` datetime DEFAULT NULL,
  `method_sid` int(11) NOT NULL,
  `payment` int(1) DEFAULT NULL
) ENGINE=InnoDB DEFAULT CHARSET=utf8mb4;

--
-- Dumping data for table `order_main`
--

INSERT INTO `order_main` (`sid`, `member_sid`, `member_coupon_relation_sid`, `amount`, `buy_time`, `pay_time`, `method_sid`, `payment`) VALUES
(11, 538, NULL, 2000, '2020-12-31 11:08:04', NULL, 4, 0),
(12, 359, NULL, 2499, '2014-01-06 07:06:02', '2014-01-06 21:49:02', 4, 1),
(13, 70, NULL, 2000, '2016-03-13 10:49:40', '2016-03-13 20:03:37', 4, 1),
(14, 461, NULL, 1600, '2019-02-08 06:29:47', NULL, 4, 0),
(15, 364, NULL, 14400, '2011-05-04 02:43:20', '2011-05-06 18:19:21', 1, 1),
(16, 427, NULL, 3000, '2013-09-21 08:22:56', NULL, 1, 0),
(17, 471, NULL, 1400, '2017-06-15 18:02:11', NULL, 3, 0),
(18, 372, NULL, 11900, '2012-03-14 08:55:12', '2012-03-16 07:37:20', 3, 1),
(19, 104, NULL, 3000, '2015-03-12 11:38:04', NULL, 1, 0),
(20, 111, NULL, 2499, '2011-03-20 23:10:35', NULL, 4, 0),
(21, 179, NULL, 9000, '2014-09-29 03:49:54', NULL, 2, 0),
(22, 426, NULL, 1200, '2015-08-10 12:58:57', NULL, 4, 0),
(23, 97, NULL, 1400, '2010-05-23 21:22:15', '2010-05-24 09:34:01', 5, 1),
(24, 100, NULL, 6000, '2018-07-22 09:15:09', NULL, 5, 0),
(25, 145, NULL, 9600, '2015-08-01 18:00:31', '2015-08-04 10:37:32', 4, 1),
(26, 317, NULL, 2499, '2023-03-26 18:21:31', NULL, 5, 0),
(27, 23, NULL, 9600, '2011-05-19 02:54:44', '2011-05-20 13:26:49', 3, 1),
(28, 20, NULL, 6000, '2010-12-01 15:38:19', '2010-12-03 02:35:28', 4, 1),
(29, 225, NULL, 500, '2014-05-19 23:07:09', '2014-05-22 06:43:32', 3, 1),
(30, 153, NULL, 12600, '2018-07-05 22:43:12', '2018-07-08 20:20:14', 1, 1),
(31, 346, NULL, 1400, '2018-10-05 01:30:10', NULL, 3, 0),
(32, 502, NULL, 7200, '2013-01-16 17:48:28', NULL, 3, 0),
(33, 92, NULL, 2500, '2023-05-01 16:39:59', NULL, 5, 0),
(34, 54, NULL, 4000, '2021-09-22 07:37:12', NULL, 3, 0),
(35, 366, NULL, 2800, '2016-12-18 10:43:10', NULL, 4, 0),
(36, 498, NULL, 12800, '2012-08-30 22:26:04', '2012-08-31 04:57:36', 4, 1),
(37, 481, NULL, 9000, '2012-12-19 14:57:41', NULL, 2, 0),
(38, 329, NULL, 600, '2019-12-03 18:36:47', NULL, 4, 0),
(39, 164, NULL, 3800, '2010-10-23 17:51:14', NULL, 5, 0),
(40, 358, NULL, 3200, '2019-01-16 06:59:10', '2019-01-17 00:35:28', 5, 1),
(41, 77, NULL, 1200, '2012-01-16 15:01:59', NULL, 1, 0),
(42, 597, NULL, 3600, '2013-11-14 02:11:05', '2013-11-15 02:27:43', 4, 1),
(43, 128, NULL, 11700, '2011-08-21 12:35:47', NULL, 3, 0),
(44, 262, NULL, 600, '2017-10-30 16:50:11', NULL, 4, 0),
(45, 268, NULL, 2000, '2020-06-17 12:47:35', '2020-06-18 11:21:45', 2, 1),
(46, 10, NULL, 17100, '2011-02-15 16:54:50', '2011-02-16 00:27:59', 4, 1),
(47, 570, NULL, 3000, '2020-05-20 04:12:58', NULL, 3, 0),
(48, 171, NULL, 2000, '2012-03-30 18:09:26', NULL, 4, 0),
(49, 384, NULL, 5400, '2018-07-04 16:18:44', NULL, 1, 0),
(50, 582, NULL, 3300, '2018-04-21 11:43:08', '2018-04-23 18:45:04', 2, 1),
(51, 304, NULL, 2800, '2018-08-27 11:42:06', NULL, 5, 0),
(52, 162, NULL, 18000, '2019-01-29 00:30:28', NULL, 3, 0),
(53, 70, NULL, 2100, '2011-03-16 09:37:16', '2011-03-18 07:44:05', 1, 1),
(54, 542, NULL, 2700, '2010-02-28 17:07:43', '2010-03-03 01:08:41', 1, 1),
(55, 83, NULL, 1000, '2016-02-19 19:37:18', '2016-02-22 09:49:30', 3, 1),
(56, 118, NULL, 2499, '2013-03-12 03:22:05', NULL, 4, 0),
(57, 478, NULL, 2100, '2010-10-01 17:17:29', NULL, 4, 0),
(58, 190, NULL, 7000, '2022-05-12 12:40:26', '2022-05-13 00:24:41', 2, 1),
(59, 418, NULL, 2400, '2015-05-14 11:20:46', '2015-05-17 07:16:23', 5, 1),
(60, 134, NULL, 10000, '2013-01-19 19:21:39', '2013-01-22 14:18:59', 1, 1),
(61, 347, NULL, 9000, '2014-07-20 06:42:32', '2014-07-21 13:59:36', 1, 1),
(62, 112, NULL, 2000, '2013-11-29 02:48:49', NULL, 1, 0),
(63, 212, NULL, 4000, '2013-10-01 10:54:27', '2013-10-03 15:20:16', 2, 1),
(64, 171, NULL, 1500, '2016-10-02 09:22:14', '2016-10-04 13:20:07', 3, 1),
(65, 373, NULL, 3500, '2022-01-31 06:58:19', '2022-02-01 18:03:10', 2, 1),
(66, 241, NULL, 300, '2014-06-29 09:05:23', '2014-06-30 23:36:50', 3, 1),
(67, 425, NULL, 4000, '2015-10-22 12:00:12', '2015-10-24 22:45:59', 3, 1),
(68, 552, NULL, 2000, '2013-05-15 21:44:13', '2013-05-17 17:37:32', 1, 1),
(69, 246, NULL, 2800, '2020-07-07 00:50:19', NULL, 3, 0),
(70, 577, NULL, 13000, '2020-09-15 20:43:06', NULL, 2, 0),
(71, 100, NULL, 8800, '2015-08-19 14:40:59', NULL, 5, 0),
(72, 355, NULL, 2300, '2010-02-08 10:55:53', '2010-02-10 10:50:14', 5, 1),
(73, 228, NULL, 4800, '2011-04-03 13:55:11', '2011-04-04 13:58:16', 1, 1),
(74, 599, NULL, 600, '2017-06-04 12:23:33', '2017-06-07 07:54:19', 2, 1),
(75, 58, NULL, 3600, '2012-09-10 10:03:55', '2012-09-11 07:47:48', 4, 1),
(76, 167, NULL, 6300, '2023-02-12 01:02:04', '2023-02-12 15:02:37', 5, 1),
(77, 82, NULL, 14000, '2022-10-15 16:44:59', '2022-10-16 16:16:44', 4, 1),
(78, 556, NULL, 2400, '2016-11-10 15:05:38', '2016-11-13 15:01:50', 5, 1),
(79, 169, NULL, 16200, '2010-02-03 08:03:20', NULL, 4, 0),
(80, 28, NULL, 6800, '2015-09-10 02:48:27', NULL, 5, 0);

-- --------------------------------------------------------

--
-- Table structure for table `order_method`
--

CREATE TABLE `order_method` (
  `sid` int(11) NOT NULL,
  `Method` varchar(255) NOT NULL
) ENGINE=InnoDB DEFAULT CHARSET=utf8mb4;

--
-- Dumping data for table `order_method`
--

INSERT INTO `order_method` (`sid`, `Method`) VALUES
(1, 'ATM'),
(2, 'LinePay'),
(3, 'ApplePay'),
(4, 'CreditCards'),
(5, 'CashOnDelivery');

-- --------------------------------------------------------

--
-- Table structure for table `order_payment`
--

CREATE TABLE `order_payment` (
  `sid` int(11) NOT NULL,
  `payment` varchar(20) NOT NULL
) ENGINE=InnoDB DEFAULT CHARSET=utf8;

--
-- Dumping data for table `order_payment`
--

INSERT INTO `order_payment` (`sid`, `payment`) VALUES
(1, 'finished');

-- --------------------------------------------------------

--
-- Table structure for table `order_product_type`
--

CREATE TABLE `order_product_type` (
  `sid` int(11) NOT NULL,
  `product_type` varchar(255) NOT NULL
) ENGINE=InnoDB DEFAULT CHARSET=utf8;

--
-- Dumping data for table `order_product_type`
--

INSERT INTO `order_product_type` (`sid`, `product_type`) VALUES
(1, '課程(1)'),
(2, '衣服(2)'),
(3, '設備(3)'),
(4, '食品(4)');

--
-- Indexes for dumped tables
--

--
-- Indexes for table `order_cart`
--
ALTER TABLE `order_cart`
  ADD PRIMARY KEY (`sid`),
  ADD KEY `products_type_sid` (`products_type_sid`);

--
-- Indexes for table `order_detail`
--
ALTER TABLE `order_detail`
  ADD PRIMARY KEY (`sid`),
  ADD KEY `order_sid` (`order_sid`),
  ADD KEY `prduct_type_sid` (`prduct_type_sid`);

--
-- Indexes for table `order_main`
--
ALTER TABLE `order_main`
  ADD PRIMARY KEY (`sid`),
  ADD KEY `method_sid` (`method_sid`),
  ADD KEY `payment` (`payment`);

--
-- Indexes for table `order_method`
--
ALTER TABLE `order_method`
  ADD PRIMARY KEY (`sid`);

--
-- Indexes for table `order_payment`
--
ALTER TABLE `order_payment`
  ADD PRIMARY KEY (`sid`);

--
-- Indexes for table `order_product_type`
--
ALTER TABLE `order_product_type`
  ADD PRIMARY KEY (`sid`);

--
-- AUTO_INCREMENT for dumped tables
--

--
-- AUTO_INCREMENT for table `order_cart`
--
ALTER TABLE `order_cart`
  MODIFY `sid` int(11) NOT NULL AUTO_INCREMENT, AUTO_INCREMENT=675;

--
-- AUTO_INCREMENT for table `order_detail`
--
ALTER TABLE `order_detail`
  MODIFY `sid` int(255) NOT NULL AUTO_INCREMENT, AUTO_INCREMENT=2;

--
-- AUTO_INCREMENT for table `order_main`
--
ALTER TABLE `order_main`
  MODIFY `sid` int(11) NOT NULL AUTO_INCREMENT, AUTO_INCREMENT=81;

--
-- AUTO_INCREMENT for table `order_method`
--
ALTER TABLE `order_method`
  MODIFY `sid` int(11) NOT NULL AUTO_INCREMENT, AUTO_INCREMENT=6;

--
-- AUTO_INCREMENT for table `order_payment`
--
ALTER TABLE `order_payment`
  MODIFY `sid` int(11) NOT NULL AUTO_INCREMENT, AUTO_INCREMENT=2;

--
-- AUTO_INCREMENT for table `order_product_type`
--
ALTER TABLE `order_product_type`
  MODIFY `sid` int(11) NOT NULL AUTO_INCREMENT, AUTO_INCREMENT=5;

--
-- Constraints for dumped tables
--

--
-- Constraints for table `order_cart`
--
ALTER TABLE `order_cart`
  ADD CONSTRAINT `order_cart_ibfk_1` FOREIGN KEY (`products_type_sid`) REFERENCES `order_product_type` (`sid`);

--
-- Constraints for table `order_detail`
--
ALTER TABLE `order_detail`
  ADD CONSTRAINT `order_detail_ibfk_1` FOREIGN KEY (`order_sid`) REFERENCES `order_main` (`sid`),
  ADD CONSTRAINT `order_detail_ibfk_2` FOREIGN KEY (`prduct_type_sid`) REFERENCES `order_product_type` (`sid`);
COMMIT;

/*!40101 SET CHARACTER_SET_CLIENT=@OLD_CHARACTER_SET_CLIENT */;
/*!40101 SET CHARACTER_SET_RESULTS=@OLD_CHARACTER_SET_RESULTS */;
/*!40101 SET COLLATION_CONNECTION=@OLD_COLLATION_CONNECTION */;
